TreeID,1.0,2.0,3.0,4.0
0040-00002-1,51.6,47.8,51.562,53.594
0040-00002-12,63.0,66.2,67.818,68.58
0040-00002-14,65.5,68.4,73.152,75.184
0040-00002-16,23.9,24.2,24.892,23.622
0040-00002-18,59.4,62.8,65.024,67.056
0040-00002-19,35.3,36.9,38.1,38.608
0040-00002-20,36.8,37.3,39.116,39.878
0040-00002-3,51.1,52.2,56.134,58.42
0040-00002-4,41.4,44.1,46.736,
0040-00002-5,28.7,29.0,29.464,29.718
0040-00002-8,42.9,44.2,45.974,
0040-00002-9,42.2,44.6,49.276,51.308
0040-00003-1,21.3,22.2,22.86,23.368
0040-00003-101,59.4,63.8,,
0040-00003-17,15.0,16.7,18.288,19.304
0040-00003-18,16.5,17.8,19.05,
0040-00003-2,75.4,81.8,91.694,92.71
0040-00003-22,16.7,18.542,,
0040-00003-25,17.0,19.812,,
0040-00003-3,28.2,28.5,28.702,28.956
0040-00003-4,19.6,20.8,22.098,22.098
0040-00003-6,61.7,64.5,68.58,68.326
0040-00003-7,65.3,69.6,75.184,75.692
0040-00003-8,83.6,87.9,92.71,94.742
0040-00003-9,49.3,53.9,60.452,62.23
0040-00005-11,33.8,35.3,37.338,38.1
0040-00005-12,40.6,43.4,46.482,48.006
0040-00005-13,19.8,20.1,,
0040-00005-14,24.6,24.4,24.13,24.13
0040-00005-15,41.9,41.3,,
0040-00005-16,41.7,44.8,47.752,49.53
0040-00005-17,70.1,74.7,80.01,81.534
0040-00005-19,22.4,22.6,22.86,
0040-00005-2,41.1,41.7,40.894,40.894
0040-00005-21,18.3,18.8,19.304,19.812
0040-00005-23,15.5,15.1,15.494,15.748
0040-00005-24,36.6,37.2,37.338,37.338
0040-00005-25,52.3,53.4,55.626,55.626
0040-00005-3,48.5,53.8,58.928,61.468
0040-00005-30,55.6,57.8,59.944,60.706
0040-00005-31,35.1,38.1,41.148,42.672
0040-00005-32,20.6,21.7,22.098,22.098
0040-00005-5,82.6,85.9,90.932,91.44
0040-00005-6,18.5,19.2,19.812,20.32
0040-00005-7,18.8,19.2,19.05,
0040-00005-9,22.6,23.3,24.892,25.654
0040-00007-1,34.3,36.7,36.576,
0040-00007-10,27.4,29.9,32.766,33.528
0040-00007-11,34.5,38.7,42.672,44.196
0040-00007-12,44.7,47.4,50.038,51.054
0040-00007-13,20.3,24.0,27.178,28.194
0040-00007-14,17.8,18.7,19.812,
0040-00007-15,18.8,20.8,20.574,23.876
0040-00007-17,22.1,24.0,26.67,27.432
0040-00007-19,19.1,20.2,21.336,21.844
0040-00007-2,49.5,51.2,53.086,53.34
0040-00007-20,17.3,15.3,15.748,16.764
0040-00007-22,22.4,24.4,25.908,26.67
0040-00007-3,77.7,79.7,82.296,83.566
0040-00007-37,15.3,16.51,17.018,
0040-00007-4,20.8,20.8,20.574,
0040-00007-40,15.5,19.0,20.828,21.59
0040-00007-5,31.0,31.5,32.258,32.258
0040-00007-6,25.4,25.8,26.162,25.654
0040-00007-7,32.8,33.4,34.29,34.29
0040-00007-8,21.3,21.7,21.844,21.336
0040-00007-9,26.4,26.4,26.67,26.416
0040-00012-1,61.7,62.9,63.5,
0040-00012-10,25.1,25.9,26.416,26.416
0040-00012-11,39.4,40.3,41.402,41.402
0040-00012-13,16.8,17.0,17.272,17.272
0040-00012-14,19.8,20.2,20.574,20.574
0040-00012-15,22.1,22.6,23.368,23.368
0040-00012-16,24.1,23.9,25.654,25.654
0040-00012-18,28.2,29.8,32.004,32.004
0040-00012-20,28.2,28.4,,
0040-00012-22,24.1,24.8,24.892,25.4
0040-00012-23,17.8,18.0,19.05,19.304
0040-00012-24,22.9,23.5,24.638,25.146
0040-00012-26,15.7,17.2,17.526,17.526
0040-00012-27,20.8,20.1,,
0040-00012-28,17.5,18.4,18.542,18.542
0040-00012-3,27.2,30.0,33.02,34.544
0040-00012-30,18.3,19.2,20.828,21.336
0040-00012-32,15.5,16.8,17.78,18.288
0040-00012-4,59.9,61.9,63.246,62.992
0040-00012-43,25.908,26.416,,
0040-00012-5,32.0,33.7,35.56,36.322
0040-00012-6,45.5,48.2,50.546,51.308
0040-00012-7,62.0,61.0,62.23,62.23
0040-00012-8,44.5,48.3,52.07,53.086
0040-00012-9,46.2,52.2,59.436,64.516
0040-00101-1,18.8,19.0,19.558,20.066
0040-00101-10,15.5,16.0,16.256,
0040-00101-11,15.5,16.256,,
0040-00101-13,20.6,22.0,24.384,24.638
0040-00101-14,16.0,16.7,17.272,
0040-00101-15,23.9,23.3,28.194,28.194
0040-00101-17,17.3,19.3,21.336,21.336
0040-00101-18,44.5,45.8,47.752,48.768
0040-00101-19,21.1,22.2,23.368,24.384
0040-00101-2,31.5,32.6,34.036,34.036
0040-00101-20,15.8,17.272,,
0040-00101-23,34.6,38.354,39.878,
0040-00101-25,23.3,24.638,24.892,
0040-00101-3,63.5,64.2,66.548,66.548
0040-00101-4,48.3,49.7,52.832,54.61
0040-00101-5,29.0,34.3,30.226,30.48
0040-00101-6,47.5,48.26,50.292,
0040-00101-7,87.9,89.1,90.932,91.948
0040-00101-9,55.4,57.1,60.706,60.198
0040-00103-1,56.6,60.452,59.69,
0040-00103-10,40.6,43.1,46.482,48.26
0040-00103-11,15.0,16.1,17.018,17.272
0040-00103-12,18.5,19.2,22.098,22.098
0040-00103-13,33.5,36.1,39.37,40.64
0040-00103-14,22.4,25.6603076923077,29.464,29.464
0040-00103-15,19.4875789473684,20.0503157894737,20.5192631578947,21.082
0040-00103-18,21.1,22.8,24.638,25.908
0040-00103-2,95.3,101.1,105.41,105.664
0040-00103-20,68.6,71.6,74.168,76.2
0040-00103-21,30.7,31.4,31.242,31.242
0040-00103-22,76.7,79.7,84.582,85.852
0040-00103-24,15.2,16.256,18.034,
0040-00103-25,32.3,34.4,36.322,37.592
0040-00103-3,30.7,33.4,35.052,35.56
0040-00103-4,85.3,88.8,92.964,94.234
0040-00103-6,15.7,22.606,23.622,
0040-00103-9,18.8,20.9,16.256,16.764
0040-00104-1,20.8,20.8,20.828,21.59
0040-00104-10,28.7,29.7,30.734,30.734
0040-00104-11,67.1,70.5,75.438,76.454
0040-00104-13,52.1,51.9,51.562,52.07
0040-00104-14,29.7,24.4,25.654,25.654
0040-00104-18,35.3,37.6,40.64,39.878
0040-00104-19,50.3,55.9,62.23,65.532
0040-00104-2,20.9,21.6,22.098,22.352
0040-00104-20,35.8,39.1,42.672,41.656
0040-00104-21,20.3,20.9,20.828,20.828
0040-00104-22,27.7,28.1,28.956,28.448
0040-00104-23,15.7,16.3,17.272,17.272
0040-00104-25,29.2,24.5,,
0040-00104-5,99.8,104.9,109.22,114.046
0040-00104-7,36.6,38.9,40.386,41.91
0040-00104-8,47.2,51.816,52.324,
0040-00104-9,71.6,75.5,80.01,81.788
0040-00105-1,94.0,101.9,113.538,116.332
0040-00105-10,18.8,21.0,24.384,25.4
0040-00105-11,64.8,66.2,70.104,70.104
0040-00105-12,22.6,23.0,22.86,
0040-00105-13,42.9,45.8,46.228,46.228
0040-00105-14,35.1,36.4,38.1,37.592
0040-00105-15,47.2,48.7,49.784,
0040-00105-16,51.3,59.1,63.246,63.5
0040-00105-18,80.5,84.4,89.916,91.694
0040-00105-19,36.6,41.148,41.402,
0040-00105-2,48.3,51.1,54.61,53.594
0040-00105-20,34.0,35.3,38.1,38.862
0040-00105-22,70.1,69.7,,
0040-00105-26,54.4,57.7,60.198,61.214
0040-00105-27,15.24,17.272,,
0040-00105-3,26.7,27.2,27.94,28.194
0040-00105-4,27.2,28.0,28.956,28.956
0040-00105-5,32.5,35.7,37.338,37.846
0040-00105-6,41.4,43.1,44.958,45.212
0040-00105-7,16.0,15.9,,
0040-00105-8,73.4,76.3,80.772,82.804
0040-00105-9,59.2,61.3,63.5,
0040-00106-1,21.6,24.5,27.178,27.94
0040-00106-10,53.8,59.4,64.516,66.802
0040-00106-11,26.2,27.94,,
0040-00106-12,18.5,21.0,23.368,
0040-00106-13,15.0,15.7,16.256,16.256
0040-00106-14,47.0,49.0,49.53,
0040-00106-15,15.7,16.7,17.78,18.542
0040-00106-16,20.6,21.7,22.352,22.86
0040-00106-18,29.2,30.8,32.258,33.528
0040-00106-19,32.8,35.5,38.354,39.878
0040-00106-2,19.1,19.5,20.32,20.32
0040-00106-20,82.3,87.6,91.694,93.726
0040-00106-21,15.5,17.272,18.034,
0040-00106-3,54.4,60.1,66.294,68.072
0040-00106-5,32.0,36.1,40.386,41.402
0040-00106-7,15.7,18.2,20.066,21.082
0040-00106-8,32.8,37.3,41.148,42.926
0040-00106-9,59.7,65.3,70.866,72.644
0040-00107-1,18.0,16.7,,
0040-00107-10,22.6,25.3,27.686,27.94
0040-00107-11,22.6,24.3,26.162,27.686
0040-00107-12,56.6,61.3,66.294,66.294
0040-00107-15,19.1,20.4,,
0040-00107-16,33.5,38.4,41.402,42.164
0040-00107-17,31.5,32.2,34.29,34.29
0040-00107-18,56.1,60.6,66.802,69.088
0040-00107-2,16.3,17.7,,
0040-00107-21,45.7,50.3,53.848,55.88
0040-00107-22,49.3,53.5,58.166,
0040-00107-23,16.0,17.0,18.034,18.542
0040-00107-25,22.9,26.1,28.194,30.734
0040-00107-26,30.5,33.5,36.322,36.068
0040-00107-27,36.3,40.5,44.958,
0040-00107-28,31.0,30.7,30.48,
0040-00107-29,25.1,26.2,,
0040-00107-30,28.2,29.7,32.766,33.274
0040-00107-5,54.1,58.4,62.992,64.77
0040-00107-8,16.3,17.0,,
0040-00107-9,22.9,23.6,23.876,
0040-00108-10,15.8,16.51,16.51,
0040-00108-11,15.7,17.1,18.288,18.542
0040-00108-12,58.2,62.4,66.548,68.326
0040-00108-13,47.0,49.7,54.102,54.864
0040-00108-14,50.3,52.8,56.896,56.896
0040-00108-3,25.9,30.6,34.29,36.576
0040-00108-4,15.748,15.748,,
0040-00108-6,15.24,16.002,,
0040-00108-7,15.9,17.272,17.78,
0040-00108-8,16.1,17.272,,
0040-00108-9,16.0,17.018,17.018,
0040-00109-1,16.3,16.5,17.018,16.764
0040-00109-10,43.4,45.3,46.482,46.736
0040-00109-11,33.3,34.6947692307692,36.322,36.322
0040-00109-12,32.0,32.9,34.036,34.29
0040-00109-13,26.2,26.6,26.924,27.686
0040-00109-17,28.4,29.5,29.718,29.718
0040-00109-18,77.5,86.9,91.948,93.726
0040-00109-19,27.7,28.4,,
0040-00109-2,15.5,15.4,15.748,
0040-00109-4,21.6,21.5,21.336,21.336
0040-00109-5,17.0,17.8,18.288,18.796
0040-00109-6,79.5,84.2,88.9,89.408
0040-00109-7,102.1,105.3,109.474,111.252
0040-00109-8,79.0,85.1,89.154,90.932
0040-00109-9,73.2,77.8,81.534,83.566
0040-00110-12,27.4,27.0,,
0040-00110-13,16.5,16.2,16.002,16.51
0040-00110-14,16.5,15.8,,
0040-00110-15,17.5,16.5,16.764,16.764
0040-00110-2,81.3,84.5,88.138,90.678
0040-00110-20,22.9,22.6,22.606,22.86
0040-00110-21,29.2,29.6,30.48,29.972
0040-00110-22,15.7,16.3,16.256,
0040-00110-24,17.0,17.6,17.272,17.526
0040-00110-26,83.6,91.1,96.012,99.314
0040-00110-27,61.0,67.7,70.612,71.882
0040-00110-28,91.2,95.2,99.314,101.854
0040-00110-29,19.8,18.7,19.812,
0040-00110-3,63.0,66.1,69.85,71.374
0040-00110-30,19.8,19.5,19.558,19.304
0040-00110-31,22.4,22.5,23.114,23.114
0040-00110-32,22.1,23.1,23.368,23.368
0040-00110-34,16.8,18.1,20.828,18.034
0040-00110-36,17.5,18.1,17.78,18.288
0040-00110-37,15.4,15.494,15.494,
0040-00110-42,133.6,139.6,143.51,146.05
0040-00110-43,16.5,17.4,17.78,17.78
0040-00110-5,31.2,32.1,38.862,
0040-00110-6,25.7,26.1,26.416,
0040-00110-8,23.1,23.2,22.86,
0040-00110-9,20.1,19.9,19.812,20.32
0040-00111-1,75.4,81.1,84.836,86.36
0040-00111-10,61.5,64.6,70.612,72.136
0040-00111-11,19.3,20.4,21.336,21.844
0040-00111-12,16.3,16.1,16.256,16.256
0040-00111-14,17.8,18.0,18.542,18.542
0040-00111-17,17.5,17.3,17.78,17.78
0040-00111-2,56.1,56.3,56.388,55.88
0040-00111-21,20.1,20.0,20.574,20.828
0040-00111-3,30.5,32.2,36.068,37.084
0040-00111-4,44.7,44.5,44.958,44.45
0040-00111-5,83.3,84.6,89.408,88.138
0040-00111-7,32.0,32.2,32.766,32.512
0040-00111-8,48.0,49.1,51.308,50.038
0040-00111-9,56.9,59.4,62.23,63.246
0040-00112-1,15.0,15.3,15.24,
0040-00112-10,18.0,19.1,19.812,20.32
0040-00112-11,49.5,56.3,,
0040-00112-12,35.8,36.4,36.322,36.322
0040-00112-3,60.2,67.4,75.438,77.216
0040-00112-4,65.3,67.7,71.12,72.39
0040-00112-5,53.1,57.5,59.69,60.706
0040-00112-7,76.7,80.9,83.566,84.328
0040-00112-8,31.2,35.3,37.846,38.354
0040-00113-1,19.3,19.2,18.542,
0040-00113-10,58.4,64.1,69.85,71.628
0040-00113-12,69.3,71.8,74.422,75.692
0040-00113-13,53.8,57.2,60.452,62.23
0040-00113-14,52.8,56.7,62.484,64.77
0040-00113-15,29.2,29.1,29.21,29.21
0040-00113-16,46.0,47.9,52.578,52.578
0040-00113-17,30.0,31.1,31.496,32.258
0040-00113-18,23.4,23.6,,
0040-00113-19,61.2,62.6,59.69,
0040-00113-2,72.9,76.8,81.28,84.074
0040-00113-20,51.6,54.7,59.436,60.452
0040-00113-3,18.5,19.1,,
0040-00113-4,43.2,45.0,47.752,48.768
0040-00113-5,86.9,88.5,90.424,90.424
0040-00113-6,30.2,32.1,33.782,34.544
0040-00113-7,39.9,41.0,42.164,41.91
0040-00113-8,46.5,46.6,46.99,46.482
0040-00114-10,39.4,41.0,42.672,42.672
0040-00114-11,54.9,58.4,62.992,65.278
0040-00114-12,66.0,69.4,72.644,74.422
0040-00114-15,33.5,37.4,38.608,38.608
0040-00114-17,78.9,82.296,83.566,
0040-00114-2,15.2,19.2,21.844,24.13
0040-00114-3,46.0,50.6,54.864,56.896
0040-00114-4,24.4,26.0,28.702,28.448
0040-00114-5,32.0,34.6,36.83,38.1
0040-00114-6,29.5,31.4,33.782,
0040-00114-7,21.6,21.4,22.606,22.098
0040-00114-8,15.1,17.272,17.78,
0040-00115-1,15.2,17.9,19.812,20.828
0040-00115-10,25.1,26.5,26.924,27.178
0040-00115-11,45.7,49.1,52.07,48.768
0040-00115-12,46.5,54.0,55.372,54.864
0040-00115-13,19.3,21.9,23.368,24.638
0040-00115-15,30.0,33.0,34.29,31.75
0040-00115-16,24.1,24.3,24.384,
0040-00115-17,24.4,26.9,26.162,25.908
0040-00115-18,31.8,32.8,34.036,33.02
0040-00115-19,28.7,29.9,30.734,29.21
0040-00115-2,30.2,31.1,31.496,31.496
0040-00115-20,63.5,67.6,69.342,69.596
0040-00115-3,29.5,30.4,31.496,31.496
0040-00115-4,15.5,16.2,16.51,16.51
0040-00115-5,15.7,16.3,16.51,16.002
0040-00115-6,62.7,68.4,73.914,76.962
0040-00115-7,29.2,33.8,38.862,39.878
0040-00115-8,31.8,34.4,37.084,37.338
0040-00115-9,61.5,64.8,67.31,
0040-00116-1,17.3,19.2,21.336,21.844
0040-00116-10,55.9,57.8,61.722,63.246
0040-00116-11,20.3,21.2,21.844,22.86
0040-00116-12,38.4,40.3,41.402,41.656
0040-00116-13,31.8,33.7,34.036,33.02
0040-00116-14,31.5,35.1,36.83,37.084
0040-00116-15,37.3,39.3,42.418,43.18
0040-00116-16,29.2,31.6,33.02,
0040-00116-19,50.0,53.0,55.626,58.166
0040-00116-2,39.4,41.5,44.45,44.958
0040-00116-20,34.5,38.6,41.91,44.45
0040-00116-21,32.8,33.6,35.306,35.052
0040-00116-23,37.6,38.2,39.37,39.37
0040-00116-24,39.1,39.7,40.386,41.402
0040-00116-26,37.8,37.6,38.862,39.116
0040-00116-27,32.3,32.2,33.528,32.512
0040-00116-28,27.4,31.2,35.306,37.592
0040-00116-8,23.6,24.3,25.4,
0040-00116-9,49.0,46.9,47.244,47.752
0060-00021-1,48.0,51.1,54.102,55.626
0060-00021-11,80.8,83.5,85.344,85.598
0060-00021-13,25.4,28.5,27.94,
0060-00021-14,43.9,46.3,45.72,46.228
0060-00021-19,21.3,22.5,,
0060-00021-2,44.5,47.8,52.07,53.848
0060-00021-35,16.3,17.1,,
0060-00021-4,44.2,42.6,,
0060-00021-6,34.0,32.9,,
0060-00021-9,71.9,76.7,83.058,85.852
0060-00027-11,29.5,28.7,,
0060-00027-13,55.6,59.9,64.262,66.548
0060-00027-14,49.8,53.3,59.436,61.214
0060-00027-15,52.3,55.2,60.198,61.468
0060-00027-18,17.8,19.6,21.844,22.86
0060-00027-4,43.2,45.8,49.53,52.07
0060-00027-5,52.1,55.0,58.166,60.198
0060-00101-1,15.5,15.4,15.24,15.24
0060-00101-10,35.3,37.3,38.862,39.878
0060-00101-12,40.1,42.3,44.45,45.72
0060-00101-13,35.1,37.5,40.386,41.91
0060-00101-14,18.5,21.2,23.368,24.384
0060-00101-15,21.6,22.6,23.876,24.892
0060-00101-16,17.0,18.6,21.336,22.352
0060-00101-17,17.3,18.9,21.082,21.844
0060-00101-18,23.4,26.3,31.242,31.75
0060-00101-19,18.5,19.0,19.304,21.844
0060-00101-2,56.4,58.6,60.96,62.484
0060-00101-20,41.9,43.6,45.466,46.482
0060-00101-21,42.2,45.0,48.006,49.53
0060-00101-22,16.5,18.9,21.59,22.606
0060-00101-23,15.7,16.1,16.51,
0060-00101-24,28.7,31.5,33.274,34.544
0060-00101-25,15.24,16.51,,
0060-00101-27,34.3,36.3,37.592,38.608
0060-00101-3,18.5,22.0,26.416,27.432
0060-00101-4,25.7,26.0,26.67,27.178
0060-00101-5,19.8,22.4,25.146,27.432
0060-00101-6,25.4,26.4,27.178,27.94
0060-00101-7,21.1,21.2,21.336,21.59
0060-00101-8,23.1,23.5,23.622,23.876
0060-00101-9,53.6,56.8,60.96,61.976
0060-00102-12,49.5,47.2,,
0060-00102-13,40.6,42.3,45.974,47.244
0060-00102-14,42.2,43.2,43.942,44.958
0060-00102-16,35.3,38.2,41.91,43.688
0060-00102-17,26.9,28.7,,
0060-00102-18,39.1,43.3,48.006,50.038
0060-00102-19,28.7,32.7,35.56,37.338
0060-00102-20,37.8,41.6,48.26,48.006
0060-00102-22,45.2,49.1,52.07,53.594
0060-00102-5,17.3,20.5,,
0060-00102-6,87.1,94.6,106.68,107.696
0060-00102-9,79.5,74.4,,
0060-00103-1,32.5,35.9,39.624,41.91
0060-00103-10,65.3,69.1,73.914,75.692
0060-00103-12,68.3,79.2,78.232,79.756
0060-00103-15,26.7,29.0,34.036,35.814
0060-00103-16,52.8,53.8,57.404,58.928
0060-00103-4,48.8,51.5,55.372,56.642
0060-00103-5,28.4,31.0,33.782,35.56
0060-00103-7,55.4,55.0,,
0060-00103-8,21.3,21.0,21.59,21.59
0060-00103-9,40.9,44.0,48.768,49.784
0060-00104-1,22.6,24.1,28.194,28.448
0060-00104-10,47.5,53.1,59.182,60.96
0060-00104-11,36.1,39.9,44.45,44.196
0060-00104-12,21.1,24.2,27.178,27.94
0060-00104-15,15.494,17.78,,
0060-00104-2,58.2,66.5,71.374,73.406
0060-00104-3,51.1,52.4,55.626,56.896
0060-00104-5,63.0,69.1,75.184,76.962
0060-00104-7,39.4,43.0,47.498,49.022
0060-00104-8,18.8,19.1,,
0060-00105-1,19.8,21.0,22.098,22.352
0060-00105-10,26.7,28.2,28.448,29.21
0060-00105-13,18.0,18.6,,
0060-00105-14,16.5,17.1,,
0060-00105-16,65.8,73.4,75.946,78.994
0060-00105-17,46.0,49.4,53.086,54.102
0060-00105-18,40.6,43.2,46.99,49.022
0060-00105-2,26.7,28.2,30.988,31.496
0060-00105-3,29.0,30.7,,
0060-00105-4,31.8,35.7,39.878,
0060-00105-5,26.9,28.1,30.226,32.004
0060-00105-6,23.9,24.3,24.384,24.892
0060-00105-7,49.8,55.1,59.69,61.976
0060-00105-8,71.1,75.3,76.962,78.74
0060-00105-9,43.7,46.1,49.022,50.8
0060-00106-1,24.1,27.4,29.464,30.48
0060-00106-10,45.7,48.8,52.324,53.848
0060-00106-11,47.5,52.0,57.912,60.706
0060-00106-12,43.9,48.8,51.562,55.118
0060-00106-13,50.3,53.9,54.61,
0060-00106-15,52.3,54.1,57.658,58.42
0060-00106-17,59.9,63.5,68.072,69.85
0060-00106-19,22.9,25.6,25.908,
0060-00106-2,34.5,33.2,,
0060-00106-20,26.9,31.1,33.02,34.544
0060-00106-3,48.5,54.1,63.246,66.548
0060-00106-4,16.8,17.1,17.526,17.018
0060-00106-5,39.6,37.9,,
0060-00106-6,21.6,24.7,24.638,
0060-00106-7,23.9,25.7,27.94,27.94
0060-00106-8,47.2,50.7,55.626,57.15
0060-00106-9,17.0,17.4,17.526,17.272
0060-00107-10,27.7,38.0,36.83,40.386
0060-00107-11,35.1,31.6,42.926,44.958
0060-00107-3,37.6,40.9,44.704,47.498
0060-00107-4,19.3,20.7,22.098,22.606
0060-00107-5,17.5,18.2,18.542,
0060-00107-6,29.0,31.5,34.544,
0060-00107-7,20.1,20.7,22.098,22.86
0060-00107-8,75.2,79.4,82.55,84.582
0060-00107-9,21.1,23.9,,
0060-00108-10,39.9,41.9,41.91,
0060-00108-13,65.0,68.4,,
0060-00108-4,32.3,36.0,35.814,
0060-00108-8,38.9,39.8,42.672,43.18
0060-00109-1,32.0,33.3,33.274,33.274
0060-00109-10,71.6,76.6,82.296,84.074
0060-00109-12,45.0,45.0,,
0060-00109-13,23.6,24.8,,
0060-00109-14,48.5,53.1,57.404,59.69
0060-00109-16,65.3,70.1,75.946,77.978
0060-00109-17,79.0,82.6,87.122,89.662
0060-00109-5,64.3,66.6,70.104,70.612
0060-00109-6,50.8,52.9,55.118,56.134
0060-00109-9,36.3,39.2,42.672,43.18
0060-00111-10,73.2,76.5,80.518,81.788
0060-00111-12,42.9,44.3,46.736,48.26
0060-00111-13,43.4,42.0,44.45,45.974
0060-00111-2,36.1,37.3,36.576,
0060-00111-4,65.8,72.0,80.01,83.82
0060-00111-5,46.0,48.2,51.562,54.864
0060-00111-6,33.8,35.9,37.592,38.862
0060-00111-7,42.7,46.2,51.054,53.34
0060-00111-9,45.0,45.1,,
0060-00112-1,51.8,57.1,61.976,62.23
0060-00112-2,25.4,24.7,,
0060-00112-3,58.2,60.9,63.754,65.532
0060-00112-4,69.9,72.2,75.184,75.946
0060-00112-5,25.1,25.7,26.416,26.67
0060-00112-6,53.8,56.3,60.96,62.484
0060-00112-7,42.7,44.9,47.752,49.276
0060-00112-8,23.6,24.3,24.638,24.638
0060-00112-9,42.7,44.8,49.022,50.292
0060-00113-1,52.1,53.3,,
0060-00113-2,52.6,56.4,62.738,62.992
0060-00113-3,78.0,82.1,89.662,92.71
0060-00113-4,56.4,66.4,74.168,76.962
0060-00113-5,62.7,67.3,72.644,74.168
0060-00114-10,61.7,64.3,68.072,69.596
0060-00114-12,62.2,65.9,70.104,72.644
0060-00114-14,83.3,87.1,91.694,94.234
0060-00114-3,87.4,92.2,99.06,101.6
0060-00114-5,49.3,50.9,,
0060-00114-6,60.5,59.0,,
0060-00116-1,31.8,35.7,40.64,44.196
0060-00116-10,50.8,57.1,63.246,63.754
0060-00116-11,49.3,52.6,56.388,58.928
0060-00116-2,51.1,51.3,,
0060-00116-4,16.0,17.7,20.32,21.082
0060-00116-5,25.9,28.6,32.512,34.29
0060-00116-6,22.6,24.9,27.178,28.702
0060-00116-7,79.0,82.4,86.106,87.63
0060-00116-8,51.6,53.9,57.912,58.928
0060-00117-1,16.5,21.59,23.876,
0060-00117-13,20.3,21.1,22.098,
0060-00117-2,40.4,40.8,40.894,41.148
0060-00117-3,68.1,71.9,75.946,78.74
0060-00117-5,37.1,40.1,44.196,45.466
0060-00117-6,108.7,116.2,124.206,126.746
0060-00117-8,30.5,33.2,35.814,36.322
0060-00117-9,27.7,30.5,32.512,33.782
0060-00119-1,68.8,71.2,77.724,79.502
0060-00119-12,57.7,58.9,61.468,63.5
0060-00119-14,54.9,57.3,62.738,63.5
0060-00119-18,23.1,22.6,,
0060-00119-19,53.8,57.5,61.468,63.5
0060-00119-2,22.9,24.5,27.178,29.21
0060-00119-3,31.0,33.2,35.814,36.576
0060-00119-4,15.0,16.3,17.018,
0060-00119-5,17.8,19.4,20.32,20.574
0060-00119-6,48.0,51.0,54.102,54.102
0060-00119-7,65.0,72.5,75.438,76.708
0060-00119-8,21.3,22.0,22.86,23.622
0060-00119-9,55.1,58.1,61.468,63.754
0060-00130-1,15.7,18.5,21.336,23.368
0060-00130-10,37.6,39.6,42.926,44.704
0060-00130-11,40.4,43.1,46.482,48.768
0060-00130-12,34.3,39.3,45.212,48.26
0060-00130-13,24.9,27.4,29.972,31.242
0060-00130-15,24.6,27.3,33.02,35.814
0060-00130-17,28.7,31.5,35.052,35.052
0060-00130-18,29.2,34.9,41.91,45.212
0060-00130-2,46.2,48.5,50.8,52.324
0060-00130-3,63.2,68.6,76.2,78.74
0060-00130-5,15.5,17.3,19.558,20.828
0060-00130-7,20.1,21.5,21.59,21.844
0060-00130-8,38.6,41.3,45.466,47.752
0060-00130-9,28.2,28.2,28.448,28.702
0180-00004-13,58.2,58.2,66.802,64.008
0180-00004-20,79.8,81.5,86.614,86.614
0180-00004-25,95.3,97.1,,
0180-00004-3,99.6,107.8,121.666,123.698
0180-00004-38,27.4,30.7,36.322,
0180-00008-10,71.1,74.6,81.026,82.55
0180-00008-15,33.0,33.7,33.274,
0180-00008-2,81.3,82.6,85.344,86.868
0180-00008-36,34.8,36.1,35.306,
0180-00010-13,64.0,69.3,73.406,74.676
0180-00010-15,20.3,21.9,23.114,23.622
0180-00010-7,85.1,89.4,90.678,
0180-00013-5,105.9,109.9,111.76,113.284
0180-00018-11,51.6,56.9,63.246,64.516
0180-00018-28,16.5,17.8,18.542,
0180-00018-38,15.0,17.9,24.13,23.622
0180-00018-7,25.4,25.7,,
0180-00018-8,67.1,72.2,80.01,82.042
0180-00101-1,51.3,49.1,,
0180-00101-13,34.8,39.7,48.768,
0180-00101-17,28.7,28.8,,
0180-00101-18,62.7,66.3,72.136,
0180-00101-23,45.2,48.0,52.324,
0180-00101-28,85.9,90.4,97.028,94.488
0180-00101-31,55.9,60.4,64.516,
0180-00101-38,33.0,35.0,39.37,
0180-00101-40,27.4,25.2,,
0180-00102-10,16.5,18.0,21.082,20.574
0180-00102-12,30.5,33.7,37.084,37.084
0180-00102-14,46.2,48.1,50.8,50.546
0180-00102-15,17.272,21.844,,
0180-00102-16,21.6,21.0,,
0180-00102-2,84.3,89.9,98.552,
0180-00102-22,81.0,82.5,87.376,
0180-00102-8,110.0,110.4,118.364,117.602
0180-00107-12,74.2,76.8,81.026,82.55
0180-00107-17,75.4,78.7,80.01,
0180-00107-19,22.6,28.7,36.83,40.132
0180-00107-3,21.8,23.7,27.178,29.21
0180-00107-4,105.7,112.9,120.904,122.174
0180-00107-5,25.1,27.8,32.512,32.512
0180-00108-10,54.4,58.5,63.246,65.278
0180-00108-11,26.4,32.0,35.814,35.814
0180-00108-15,82.6,87.0,91.948,94.234
0180-00108-24,49.3,55.6,62.484,63.246
0180-00108-3,50.0,52.9,55.626,55.118
0180-00108-32,78.0,80.6,84.582,86.614
0180-00109-14,45.0,49.4,55.626,56.134
0180-00109-15,36.1,37.5,38.354,37.592
0180-00109-18,50.3,52.9,55.88,56.388
0180-00109-22,66.3,70.4,75.184,76.454
0180-00109-26,53.6,57.4,61.722,62.992
0180-00109-27,45.7,50.7,52.324,54.356
0180-00109-3,54.4,60.6,68.072,69.85
0180-00109-6,49.5,49.3,,
0180-00110-1,45.7,47.6,50.8,
0180-00110-2,38.1,39.0,39.116,
0180-00110-4,25.4,26.9,29.464,28.956
0180-00110-5,30.7,33.4,39.116,41.402
0180-00110-7,45.2,47.6,48.006,
0180-00110-8,41.1,46.5,52.07,54.102
0180-00111-1,26.9,29.6,34.036,33.782
0180-00111-13,75.2,79.2,83.566,83.312
0180-00111-15,68.1,69.5,73.914,74.168
0180-00111-16,24.6,27.9,30.988,33.02
0180-00111-19,52.8,59.2,63.754,
0180-00111-24,47.8,50.7,55.88,57.658
0180-00111-6,59.7,59.4,65.532,65.532
0180-00111-7,47.5,50.5,52.324,51.816
0180-00114-10,47.8,52.8,59.182,62.23
0180-00114-2,69.9,70.0,70.612,
0180-00114-3,110.7,114.7,119.634,119.888
0180-00114-5,93.2,96.4,101.854,101.854
0180-00114-7,73.2,75.4,,
0180-00117-11,56.4,61.5,67.818,
0180-00117-4,63.2,66.0,71.12,
0180-00117-6,90.2,92.4,96.012,94.488
0180-00120-5,77.7,80.7,86.614,
0180-00120-6,38.1,45.1,52.07,53.34
0180-00120-7,64.5,69.4,,
0180-00121-11,53.8,55.9,61.468,63.754
0180-00121-12,21.3,21.7,22.606,
0180-00121-13,41.9,45.2,51.054,53.086
0180-00121-25,53.8,56.8,62.992,65.024
0180-00121-26,102.4,105.9,110.49,110.49
0180-00121-35,57.2,64.0,72.898,75.184
0180-00121-7,54.1,58.4,63.5,65.024
0190-00010-101,80.8,85.4,,
0190-00010-102,47.2,52.7,,
0190-00010-23,76.2,81.7,87.884,88.9
0190-00010-24,21.6,25.4,28.956,30.226
0190-00010-25,20.8,23.4,26.416,27.432
0190-00010-3,56.9,53.2,64.77,66.802
0190-00010-6,79.8,86.2,88.9,90.678
0190-00024-10,75.9,82.2,78.74,80.01
0190-00024-11,87.1,87.9,90.17,90.932
0190-00024-17,53.3,57.0,63.246,67.056
0190-00024-18,58.4,61.1,65.278,65.532
0190-00024-24,19.6,22.8,31.496,
0190-00024-25,19.812,21.844,,
0190-00024-5,75.9,80.2,83.82,85.852
0190-00024-8,64.3,71.4,77.978,82.296
0190-00025-39,73.4,76.7,78.232,79.502
0190-00025-4,56.9,59.8,,
0190-00025-44,61.2,66.6,72.136,72.898
0190-00025-47,71.6,75.6,78.994,
0190-00025-59,59.9,65.7,70.612,72.898
0190-00026-1,44.5,47.0,52.07,54.102
0190-00026-11,43.7,51.6,57.404,
0190-00026-17,88.9,93.6,102.87,106.68
0190-00026-2,25.4,31.2,36.83,
0190-00026-24,47.5,54.2,59.69,63.5
0190-00026-5,23.4,30.734,32.004,
0190-00026-6,61.2,64.5,73.914,77.216
0190-00027-10,33.5,40.4,47.244,50.292
0190-00027-13,62.5,64.7,69.342,71.12
0190-00027-15,44.2,50.2,55.88,
0190-00027-5,76.2,81.1,85.852,86.36
0190-00027-7,28.2,27.7,27.94,
0190-00102-1,17.0,23.7,30.734,32.258
0190-00102-10,31.5,34.2,37.592,
0190-00102-11,25.1,27.9,28.956,28.194
0190-00102-12,25.1,26.2,27.94,28.194
0190-00102-15,83.6,87.3,98.298,99.06
0190-00102-2,75.9,78.2,89.662,
0190-00102-4,80.0,86.7,94.234,96.52
0190-00102-5,72.1,78.0,83.312,86.868
0190-00102-6,44.7,48.7,53.34,55.372
0190-00102-9,63.2,67.6,74.168,74.93
0190-00104-10,58.7,61.9,66.548,
0190-00104-14,56.1,67.4,77.724,81.28
0190-00104-2,72.9,79.4,76.2,
0190-00104-3,43.2,48.6,52.578,53.086
0190-00104-4,46.0,47.3,48.26,49.022
0190-00106-10,63.2,73.4,,
0190-00106-12,25.9,32.6,38.608,
0190-00106-3,26.2,31.3,34.544,35.814
0190-00106-4,39.6,48.1,56.388,60.198
0190-00106-6,47.2,51.2,55.626,55.88
0190-00106-7,42.9,51.0,59.436,
0190-00106-9,59.9,63.4,64.262,66.294
0190-00108-1,26.7,34.6,42.418,45.72
0190-00108-16,40.6,49.6,61.722,
0190-00108-2,73.7,79.9,87.122,89.916
0190-00108-3,58.7,65.9,63.5,
0190-00108-4,52.6,57.5,63.5,64.262
0190-00108-9,55.9,62.7,72.644,73.406
0190-00110-10,35.3,38.7,40.386,
0190-00110-15,54.9,63.2,71.374,74.422
0190-00110-16,53.3,59.8,66.548,69.342
0190-00110-19,56.6,60.2,67.564,
0190-00110-3,27.4,23.1,27.94,27.686
0190-00110-5,54.4,59.1,64.77,66.548
0190-00110-9,76.5,81.9,87.122,88.9
0190-00111-1,38.1,40.0,43.942,45.466
0190-00111-10,33.3,36.3,39.624,
0190-00111-13,46.7,53.7,59.436,60.452
0190-00111-17,76.5,82.9,90.17,91.44
0190-00111-19,81.5,89.4,95.25,97.028
0190-00111-2,20.8,22.3,23.876,23.876
0190-00111-20,34.3,41.2,46.228,
0190-00111-3,47.0,54.1,59.69,
0190-00111-4,86.3,85.852,87.376,
0190-00111-6,18.3,20.4,21.844,22.352
0190-00113-1,46.7,55.3,63.754,66.04
0190-00113-10,18.3,22.2,24.638,25.654
0190-00113-11,27.2,30.3,33.528,34.798
0190-00113-12,15.5,16.6,17.018,17.018
0190-00113-13,24.9,26.7,29.464,30.734
0190-00113-14,16.0,17.7,18.796,18.796
0190-00113-16,21.3,22.7,24.13,24.13
0190-00113-17,94.7,103.8,112.014,116.586
0190-00113-20,24.9,26.7,32.004,
0190-00113-21,25.9,29.0,31.242,
0190-00113-23,42.7,51.9,61.468,65.024
0190-00113-26,50.8,58.7,65.532,67.564
0190-00113-28,33.5,39.5,44.704,
0190-00113-4,19.3,22.4,26.416,28.448
0190-00113-5,45.0,49.4,53.594,54.102
0190-00113-6,43.4,49.1,53.086,54.864
0190-00113-8,21.8,23.3,24.638,25.4
0190-00113-9,18.3,19.9,21.59,22.606
0190-00114-1,22.1,23.0,24.384,
0190-00114-10,25.4,27.6,28.702,29.21
0190-00114-11,35.1,40.2,45.466,46.99
0190-00114-12,16.5,15.9,16.256,
0190-00114-13,40.4,37.2,52.832,
0190-00114-15,17.3,18.2,19.05,
0190-00114-16,82.55,83.312,,
0190-00114-17,26.7,22.8,28.956,29.718
0190-00114-18,28.2,29.5,30.48,30.226
0190-00114-19,55.6,60.9,63.5,65.532
0190-00114-22,22.1,24.4,23.114,23.114
0190-00114-23,45.2,50.9,53.848,56.642
0190-00114-24,28.702,29.972,,
0190-00114-3,20.8,21.6,21.59,21.59
0190-00114-5,59.4,61.3,65.786,
0190-00116-12,46.5,51.2,54.61,56.388
0190-00116-13,23.1,24.3,25.146,25.654
0190-00116-14,81.3,78.486,80.01,
0190-00116-16,28.4,31.2,33.782,35.306
0190-00116-18,48.0,53.6,61.468,64.262
0190-00116-19,15.7,16.1,18.796,
0190-00116-2,74.3,68.834,70.866,
0190-00116-22,16.8,18.5,22.352,25.4
0190-00116-23,17.3,19.6,21.59,
0190-00116-24,17.0,18.3,18.542,
0190-00116-25,22.1,26.3,29.718,32.004
0190-00116-26,16.8,17.2,17.526,
0190-00116-28,15.0,17.3,19.05,19.812
0190-00116-29,16.3,18.4,20.32,21.336
0190-00116-30,23.4,27.3,31.75,33.782
0190-00116-31,28.2,30.4,33.02,34.29
0190-00116-6,17.3,18.9,19.558,20.066
0190-00116-7,19.6,20.3,21.082,21.082
0190-00116-8,41.7,46.7,50.546,
0240-00003-1,62.2,68.4,74.676,77.47
0240-00003-14,66.8,76.7,89.408,94.234
0240-00003-33,32.8,38.2,44.196,46.482
0240-00003-39,22.6,26.9,31.75,34.036
0240-00003-40,17.5,19.2,20.574,21.336
0240-00003-42,17.0,19.3,22.86,24.638
0240-00003-45,16.0,20.066,22.606,
0240-00003-56,27.7,31.9,34.29,36.576
0240-00003-8,57.2,65.024,67.056,
0240-00005-1,40.4,43.2,48.26,48.26
0240-00005-10,23.9,25.1,26.924,26.924
0240-00005-11,23.9,25.4,27.432,27.686
0240-00005-12,25.9,27.4,29.718,30.988
0240-00005-13,26.4,30.988,32.512,
0240-00005-15,26.7,24.8,,
0240-00005-17,38.9,40.6,41.91,43.18
0240-00005-18,52.1,54.0,56.642,58.42
0240-00005-19,52.8,54.3,56.896,55.88
0240-00005-2,31.8,34.0,36.576,38.354
0240-00005-22,41.9,44.5,48.26,50.546
0240-00005-23,26.7,29.9,32.512,34.29
0240-00005-29,25.7,29.4,25.908,26.416
0240-00005-31,23.1,23.7,24.13,24.638
0240-00005-33,17.5,18.4,19.812,20.066
0240-00005-38,15.4,15.748,16.002,
0240-00005-7,48.5,53.8,58.166,57.658
0240-00005-8,29.7,32.3,34.29,35.56
0240-00005-9,26.4,27.6,28.702,29.972
0240-00007-10,23.9,25.8,27.432,28.448
0240-00007-101,85.6,88.2,,
0240-00007-11,23.1,25.7,28.448,29.718
0240-00007-12,27.2,29.5,31.242,32.258
0240-00007-16,25.7,29.1,32.258,31.75
0240-00007-20,25.7,29.4,33.274,34.798
0240-00007-22,55.4,58.3,62.992,65.024
0240-00007-24,39.4,36.9,35.56,35.814
0240-00007-27,44.2,47.0,50.8,52.578
0240-00007-31,19.1,21.0,22.352,22.86
0240-00007-39,25.7,27.8,29.718,30.48
0240-00007-4,16.5,16.1,16.002,
0240-00007-42,16.0,16.0,,
0240-00007-46,26.7,29.3,31.75,33.02
0240-00007-47,21.3,22.5,23.622,22.86
0240-00007-5,26.4,30.3,33.274,33.528
0240-00007-51,16.5,20.0,24.892,26.67
0240-00007-52,15.7,17.018,17.272,
0240-00007-7,21.8,27.8,28.448,29.464
0240-00007-8,85.1,89.3,94.996,95.13685
0240-00007-9,18.3,18.8,18.542,18.542
0240-00009-11,36.3,39.0,40.894,41.91
0240-00009-13,49.8,51.5,53.594,54.356
0240-00009-16,28.4,28.4,29.464,28.956
0240-00009-18,62.2,68.6,76.454,79.502
0240-00009-2,30.2,29.3,,
0240-00009-21,29.2,32.5,36.576,38.1
0240-00009-23,28.4,28.6,29.718,29.21
0240-00009-24,18.8,21.2,24.13,25.4
0240-00009-25,19.6,24.9,30.226,33.274
0240-00009-26,16.6,17.78,18.034,
0240-00009-27,18.5,22.9,27.94,29.972
0240-00009-28,29.0,32.1,34.29,35.306
0240-00009-3,35.8,39.1,42.672,44.958
0240-00009-4,77.5,80.8,85.09,85.598
0240-00009-41,15.494,16.256,,
0240-00009-5,34.3,37.2,40.64,41.148
0240-00009-7,20.6,22.8,24.892,26.924
0240-00009-8,48.0,50.8,53.594,55.118
0240-00009-9,24.6,26.3,27.432,28.194
0240-00022-1,17.8,18.7,19.812,19.558
0240-00022-10,22.4,23.4,24.384,24.384
0240-00022-101,17.8,18.1,,
0240-00022-11,19.1,19.3,20.574,20.828
0240-00022-12,21.3,23.0,24.13,24.892
0240-00022-13,27.4,28.3,29.21,29.21
0240-00022-14,19.3,19.9,21.844,21.844
0240-00022-15,27.9,29.8,31.496,31.75
0240-00022-16,21.6,22.5,22.86,22.86
0240-00022-17,17.8,19.1,18.796,18.796
0240-00022-18,29.5,31.4,33.528,34.036
0240-00022-19,32.8,33.9,35.814,36.322
0240-00022-20,22.9,24.6,25.908,26.162
0240-00022-21,39.1,41.4,43.434,44.45
0240-00022-22,17.8,18.0,18.288,
0240-00022-23,21.3,21.5,22.606,22.86
0240-00022-24,45.7,46.7,49.276,49.276
0240-00022-25,25.4,27.0,29.718,30.988
0240-00022-26,28.4,30.7,33.02,33.528
0240-00022-27,17.3,17.5,18.542,18.542
0240-00022-28,22.9,23.2,24.13,23.876
0240-00022-29,24.6,26.6,28.194,28.956
0240-00022-3,19.1,19.8,20.828,20.828
0240-00022-30,21.6,23.4,24.638,24.892
0240-00022-31,24.6,26.0,27.686,27.686
0240-00022-32,55.9,56.5,61.976,64.516
0240-00022-33,29.2,31.4,33.274,34.29
0240-00022-34,44.2,47.8,51.816,54.61
0240-00022-35,22.6,23.9,23.368,23.368
0240-00022-36,26.2,28.0,29.972,29.972
0240-00022-37,43.9,48.006,49.276,
0240-00022-38,16.3,17.2,17.78,17.78
0240-00022-39,24.9,25.6,27.178,27.686
0240-00022-4,27.7,28.8,29.718,29.972
0240-00022-40,28.7,30.1,31.75,32.258
0240-00022-41,36.1,37.7,39.37,39.878
0240-00022-42,22.1,23.4,24.13,24.638
0240-00022-43,15.0,15.494,15.494,
0240-00022-48,16.8,18.3,19.05,19.558
0240-00022-5,26.7,26.7,28.448,28.956
0240-00022-6,16.2,16.51,16.51,
0240-00022-64,19.3,21.9,23.622,24.13
0240-00022-65,25.1,25.9,27.178,27.432
0240-00022-66,24.9,26.8,28.702,29.21
0240-00022-7,19.6,20.5,21.336,21.336
0240-00022-73,15.24,15.494,,
0240-00022-74,15.494,15.24,,
0240-00022-8,66.3,67.3,68.58,69.088
0240-00022-9,34.8,37.1,39.37,39.37
0240-00026-1,66.3,70.2,73.66,73.66
0240-00026-18,72.6,76.1,83.566,85.598
0240-00026-19,69.6,75.0,80.01,82.55
0240-00026-23,18.8,21.8,23.876,24.638
0240-00026-24,24.1,26.4,27.94,28.448
0240-00026-25,23.4,26.7,26.924,27.686
0240-00026-27,29.2,32.7,34.798,35.052
0240-00026-28,30.7,33.8,36.068,37.084
0240-00026-29,16.8,17.8,18.288,18.542
0240-00026-30,18.5,20.1,21.59,22.352
0240-00026-32,15.0,15.9,16.51,16.764
0240-00026-34,17.3,20.32,22.352,
0240-00026-36,16.002,18.034,,
0240-00026-37,15.24,16.764,,
0240-00026-9,69.1,74.1,79.248,81.026
0240-00101-1,30.0,31.4,33.02,34.29
0240-00101-10,61.5,64.2,,
0240-00101-11,17.0,17.2,,
0240-00101-12,27.4,28.1,,
0240-00101-13,30.5,33.1,35.306,36.068
0240-00101-15,20.3,21.5,22.352,
0240-00101-16,41.1,43.3,42.926,43.688
0240-00101-17,49.0,55.3,59.69,63.246
0240-00101-18,37.6,40.6,43.688,
0240-00101-2,27.4,28.0,29.21,30.226
0240-00101-20,23.1,24.5,25.908,26.67
0240-00101-21,72.4,74.8,78.74,80.518
0240-00101-22,48.8,51.6,55.118,56.388
0240-00101-23,53.3,55.3,59.436,58.928
0240-00101-24,16.0,15.4,15.24,15.748
0240-00101-25,18.5,18.5,19.558,20.32
0240-00101-27,41.9,42.9,43.18,43.18
0240-00101-28,20.3,21.5,22.86,23.622
0240-00101-29,16.0,16.3,17.272,17.272
0240-00101-3,45.2,46.1,46.482,46.736
0240-00101-6,19.8,20.9,22.098,23.114
0240-00101-7,42.7,45.6,48.514,50.8
0240-00101-8,45.7,44.9,,
0240-00102-10,72.1,76.8,82.804,85.852
0240-00102-11,30.0,32.4,34.29,
0240-00102-13,15.7,17.1,18.542,19.05
0240-00102-14,21.6,24.8,26.924,26.67
0240-00102-15,65.5,69.8,75.692,78.486
0240-00102-17,17.8,20.6,22.606,23.368
0240-00102-19,33.3,34.7,36.576,36.576
0240-00102-2,15.2,15.6,,
0240-00102-20,19.6,21.4,23.368,23.622
0240-00102-21,94.5,100.9,110.49,113.792
0240-00102-3,31.5,33.3,35.56,35.814
0240-00102-4,36.3,39.6,42.926,44.196
0240-00102-5,62.2,70.358,70.866,
0240-00102-6,23.4,25.2,26.162,26.416
0240-00102-7,21.6,23.3,24.384,24.638
0240-00102-8,44.5,49.0,53.086,55.372
0240-00104-1,53.6,54.7,59.436,61.722
0240-00104-11,62.2,64.7,,
0240-00104-2,54.9,57.8,61.722,61.722
0240-00104-3,71.9,73.2,77.47,79.502
0240-00104-4,48.3,50.9,54.864,56.388
0240-00104-5,21.6,22.5,23.114,
0240-00104-6,36.1,41.1,45.72,46.736
0240-00104-7,79.5,79.0,82.804,85.09
0240-00104-9,47.8,53.0,58.42,60.452
0240-00105-1,65.8,70.4,76.962,78.994
0240-00105-10,24.6,27.1,27.178,
0240-00105-11,28.4,27.8,29.21,
0240-00105-12,41.4,46.1,,
0240-00105-14,46.0,50.5,54.61,56.388
0240-00105-15,48.8,53.4,57.404,58.674
0240-00105-16,15.0,17.2,19.558,20.066
0240-00105-17,67.6,70.8,74.93,76.2
0240-00105-18,24.4,28.2,31.242,32.766
0240-00105-2,63.5,69.3,77.724,80.01
0240-00105-20,18.5,19.5,20.828,20.828
0240-00105-21,29.5,32.0,35.814,37.084
0240-00105-22,29.5,29.8,30.734,30.48
0240-00105-23,19.3,19.9,19.812,19.812
0240-00105-24,29.7,31.1,32.766,32.512
0240-00105-4,35.1,37.1,38.862,40.132
0240-00105-6,26.4,27.1,27.686,28.448
0240-00105-7,26.9,30.3,33.274,35.052
0240-00105-8,36.8,40.5,46.228,47.752
0240-00105-9,20.1,21.6,23.368,24.384
0240-00106-1,28.7,32.766,33.02,
0240-00106-10,48.8,54.6,59.436,62.23
0240-00106-11,59.7,62.2,66.802,69.088
0240-00106-12,24.6,24.3,16.764,
0240-00106-13,25.1,25.0,24.638,
0240-00106-15,41.4,43.9,46.228,46.99
0240-00106-17,20.8,20.5,,
0240-00106-19,33.3,36.7,41.91,43.942
0240-00106-20,53.6,63.4,63.5,66.04
0240-00106-21,72.6,74.0,80.264,78.486
0240-00106-23,23.4,23.1,26.416,24.13
0240-00106-24,35.8,36.8,38.1,38.862
0240-00106-25,27.7,28.5,29.718,31.75
0240-00106-29,55.4,59.1,64.516,67.564
0240-00106-3,66.0,68.0,76.2,76.708
0240-00106-30,16.3,16.0,17.018,16.002
0240-00106-32,41.7,43.7,46.736,48.514
0240-00106-33,31.0,30.9,28.956,30.48
0240-00106-34,15.9,18.288,18.542,
0240-00106-5,17.8,18.8,20.574,20.574
0240-00106-6,22.4,24.1,27.94,29.21
0240-00106-7,37.6,41.5,46.736,48.514
0240-00106-8,31.8,34.8,,
0240-00106-9,26.9,28.1,28.448,29.464
0240-00107-1,76.2,81.8,89.916,90.424
0240-00107-11,15.24,15.494,,
0240-00107-12,17.78,20.066,,
0240-00107-2,17.3,25.1,32.004,35.052
0240-00107-3,24.4,29.9,36.322,38.354
0240-00107-4,15.5,24.8,21.844,22.86
0240-00107-5,65.0,67.4,71.12,73.152
0240-00107-6,23.1,26.2,28.702,29.718
0240-00107-7,18.9,22.352,24.638,
0240-00107-8,24.1,28.9,37.846,41.91
0240-00109-10,29.0,30.6,34.036,35.56
0240-00109-11,15.3,16.256,16.256,
0240-00109-12,17.8,19.5,22.352,22.606
0240-00109-13,50.5,52.3,56.134,56.896
0240-00109-16,28.7,30.1,30.226,28.448
0240-00109-17,47.5,48.8,49.784,50.038
0240-00109-18,19.3,19.9,20.574,20.574
0240-00109-2,22.1,23.9,26.416,26.67
0240-00109-20,21.3,23.3,25.146,25.4
0240-00109-21,16.0,17.1,17.272,17.018
0240-00109-22,20.3,21.9,23.368,23.368
0240-00109-24,18.5,19.5,,
0240-00109-25,34.0,36.4,39.37,40.64
0240-00109-26,16.002,16.002,,
0240-00109-29,15.0,16.1,17.526,17.526
0240-00109-3,19.8,21.3,23.622,23.622
0240-00109-30,24.4,35.7,27.94,
0240-00109-31,26.7,29.0,32.512,33.528
0240-00109-32,22.4,24.1,25.908,26.162
0240-00109-33,78.0,79.8,86.106,86.36
0240-00109-34,18.3,20.0,21.59,21.59
0240-00109-35,17.5,19.0,20.32,
0240-00109-36,20.1,20.0,20.066,
0240-00109-39,16.3,16.9,18.288,17.526
0240-00109-40,24.9,26.5,28.448,30.226
0240-00109-41,30.0,31.4,33.274,33.274
0240-00109-5,35.8,37.1,37.338,37.338
0240-00109-6,45.2,44.4,45.72,47.244
0240-00109-7,33.0,31.4,27.432,
0240-00110-1,18.5,22.4,25.146,27.432
0240-00110-10,20.6,24.7,28.702,28.956
0240-00110-11,47.8,48.2,,
0240-00110-12,22.4,23.8,,
0240-00110-13,18.3,21.1,22.86,24.13
0240-00110-14,22.4,27.1,31.496,34.798
0240-00110-15,16.51,17.018,,
0240-00110-16,53.6,53.7,56.134,57.912
0240-00110-2,23.4,27.0,30.988,33.782
0240-00110-20,30.0,30.7,,
0240-00110-24,16.764,18.288,,
0240-00110-25,15.748,17.018,,
0240-00110-3,16.8,17.0,17.526,17.78
0240-00110-4,16.51,17.78,,
0240-00110-5,53.8,58.4,61.976,63.754
0240-00110-6,26.2,30.9,36.576,39.37
0240-00110-7,18.4,21.59,23.368,
0240-00110-8,32.0,37.4,44.704,43.942
0240-00112-1,64.8,67.8,69.85,70.612
0240-00112-10,36.3,36.2,,
0240-00112-12,41.4,47.4,52.832,56.642
0240-00112-14,18.3,18.3,16.764,17.018
0240-00112-16,18.3,23.5,25.654,26.924
0240-00112-2,63.2,65.9,70.612,72.39
0240-00112-4,32.8,34.0,34.544,35.306
0240-00112-6,47.2,49.9,53.34,55.118
0240-00112-7,30.5,34.1,38.354,39.878
0240-00112-8,57.4,60.9,64.008,
0240-00112-9,36.8,39.3,38.862,
0240-00113-11,16.0,17.526,17.78,
0240-00113-12,29.2,30.4,31.75,
0240-00113-14,20.8,22.4,25.146,23.114
0240-00113-16,18.8,19.6,19.558,19.304
0240-00113-17,49.0,52.7,55.626,56.642
0240-00113-18,35.8,39.2,41.91,42.164
0240-00113-19,21.3,21.5,21.59,21.59
0240-00113-2,29.2,30.9,33.274,33.274
0240-00113-20,19.8,19.7,,
0240-00113-21,27.7,28.9,,
0240-00113-22,27.7,28.7,29.464,29.464
0240-00113-23,26.2,27.7,29.21,29.464
0240-00113-24,16.0,16.9,17.526,17.018
0240-00113-25,30.0,32.7,35.814,36.576
0240-00113-27,20.3,28.6,,
0240-00113-28,24.6,26.6,28.702,28.448
0240-00113-29,17.3,18.0,,
0240-00113-3,32.5,34.2,35.814,35.814
0240-00113-30,21.8,22.3,22.352,22.098
0240-00113-31,34.0,37.1,41.148,41.402
0240-00113-33,42.2,43.9,45.466,46.482
0240-00113-34,16.0,15.8,,
0240-00113-36,18.5,19.1,,
0240-00113-37,20.8,21.5,22.098,22.098
0240-00113-38,17.5,17.6,17.78,17.78
0240-00113-41,86.4,94.6,103.886,110.236
0240-00113-42,42.9,46.1,49.022,49.784
0240-00113-44,59.7,64.2,69.85,70.358
0240-00113-45,36.6,40.5,45.974,46.228
0240-00113-46,25.1,27.1,28.194,27.686
0240-00113-47,24.1,26.7,29.718,29.972
0240-00113-49,17.3,17.0,,
0240-00113-5,17.3,17.4,16.51,17.272
0240-00113-6,43.4,47.6,54.61,52.832
0240-00113-8,21.3,23.0,24.13,23.622
0240-00113-9,46.5,49.5,53.594,53.594
0240-00114-1,41.1,45.3,50.546,52.324
0240-00114-10,29.2,32.9,36.83,39.116
0240-00114-11,17.8,19.1,21.082,22.606
0240-00114-12,16.3,17.3,18.288,18.796
0240-00114-15,17.3,20.0,22.098,21.844
0240-00114-16,32.8,37.2,42.672,44.958
0240-00114-17,97.5,103.9,110.998,113.538
0240-00114-18,21.6,24.6,27.686,27.94
0240-00114-19,16.0,18.8,21.336,22.606
0240-00114-2,16.3,18.7,20.574,21.336
0240-00114-20,31.0,41.8,44.45,
0240-00114-21,16.5,18.8,20.066,19.558
0240-00114-22,61.7,68.3,79.756,82.55
0240-00114-23,20.3,23.0,25.654,26.67
0240-00114-24,24.4,28.5,33.274,35.814
0240-00114-25,15.4,16.51,16.002,
0240-00114-26,20.8,23.8,25.146,23.622
0240-00114-27,53.8,59.4,65.278,67.31
0240-00114-28,25.1,28.448,28.956,
0240-00114-4,23.6,25.4,27.432,27.94
0240-00114-6,16.0,17.4,18.796,19.05
0240-00114-7,20.8,22.2,18.034,23.114
0240-00114-8,15.0,15.9,15.748,16.002
0240-00115-11,77.7,82.2,86.106,89.154
0240-00115-13,36.1,37.5,38.608,40.132
0240-00115-14,22.4,22.8,22.606,22.352
0240-00115-15,27.4,29.1,32.004,32.004
0240-00115-17,23.6,24.1,25.146,24.384
0240-00115-18,52.3,55.9,61.976,64.008
0240-00115-19,23.4,23.2,23.114,
0240-00115-22,16.5,16.3,,
0240-00115-23,46.2,60.96,,
0240-00115-25,16.0,15.8,,
0240-00115-26,22.9,24.5,25.4,26.162
0240-00115-27,18.3,18.9,19.304,19.304
0240-00115-29,46.5,49.5,52.324,53.848
0240-00115-3,43.2,45.8,49.022,51.308
0240-00115-30,20.3,22.098,23.114,
0240-00115-33,29.2,31.7,33.274,33.02
0240-00115-34,21.3,22.0,22.86,23.876
0240-00115-35,35.1,38.2,40.132,41.148
0240-00115-37,17.0,17.1,18.542,17.78
0240-00115-38,39.4,42.8,49.276,49.53
0240-00115-39,27.7,27.9,,
0240-00115-4,46.7,51.1,56.134,57.912
0240-00115-42,18.0,18.4,18.796,18.288
0240-00115-43,25.1,26.7,28.448,29.972
0240-00115-45,28.4,28.2,31.496,30.988
0240-00115-46,26.2,28.6,31.242,32.258
0240-00115-47,37.6,42.4,46.482,49.022
0240-00115-5,18.3,18.3,19.304,18.542
0240-00115-50,20.1,20.2,,
0240-00115-51,54.4,58.1,62.992,62.992
0240-00115-8,57.4,60.7,65.786,68.072
0240-00115-9,19.8,20.2,20.828,20.828
0340-00006-12,31.5,34.8,35.56,37.592
0340-00006-13,23.1,23.3,23.622,22.606
0340-00006-14,81.0,85.4,84.582,85.09
0340-00006-15,30.2,31.3,31.242,31.75
0340-00006-16,62.0,66.2,66.802,
0340-00006-31,18.796,22.098,,
0340-00006-8,73.7,80.6,87.376,91.948
0340-00013-1,24.1,23.7,24.638,24.384
0340-00013-10,36.1,39.2,42.418,44.45
0340-00013-11,25.7,27.3,26.162,
0340-00013-12,30.7,32.2,33.02,
0340-00013-13,37.6,38.7,40.132,40.132
0340-00013-14,22.1,24.1,26.162,26.416
0340-00013-15,28.2,31.0,35.306,37.338
0340-00013-17,49.5,48.5,,
0340-00013-18,54.1,56.1,57.912,58.42
0340-00013-19,25.7,24.5,24.384,23.622
0340-00013-20,58.7,60.1,62.738,62.738
0340-00013-21,22.6,23.0,26.162,26.162
0340-00013-22,32.8,33.5,34.798,
0340-00013-3,69.3,73.7,81.28,82.296
0340-00013-4,28.7,29.2,30.988,31.242
0340-00013-5,37.3,38.3,39.878,39.878
0340-00013-6,55.9,58.1,61.468,61.722
0340-00013-7,30.7,31.0,30.988,30.226
0340-00024-10,67.8,72.7,77.47,78.994
0340-00024-11,19.1,20.1,,
0340-00024-12,45.7,48.5,52.07,54.356
0340-00024-15,48.0,49.9,53.34,54.61
0340-00024-18,15.7,15.5,18.796,16.256
0340-00024-19,36.1,37.7,39.878,41.148
0340-00024-2,56.4,62.7,65.532,67.31
0340-00024-20,34.0,34.7,35.56,36.068
0340-00024-21,41.1,41.1,41.91,40.894
0340-00024-24,26.2,28.9,30.48,32.004
0340-00024-25,21.6,21.9,21.59,
0340-00024-27,51.3,54.9,59.944,62.738
0340-00024-28,48.3,49.2,50.8,51.816
0340-00024-29,42.4,45.1,47.752,47.752
0340-00024-31,15.24,15.24,,
0340-00024-32,15.3,16.002,16.51,
0340-00024-33,15.5,18.1,21.082,22.098
0340-00024-34,26.7,29.1,,
0340-00024-5,21.6,23.8,26.162,26.924
0340-00024-6,74.9,76.2,80.264,79.248
0340-00024-8,53.6,55.3,57.404,58.674
0340-00025-12,34.0,37.8,41.656,43.688
0340-00025-13,24.6,21.1,,
0340-00025-14,26.4,25.1,,
0340-00025-15,57.9,63.2,67.31,70.104
0340-00025-16,66.8,71.7,77.724,80.772
0340-00025-18,18.0,18.3,18.542,
0340-00025-20,16.5,18.1,19.304,20.066
0340-00025-22,21.8,25.1,28.194,
0340-00025-29,32.766,34.29,,
0340-00025-3,38.1,43.6,49.276,51.054
0340-00025-4,39.4,43.8,48.26,50.546
0340-00025-7,27.9,32.5,37.084,39.37
0340-00025-9,28.2,32.3,34.036,35.052
0340-00026-10,54.4,55.4,59.944,61.468
0340-00026-11,24.1,24.7,25.4,25.654
0340-00026-12,23.6,23.7,,
0340-00026-14,42.4,45.9,52.07,53.848
0340-00026-15,38.4,39.0,40.64,41.91
0340-00026-17,25.4,26.9,29.464,30.988
0340-00026-20,19.6,19.5,,
0340-00026-21,28.4,32.0,34.29,36.322
0340-00026-6,41.9,42.2,45.974,48.006
0340-00103-1,24.4,27.2,27.178,28.448
0340-00103-11,26.9,31.6,35.306,
0340-00103-12,85.3,86.5,84.836,
0340-00103-14,21.3,31.8,,
0340-00103-16,21.3,23.4,24.892,
0340-00103-2,34.3,44.2,52.07,57.912
0340-00103-22,71.4,78.5,81.28,
0340-00103-23,52.8,54.2,59.436,
0340-00103-24,23.9,23.3,,
0340-00103-25,75.2,79.9,87.376,87.884
0340-00103-29,32.5,31.4,,
0340-00103-32,43.4,49.3,55.118,
0340-00103-37,45.0,45.3,,
0340-00103-4,21.6,21.9,,
0340-00103-6,37.8,42.6,49.276,50.038
0340-00103-8,28.2,31.0,34.036,
0340-00103-9,20.6,19.4,,
0340-00104-10,17.5,19.1,21.844,22.86
0340-00104-11,58.9,58.1,54.102,
0340-00104-13,18.0,17.5,20.574,22.352
0340-00104-14,51.8,57.5,60.706,61.468
0340-00104-15,20.8,21.7,22.86,23.876
0340-00104-20,56.6,59.5,62.484,62.23
0340-00104-21,20.574,16.256,,
0340-00104-5,88.4,94.6,96.266,100.076
0340-00104-6,18.0,19.9,22.098,23.622
0340-00104-7,32.8,35.8,40.894,42.672
0340-00104-8,25.7,29.0,32.004,33.528
0340-00104-9,24.1,26.4,28.448,28.702
0340-00108-1,22.6,25.1,28.448,30.48
0340-00108-12,36.1,38.9,42.926,43.942
0340-00108-13,21.3,22.7,26.924,28.194
0340-00108-14,17.8,18.3,19.558,19.812
0340-00108-15,20.8,23.6,24.892,25.908
0340-00108-16,40.1,41.9,42.418,42.926
0340-00108-19,19.1,20.8,,
0340-00108-20,33.5,32.3,,
0340-00108-22,15.7,16.002,,
0340-00108-24,16.3,15.9,16.256,16.256
0340-00108-25,21.8,24.2,27.178,28.702
0340-00108-26,19.6,18.8,19.05,19.05
0340-00108-29,30.5,35.8,43.434,46.482
0340-00108-3,42.9,44.4,44.958,44.958
0340-00108-30,33.5,36.4,40.894,39.878
0340-00108-31,25.9,28.7,29.464,30.48
0340-00108-32,15.2,19.4,,
0340-00108-34,29.0,34.5,42.672,46.99
0340-00108-36,19.3,20.0,,
0340-00108-37,22.6,25.2,26.67,28.194
0340-00108-38,45.0,50.1,56.896,58.928
0340-00108-39,21.8,23.7,25.654,26.67
0340-00108-4,15.2,16.3,17.272,17.78
0340-00108-41,22.9,25.5,25.908,
0340-00108-42,36.2,37.2,45.466,46.736
0340-00108-5,15.24,16.002,,
0340-00108-6,16.51,17.526,,
0340-00108-7,21.3,23.9,26.416,28.194
0340-00108-9,15.9,18.034,,
0340-00109-12,16.0,17.3,19.558,20.574
0340-00109-13,26.9,30.5,32.004,34.036
0340-00109-14,15.0,15.494,16.002,
0340-00109-17,20.6,24.0,26.67,28.702
0340-00109-18,57.9,61.8,65.532,67.818
0340-00109-2,17.78,18.796,,
0340-00109-21,65.8,73.4,82.55,86.106
0340-00109-24,18.8,21.4,23.622,24.638
0340-00109-29,32.5,36.0,43.18,45.466
0340-00109-3,45.5,47.8,49.022,49.784
0340-00109-30,21.8,23.0,23.368,22.86
0340-00109-5,15.5,18.3,22.86,24.638
0340-00109-6,16.0,18.1,19.304,20.32
0340-00109-8,17.0,20.2,23.368,25.146
0340-00111-1,52.1,52.1,,
0340-00111-18,28.7,30.6,33.274,33.274
0340-00111-19,65.5,70.6,76.454,77.724
0340-00111-20,46.2,48.0,50.8,49.022
0340-00111-23,69.9,71.0,74.676,74.676
0340-00111-3,42.7,42.2,45.466,45.72
0340-00111-7,41.7,45.1,49.784,51.816
0340-00111-9,22.6,21.8,,
0340-00112-1,26.4,25.8,,
0340-00112-11,29.7,30.4,,
0340-00112-12,38.6,38.6,38.862,
0340-00112-13,33.0,32.8,,
0340-00112-14,36.1,36.0,36.83,
0340-00112-16,25.7,26.8,,
0340-00112-17,45.5,44.7,,
0340-00112-19,63.5,67.8,73.914,76.962
0340-00112-21,77.0,78.6,82.804,84.582
0340-00112-22,25.7,26.2,26.924,26.416
0340-00112-24,64.3,69.5,73.152,75.438
0340-00112-26,52.8,58.928,59.944,
0340-00112-28,22.9,21.8,,
0340-00112-29,25.4,26.5,,
0340-00112-3,33.8,33.2,,
0340-00112-30,78.5,81.9,87.63,89.408
0340-00112-4,111.0,120.6,118.618,120.396
0340-00112-5,22.4,23.1,,
0340-00112-9,29.5,29.2,,
0340-00113-12,25.7,25.2,,
0340-00113-14,34.3,35.6,,
0340-00113-15,22.6,21.6,,
0340-00113-16,32.8,35.1,,
0340-00113-17,99.8,110.0,117.856,120.396
0340-00113-18,26.2,26.9,,
0340-00113-19,26.7,27.8,,
0340-00113-2,49.5,49.5,,
0340-00113-20,38.1,38.8,,
0340-00113-21,23.4,23.7,,
0340-00113-22,38.9,39.7,,
0340-00113-23,31.0,31.7,33.528,
0340-00113-25,46.0,48.1,50.8,
0340-00113-28,30.2,28.7,,
0340-00113-3,50.0,50.7,,
0340-00113-32,45.5,47.6,,
0340-00113-5,39.9,41.0,,
0340-00114-1,70.1,73.5,76.962,78.994
0340-00114-13,83.3,88.3,90.932,94.488
0340-00114-14,24.1,23.9,,
0340-00114-15,18.8,19.8,,
0340-00114-17,67.8,73.8,74.93,76.708
0340-00114-19,65.0,76.0,71.628,73.152
0340-00114-2,30.0,30.5,33.02,34.544
0340-00114-3,38.1,39.7,,
0340-00114-4,18.034,20.066,,
0340-00114-5,35.1,36.9,,
0340-00114-6,29.0,30.2,32.766,
0340-00114-7,18.6,21.59,23.622,
0340-00114-8,22.9,22.2,,
0340-00115-1,40.6,46.4,50.292,48.26
0340-00115-11,59.9,64.5,69.596,71.628
0340-00115-12,51.1,56.9,61.468,62.738
0340-00115-3,44.7,50.0,56.134,58.674
0340-00115-5,24.4,28.0,28.956,
0340-00115-7,45.7,49.5,53.594,55.118
0340-00115-8,47.0,54.3,62.738,67.31
0340-00116-1,20.1,21.0,22.86,23.368
0340-00116-10,27.4,28.2,30.48,30.48
0340-00116-11,16.0,20.2,23.114,
0340-00116-12,38.6,44.1,52.578,55.372
0340-00116-14,33.3,36.9,,
0340-00116-15,35.1,34.5,36.576,
0340-00116-18,27.4,28.7,30.988,
0340-00116-19,16.3,17.526,,
0340-00116-2,74.2,76.7,80.772,81.788
0340-00116-20,87.4,91.4,95.25,95.504
0340-00116-3,30.5,31.3,33.02,33.02
0340-00116-4,16.3,16.2796923076923,16.256,19.05
0340-00116-6,32.0,34.0,36.83,36.068
0340-00116-8,15.5,19.8,23.368,25.654
0340-00116-9,73.2,73.2,,
0340-00117-1,29.0,31.0,32.004,33.528
0340-00117-10,57.9,57.8,62.738,64.262
0340-00117-13,58.7,63.5,63.754,62.23
0340-00117-2,58.2,63.5,61.214,
0340-00117-3,48.3,51.1,53.594,53.848
0340-00117-5,35.6,35.6,,
0340-00117-6,66.3,69.9,72.898,73.406
0340-00117-8,67.6,69.5,74.676,75.692
0340-00117-9,22.9,24.8,27.432,28.194
0340-00121-10,28.2,28.7,30.48,32.258
0340-00121-12,67.1,71.5,79.502,81.28
0340-00121-14,41.7,45.1,51.054,53.594
0340-00121-15,22.6,23.6,24.13,23.368
0340-00121-16,46.0,48.5,50.8,51.308
0340-00121-17,41.4,46.736,47.498,
0340-00121-2,69.6,75.8,81.788,83.312
0340-00121-3,36.3,38.5,40.64,41.402
0340-00121-4,64.0,67.9,72.644,75.184
0340-00121-5,32.3,33.6,35.56,36.322
0340-00121-6,26.9,27.5,32.766,34.29
0340-00121-7,37.1,35.2,,
0340-00122-1,34.3,39.2,41.91,42.418
0340-00122-10,17.8,19.6,22.606,23.368
0340-00122-12,49.0,55.0,59.436,61.722
0340-00122-13,38.4,45.7,49.022,50.546
0340-00122-15,28.7,30.1,,
0340-00122-2,42.9,47.4,52.324,54.102
0340-00122-3,35.6,39.3,39.624,40.894
0340-00122-5,21.3,21.5,,
0340-00122-7,69.6,74.2,76.962,77.724
0340-00122-8,54.1,57.8,59.69,60.452
0340-00123-10,22.1,23.8,26.416,
0340-00123-12,87.6,93.4,101.854,104.902
0340-00123-13,23.6,22.9,,
0340-00123-16,57.7,61.0,64.77,66.294
0340-00123-18,88.1,93.5,98.806,102.362
0340-00123-19,56.9,57.912,60.452,
0340-00123-3,41.9,46.5,50.8,53.34
0340-00123-4,18.0,19.8,22.098,23.114
0340-00123-5,23.4,24.6,24.892,24.892
0340-00123-7,63.2,67.0,69.85,71.374
0340-00123-8,18.3,19.6,20.32,
0340-00123-9,50.8,56.0,64.516,67.818
0340-00124-1,54.6,58.0,57.912,
0340-00124-10,67.8,75.0,,
0340-00124-12,77.5,84.0,93.726,
0340-00124-7,41.4,42.8,,
0350-00002-10,84.8,90.7,96.52,99.568
0350-00002-12,74.4,78.2,83.312,
0350-00002-15,80.0,83.0,85.852,87.63
0350-00002-20,18.0,22.9,29.21,30.48
0350-00002-5,63.5,67.6,69.342,70.612
0350-00003-10,37.8,42.1,48.006,49.784
0350-00003-16,65.8,71.4,77.978,80.01
0350-00003-21,39.1,45.3,53.848,
0350-00003-3,58.4,62.3,66.802,68.834
0350-00005-1,23.6,26.9,30.226,31.75
0350-00005-14,58.9,65.3,71.882,74.93
0350-00005-20,23.4,24.5,25.654,26.67
0350-00005-24,86.4,94.6,102.87,106.426
0350-00005-6,73.7,83.5,89.154,92.202
0350-00005-9,54.6,61.0,67.564,
0350-00101-1,31.8,34.5,39.624,39.878
0350-00101-10,18.8,19.6,24.892,21.844
0350-00101-13,35.1,37.0,42.672,40.132
0350-00101-16,35.6,36.0,38.608,
0350-00101-17,41.7,43.1,44.45,
0350-00101-22,55.4,58.6,62.23,63.246
0350-00101-23,16.3,20.2,26.162,24.892
0350-00101-24,52.6,54.1,57.404,
0350-00101-26,23.4,25.2609230769231,27.432,24.384
0350-00101-3,57.7,63.3,70.612,72.39
0350-00101-32,60.5,68.2,76.708,74.168
0350-00101-36,34.8,34.036,33.782,
0350-00101-37,16.8,16.8,,
0350-00101-5,44.2,44.6,45.212,
0350-00101-6,48.3,48.7,51.308,
0350-00102-14,49.8,55.9,59.182,62.484
0350-00102-16,21.8,23.9,26.416,26.416
0350-00102-17,22.1,26.3,,
0350-00102-19,18.3,21.2,25.908,27.432
0350-00102-22,46.7,52.3,58.42,60.452
0350-00102-28,87.4,94.0,104.648,
0350-00102-4,35.8,39.5,45.72,48.26
0350-00102-9,21.1,25.5,31.496,
0350-00103-10,57.2,59.4,63.5,63.246
0350-00103-11,15.0,16.6,18.034,18.796
0350-00103-12,22.1,24.9,27.686,28.956
0350-00103-19,21.3,25.7,,
0350-00103-21,58.4,59.2,60.96,61.214
0350-00103-22,20.6,24.8,29.464,32.004
0350-00103-24,61.2,61.4,63.5,63.754
0350-00103-25,15.4,21.844,21.59,
0350-00103-27,64.8,66.5,69.342,
0350-00103-28,19.3,20.7,24.892,25.4
0350-00103-3,15.5,17.0,17.78,19.05
0350-00103-32,22.4,25.7,31.496,32.258
0350-00103-33,21.1,24.0,29.21,30.988
0350-00103-34,50.5,51.6,53.086,53.34
0350-00103-39,56.9,60.5,66.04,66.294
0350-00103-4,17.5,18.3,18.796,19.05
0350-00103-40,55.9,58.2,60.96,61.468
0350-00103-42,16.3,18.288,18.796,
0350-00103-5,27.9,32.9,38.862,41.148
0350-00103-6,21.1,23.2,23.622,23.622
0350-00103-7,17.3,16.9,17.78,17.526
0350-00103-9,18.8,19.8,20.828,22.098
0350-00105-10,69.3,71.3,73.406,74.168
0350-00105-102,21.8,20.1,,
0350-00105-103,22.6,23.4,,
0350-00105-18,53.8,59.2,65.024,66.802
0350-00105-19,23.6,25.0,27.432,28.448
0350-00105-2,27.4,30.0,34.29,34.798
0350-00105-20,21.1,28.0,35.56,38.608
0350-00105-23,51.8,53.4,54.102,54.61
0350-00105-27,20.828,21.59,,
0350-00105-28,24.638,25.146,,
0350-00105-5,48.8,53.9,61.722,62.992
0350-00106-10,60.2,67.7,76.2,78.486
0350-00106-13,45.0,52.1,60.452,64.008
0350-00106-22,52.3,61.2,70.104,71.628
0350-00106-25,22.1,24.0,27.94,
0350-00106-3,49.3,54.4,58.928,60.706
0350-00106-30,26.4,27.8,,
0350-00106-9,37.6,43.0,,
0350-00109-14,85.1,92.0,98.552,100.584
0350-00109-18,23.9,27.8,32.512,35.052
0350-00109-23,15.24,16.256,,
0350-00109-3,26.9,30.8,35.306,37.846
0350-00109-4,39.9,45.6,52.07,55.88
0350-00109-6,15.494,15.494,,
0350-00109-7,18.3,20.8,23.622,24.638
0350-00109-8,22.1,25.7,28.702,30.226
0350-00109-9,47.2,56.3,65.278,69.088
0350-00110-1,73.2,79.0,86.36,88.646
0350-00110-11,46.0,51.0,56.134,59.182
0350-00110-4,37.6,41.9,46.228,
0350-00110-6,69.6,71.0,72.644,72.644
0350-00110-7,20.8,21.8,,
0350-00111-11,71.6,78.2,85.09,88.392
0350-00111-12,21.6,26.5,31.75,
0350-00111-18,67.8,75.9,80.772,85.598
0350-00111-20,84.3,91.5,100.33,102.87
0350-00111-26,88.1,94.6,101.6,105.664
0350-00111-4,16.8,19.3,21.844,22.606
0350-00111-5,45.7,48.6,50.546,51.562
0350-00111-6,15.0,17.3,19.304,19.812
0350-00111-7,20.3,24.5,29.718,
0350-00112-11,48.3,55.3,61.468,65.024
0350-00112-15,24.9,30.1,34.29,
0350-00112-21,61.0,67.8,76.2,79.248
0350-00112-22,46.5,52.6,56.642,58.674
0350-00112-25,19.8,22.0,24.13,24.13
0350-00112-30,35.3,40.4,47.244,51.308
0350-00112-35,53.3,58.4,64.008,63.5
0350-00112-4,69.1,79.2,81.534,83.82
0350-00113-12,23.4,26.2,29.718,
0350-00113-13,23.4,23.3,24.638,22.86
0350-00113-14,22.9,23.7,24.384,24.892
0350-00113-16,83.1,85.1,89.916,
0350-00113-18,59.7,65.1,72.898,75.438
0350-00113-6,57.2,59.2,,
0350-00113-7,55.1,59.2,65.532,67.564
0350-00115-14,56.1,59.5,67.564,67.818
0350-00115-2,22.9,25.7,27.94,30.988
0350-00115-5,58.9,63.8,68.072,
0350-00115-9,59.4,64.9,73.152,76.2
0350-00116-11,83.1,86.8,91.948,94.234
0350-00116-14,76.5,74.5,82.296,83.82
0350-00116-18,21.8,25.3,29.464,30.734
0350-00116-21,76.7,78.6,82.042,83.566
0350-00116-7,70.9,82.042,86.106,
0350-00116-9,39.7,35.814,38.862,
0350-00117-10,53.8,58.5,65.024,
0350-00117-13,78.5,85.7,92.202,93.98
0350-00117-2,29.2,31.7,36.068,37.592
0350-00117-21,69.1,72.4,79.502,80.01
0350-00117-23,63.0,71.0,78.486,
0350-00117-27,28.7,33.4,40.386,43.18
0350-00117-3,28.4,28.1,31.496,32.258
0350-00117-5,50.5,52.1,57.15,58.674
0350-00119-1,55.6,60.8,65.786,65.278
0350-00119-11,63.5,69.0,73.152,75.438
0350-00119-15,95.3,101.0,104.14,104.394
0350-00119-16,24.1,26.8,29.718,30.734
0350-00119-19,16.8,19.0,22.098,24.384
0350-00119-22,16.0,20.32,22.098,
0350-00119-24,15.7,19.05,20.32,
0350-00119-6,46.2,48.3,49.022,50.038
0350-00119-7,17.8,20.7,23.368,23.622
0380-00002-16,61.7,65.4,70.104,71.374
0380-00002-19,49.3,52.1,54.61,55.372
0380-00002-22,45.2,47.8,51.308,52.578
0380-00002-25,47.0,52.0,57.912,61.214
0380-00004-11,23.6,22.5,,
0380-00004-12,75.9,79.8,85.852,85.344
0380-00004-17,46.0,50.4,54.102,56.642
0380-00004-20,43.2,47.1,50.546,52.832
0380-00004-29,60.5,66.8,73.914,75.184
0380-00004-5,64.5,73.5,70.104,71.374
0380-00004-6,50.8,60.96,62.738,
0380-00006-13,41.7,46.7,51.308,51.308
0380-00006-14,41.1,46.5,52.832,56.134
0380-00006-18,24.6,27.0,30.734,33.02
0380-00006-2,34.5,38.5,42.926,45.212
0380-00006-25,90.7,93.4,97.536,99.06
0380-00010-1,42.4,41.8,,
0380-00010-12,56.6,61.9,67.31,69.85
0380-00010-3,58.9,61.1,64.516,65.278
0380-00010-5,57.2,64.8,71.12,73.66
0380-00015-10,73.7,77.5,82.042,84.328
0380-00015-13,84.8,88.3,92.456,93.726
0380-00015-21,31.8,33.4,31.496,
0380-00015-22,38.4,42.0,46.482,49.784
0380-00015-23,31.8,34.4,35.56,
0380-00015-8,29.5,28.0,,
0380-00102-11,84.1,86.5,89.916,90.17
0380-00102-13,39.6,42.4,46.228,
0380-00102-17,17.0,18.9,21.59,20.828
0380-00102-18,33.5,36.6,41.148,
0380-00102-2,74.2,75.6,78.994,78.486
0380-00102-21,76.7,83.4,90.932,93.726
0380-00102-24,28.2,29.7,31.75,
0380-00102-4,21.8,23.2,24.638,
0380-00102-6,17.5,17.9809230769231,18.542,
0380-00102-8,28.7,31.3,36.068,
0380-00102-9,15.7,17.2,20.32,24.13
0380-00103-11,21.3,23.1,26.162,25.654
0380-00103-12,16.8,26.6741538461538,28.194,
0380-00103-14,19.1,23.1,,
0380-00103-15,20.3,25.2,30.48,29.718
0380-00103-20,68.3,71.5,76.454,
0380-00103-25,93.5,97.9,102.108,
0380-00103-3,22.9,25.2,,
0380-00103-6,86.9,88.5,94.742,90.17
0380-00104-10,67.8,66.8,67.056,64.262
0380-00104-11,58.4,62.7,64.77,70.104
0380-00104-14,89.9,87.2,,
0380-00104-15,77.2,82.2,86.614,87.884
0380-00104-17,35.1,37.4,42.164,41.402
0380-00104-9,53.3,57.8,62.23,62.23
0380-00107-13,57.7,63.0,60.452,
0380-00107-15,28.4,35.6,42.926,43.434
0380-00107-19,83.6,86.8,90.932,92.964
0380-00107-2,42.7,43.9,48.006,
0380-00107-3,16.764,16.5,,
0380-00107-7,58.2,61.1,65.532,67.564
0380-00107-8,21.8,26.1,29.464,
0380-00107-9,54.1,55.7,58.928,59.944
0380-00110-1,17.8,18.9,21.844,
0380-00110-13,77.0,89.8,84.074,
0380-00110-2,88.6,95.3,102.362,105.156
0380-00110-4,32.0,30.9,,
0380-00110-7,19.1,23.3,30.226,29.972
0380-00110-8,70.1,70.8,77.724,
0380-00112-1,15.5,19.0,23.368,
0380-00112-11,54.6,59.4,64.77,66.294
0380-00112-14,71.1,75.8,80.772,84.582
0380-00112-16,62.5,66.6,71.12,72.644
0380-00112-18,54.4,57.2,61.468,63.246
0380-00112-20,101.6,102.9,,
0380-00112-3,18.3,21.4,24.892,26.416
0380-00112-6,15.7,19.05,20.32,
0380-00112-8,17.018,18.034,,
0380-00113-13,30.0,33.1,36.83,
0380-00113-15,41.4,44.0,46.482,48.006
0380-00113-16,16.5,18.1,21.59,22.098
0380-00113-19,22.4,24.7,28.448,
0380-00113-20,29.5,33.2,37.592,38.1
0380-00113-21,106.7,111.8,119.38,119.888
0380-00113-24,30.0,32.2,36.068,35.814
0380-00113-3,45.5,46.6,,
0380-00113-4,20.8,22.4,23.622,24.13
0380-00113-6,58.7,61.6,67.056,
0380-00113-9,66.5,71.0,76.454,76.454
0380-00114-12,72.4,71.4,,
0380-00114-13,70.9,70.1,,
0380-00114-4,81.0,84.7,89.916,90.424
0380-00114-9,104.6,111.5,121.666,118.11
0380-00117-10,68.8,73.0,79.502,78.994
0380-00117-15,88.1,93.3,96.774,96.774
0380-00117-2,80.8,80.8,83.82,83.566
0380-00117-5,65.3,71.4,80.518,81.28
0380-00117-9,79.5,80.2,,
0380-00118-11,67.1,70.2,74.422,76.2
0380-00118-12,86.4,89.4,93.218,94.742
0380-00118-2,60.7,60.7,,
0380-00118-6,57.2,60.3,65.786,66.802
0380-00118-9,45.5,49.5,53.848,55.118
0380-00119-19,94.5,100.0,107.95,107.95
0380-00119-2,74.7,80.4,87.376,89.916
0380-00119-4,25.4,28.1,35.306,35.56
0380-00119-9,25.9,30.2,34.544,37.338
0380-00120-10,73.2,77.9,84.836,85.344
0380-00120-12,63.8,66.5,72.644,73.914
0380-00120-13,41.1,49.7,54.864,55.88
0380-00120-17,43.7,45.8,46.482,46.99
0380-00120-18,69.9,74.8,78.486,79.502
0380-00120-4,66.0,71.2,67.818,
0380-00120-5,70.1,76.4,82.804,83.058
0380-00120-8,50.0,53.2,57.912,60.706
0380-00125-1,97.8,100.8,109.474,
0380-00125-12,54.6,55.4,,
0380-00125-14,44.5,44.5,46.736,42.418
0380-00125-15,52.8,57.1,60.452,62.738
0380-00125-16,81.3,84.4,93.726,93.98
0380-00125-2,24.6,25.9,,
0380-00125-3,73.7,75.0,80.01,
0380-00125-7,60.5,62.0,,
0380-00125-8,29.2,33.1,38.862,37.592
0380-00126-5,89.4,92.9,100.838,102.616
0380-00127-1,80.3,79.1,76.708,
0380-00127-12,86.4,88.5,,
0380-00127-22,111.8,119.1,126.746,
0380-00127-7,46.2,47.7,,
0400-00002-10,23.9,24.4,,
0400-00002-12,19.8,18.5,18.796,19.05
0400-00002-2,39.9,43.4,46.482,49.022
0400-00002-3,49.3,55.5,61.976,64.008
0400-00002-5,50.8,55.5,60.452,61.722
0400-00002-6,69.6,72.6,72.898,71.882
0400-00002-7,38.4,40.8,43.688,45.212
0400-00002-9,66.3,61.5,69.088,
0400-00009-10,25.9,26.2,27.178,27.686
0400-00009-11,53.8,57.5,63.5,66.04
0400-00009-12,52.6,53.9,56.896,57.912
0400-00009-13,73.2,75.6,78.994,80.772
0400-00009-14,41.4,44.8,45.212,
0400-00009-19,19.8,20.3,,
0400-00009-22,45.0,46.6,,
0400-00009-23,22.9,24.0,23.876,
0400-00009-25,42.2,47.5,54.864,58.166
0400-00009-26,41.1,45.6,50.546,52.07
0400-00009-27,24.4,24.7,25.654,25.654
0400-00009-28,26.2,29.2,31.75,33.02
0400-00009-3,30.7,29.8,,
0400-00009-35,16.5,17.1,,
0400-00009-4,30.0,32.5,32.766,
0400-00009-40,20.8,21.9,24.13,25.146
0400-00009-5,41.1,44.7,46.228,
0400-00009-7,35.6,39.7,42.672,45.212
0400-00009-8,20.3,20.4,,
0400-00009-9,55.6,58.4,63.246,65.532
0400-00022-1,18.0,19.1,,
0400-00022-11,90.2,92.5,96.266,98.044
0400-00022-12,21.1,21.2,,
0400-00022-14,64.8,66.4,69.85,70.866
0400-00022-16,26.7,27.2,27.686,29.464
0400-00022-18,64.3,67.1,70.104,71.882
0400-00022-2,27.4,30.3,,
0400-00022-21,80.3,80.2,81.534,82.55
0400-00022-22,24.4,24.6,,
0400-00022-24,58.9,62.8,70.104,73.152
0400-00022-7,22.4,23.7,,
0400-00023-1,24.4,27.2,30.988,32.512
0400-00023-12,50.8,55.7,63.5,66.04
0400-00023-16,31.8,35.2,39.878,41.148
0400-00023-2,40.4,43.8,47.752,49.022
0400-00023-23,22.1,22.9,24.638,22.606
0400-00023-24,45.2,48.5,53.848,55.626
0400-00023-25,22.9,21.8,,
0400-00023-26,21.3,22.9,25.4,26.924
0400-00023-27,24.9,25.4,,
0400-00023-29,18.3,18.7,,
0400-00023-3,25.4,28.4,30.988,31.496
0400-00023-30,16.3,18.288,19.558,
0400-00023-33,16.3,20.0,21.336,
0400-00024-1,72.1,77.0,81.534,82.804
0400-00024-10,46.5,46.3,48.26,48.768
0400-00024-12,57.9,63.0,69.342,71.628
0400-00024-3,73.2,76.6,78.994,79.502
0400-00024-6,47.5,52.2,56.134,57.658
0400-00024-7,50.5,55.0,59.69,59.436
0400-00024-8,78.7,82.5,89.154,89.154
0400-00024-9,52.6,55.2,59.436,60.706
0400-00101-11,19.8,19.8,20.828,21.59
0400-00101-12,20.6,29.6,22.098,
0400-00101-13,26.9,31.242,30.988,
0400-00101-14,80.3,86.6,92.456,94.996
0400-00101-2,64.8,68.1,73.152,75.184
0400-00101-4,26.4,30.6,33.274,35.052
0400-00101-5,17.3,18.5,19.304,19.304
0400-00101-6,68.8,72.3,76.962,79.248
0400-00101-8,60.5,61.5,64.262,65.786
0400-00101-9,15.5,16.0,19.304,19.558
0400-00102-12,45.2,48.0,52.07,53.086
0400-00102-13,42.2,46.0,51.562,53.848
0400-00102-14,28.7,29.9,31.496,30.226
0400-00102-20,49.5,53.5,56.896,58.42
0400-00102-3,23.9,23.7,,
0400-00102-5,81.3,83.7,90.17,91.694
0400-00102-6,25.9,26.7,26.162,26.416
0400-00103-1,31.2,33.2,35.306,37.084
0400-00103-10,19.3,20.4,23.368,25.146
0400-00103-11,17.8,20.5,23.114,24.638
0400-00103-12,57.2,60.7,66.548,68.834
0400-00103-13,20.8,22.9,,
0400-00103-16,45.2,50.4,56.388,58.674
0400-00103-3,31.0,31.4,31.242,
0400-00103-4,20.6,21.9,24.13,
0400-00103-5,23.1,24.3,,
0400-00103-6,25.7,28.6,29.21,
0400-00103-8,96.5,101.3,105.664,107.188
0400-00103-9,45.2,45.8,,
0400-00104-1,22.1,24.0,26.416,27.432
0400-00104-10,27.7,27.5,,
0400-00104-11,27.9,27.8,,
0400-00104-14,24.6,29.3,,
0400-00104-15,21.8,26.8,32.004,34.29
0400-00104-16,17.5,21.8,24.384,25.654
0400-00104-18,24.9,25.2,,
0400-00104-19,22.6,26.3,31.75,34.29
0400-00104-2,23.4,25.1,27.432,28.194
0400-00104-24,53.6,57.8,63.246,65.278
0400-00104-25,26.2,29.8,32.512,34.29
0400-00104-27,30.0,32.8,36.322,37.592
0400-00104-29,24.1,26.5,28.448,29.21
0400-00104-3,79.2,81.6,86.106,87.884
0400-00104-30,45.5,48.0,51.308,51.308
0400-00104-31,15.2,15.0,15.24,
0400-00104-4,23.6,25.7,26.67,27.686
0400-00104-5,55.9,61.1,63.754,65.786
0400-00104-6,28.4,28.2,,
0400-00104-7,50.8,50.9,,
0400-00104-8,29.2,28.6,,
0400-00104-9,22.9,23.2,,
0400-00105-1,67.1,72.2,77.47,80.01
0400-00105-10,71.1,77.6,81.026,82.804
0400-00105-11,17.8,20.828,21.336,
0400-00105-12,26.7,28.1,30.734,30.988
0400-00105-14,70.9,76.4,81.28,83.566
0400-00105-16,67.1,73.2,76.2,77.724
0400-00105-17,26.4,25.7,,
0400-00105-21,21.8,23.5,22.606,
0400-00105-22,45.2,51.1,53.34,55.372
0400-00105-3,51.6,54.8,57.404,
0400-00105-4,38.6,42.0,43.942,45.72
0400-00105-5,28.7,30.8,32.258,33.02
0400-00105-7,42.4,47.7,53.594,56.642
0400-00105-8,19.3,21.5,21.336,
0400-00105-9,23.6,23.2,,
0400-00106-1,24.4,26.2,27.686,28.194
0400-00106-10,87.1,94.7,101.6,104.648
0400-00106-15,61.7,65.2,70.358,71.628
0400-00106-17,42.9,45.5,48.768,50.038
0400-00106-18,25.4,27.4,28.448,29.464
0400-00106-19,43.7,45.5,50.038,51.308
0400-00106-2,81.8,86.8,88.392,89.916
0400-00106-21,39.4,39.6,40.64,39.878
0400-00106-22,43.4,47.5,52.324,54.61
0400-00106-23,22.4,22.5,23.368,24.384
0400-00106-25,27.4,28.5,30.48,30.988
0400-00106-26,23.4,25.4,26.924,28.194
0400-00106-28,69.1,74.2,78.994,80.772
0400-00106-3,38.1,42.2,46.228,48.006
0400-00106-4,24.1,26.3,28.448,28.956
0400-00106-5,41.4,43.0,45.466,46.228
0400-00106-9,72.4,75.1,79.502,81.28
0400-00108-13,15.5,17.2,,
0400-00108-15,27.4,26.3,,
0400-00108-17,87.4,91.3,97.79,100.584
0400-00108-18,29.0,32.7,32.004,
0400-00108-19,25.7,24.3,,
0400-00108-2,93.0,95.1,97.79,99.314
0400-00108-21,15.2,19.7,,
0400-00108-22,19.8,21.0,,
0400-00108-7,26.7,31.2,35.56,35.052
0400-00108-8,57.2,61.5,69.342,70.358
0400-00108-9,24.4,26.3,26.67,
0400-00109-1,38.4,39.1,39.116,39.37
0400-00109-11,53.3,59.2,64.516,69.342
0400-00109-12,19.1,19.5,19.812,19.304
0400-00109-13,22.9,24.5,25.908,26.67
0400-00109-15,32.8,34.4,35.306,35.56
0400-00109-16,19.1,22.2,24.13,25.146
0400-00109-3,60.2,63.8,68.834,71.628
0400-00109-4,39.6,41.0,44.196,44.704
0400-00109-5,66.0,69.7,73.406,75.438
0400-00109-6,64.0,67.3,71.12,72.136
0400-00109-9,20.1,21.0,21.844,22.86
0400-00110-10,58.7,61.1,65.532,66.294
0400-00110-12,62.0,65.5,70.612,71.628
0400-00110-16,52.6,56.7,60.452,61.214
0400-00110-17,22.9,23.2,22.86,
0400-00110-18,16.8,17.2,,
0400-00110-2,23.9,24.4,23.114,
0400-00110-4,67.6,72.4,77.724,78.74
0400-00110-5,51.3,54.3,58.42,58.42
0400-00110-6,76.2,79.0,82.042,82.55
0400-00110-7,45.7,48.7,48.514,
0400-00112-1,40.9,44.3,43.688,
0400-00112-11,26.2,34.4,37.592,40.386
0400-00112-12,22.1,26.3193846153846,31.242,32.766
0400-00112-13,32.3,38.0,,
0400-00112-14,45.7,50.5156923076923,56.134,59.182
0400-00112-16,37.8,41.9,42.418,
0400-00112-18,24.6,28.6,32.258,33.528
0400-00112-19,52.6,57.1,62.992,64.77
0400-00112-2,92.2,94.1,95.25,94.996
0400-00112-20,53.1,59.182,60.706,
0400-00112-21,23.9,27.3,29.464,29.718
0400-00112-3,47.2,49.8,54.61,56.642
0400-00116-10,78.2,84.5,90.678,93.726
0400-00116-11,69.9,73.9,75.692,78.486
0400-00116-13,50.5,49.1,,
0400-00116-17,35.8,40.4,40.386,40.64
0400-00116-18,54.9,58.8,60.452,62.484
0400-00116-3,33.5,35.5,35.052,
0400-00116-4,28.4,33.0,31.242,
0400-00116-5,22.1,22.5,,
0400-00116-7,21.8,23.7,,
0400-00118-12,34.5,36.0,37.592,38.354
0400-00118-14,61.5,65.6,69.85,72.136
0400-00118-15,20.3,21.0,22.352,23.368
0400-00118-17,33.0,35.3,,
0400-00118-18,34.3,38.354,40.894,
0400-00118-19,31.2,34.7,37.846,41.148
0400-00118-2,23.6,24.7,24.892,25.146
0400-00118-20,27.7,29.9,32.258,34.29
0400-00118-21,19.3,19.7,21.082,21.844
0400-00118-22,24.9,26.1,,
0400-00118-23,22.9,23.3,23.114,
0400-00118-24,20.3,21.4,21.59,
0400-00118-25,15.2,17.6,21.082,22.86
0400-00118-26,17.5,19.7,21.844,23.876
0400-00118-28,28.4,30.8,33.528,35.814
0400-00118-3,15.0,15.3,,
0400-00118-32,27.9,30.4,35.56,37.592
0400-00118-33,23.9,25.5,,
0400-00118-34,26.4,27.7,28.956,29.972
0400-00118-37,22.9,24.6,24.384,24.892
0400-00118-38,46.7,51.7,58.674,61.468
0400-00118-4,19.1,19.7,19.304,19.05
0400-00118-5,19.3,20.5,20.828,
0400-00118-7,21.6,23.2,24.638,25.908
0400-00118-8,37.8,41.9,44.958,47.244
0400-00118-9,65.3,70.5,74.676,75.184
0400-00119-1,33.8,36.6,40.132,40.64
0400-00119-10,34.0,38.9,42.164,45.72
0400-00119-11,23.4,24.4,,
0400-00119-12,15.2,15.5,,
0400-00119-13,20.8,20.8,,
0400-00119-14,25.1,25.4,,
0400-00119-16,31.5,33.8,,
0400-00119-18,49.3,56.5,64.008,66.548
0400-00119-20,16.5,17.0,,
0400-00119-24,57.2,60.1,64.516,66.548
0400-00119-25,16.3,16.7,16.51,16.51
0400-00119-26,24.1,26.9,30.988,31.75
0400-00119-28,24.6,25.3,26.162,26.416
0400-00119-29,17.0,19.5,18.796,18.542
0400-00119-3,17.3,17.8,,
0400-00119-32,15.0,15.7,,
0400-00119-34,23.6,25.0,25.4,26.416
0400-00119-35,17.8,19.2,19.05,19.812
0400-00119-36,30.5,36.0,42.418,45.974
0400-00119-6,30.5,32.6,,
0400-00119-7,34.8,38.2,42.164,45.466
0400-00119-8,19.6,28.1,,
0400-00119-9,21.6,22.5,22.352,
0400-00120-10,31.8,35.7,38.862,40.132
0400-00120-11,21.3,23.2,24.638,25.4
0400-00120-13,47.8,51.3,56.388,57.658
0400-00120-14,51.3,57.2,62.738,65.024
0400-00120-16,42.9,47.9,54.61,56.896
0400-00120-2,46.0,50.2,52.07,54.102
0400-00120-4,32.3,33.3,34.798,35.56
0400-00120-6,26.4,29.7,31.242,35.306
0400-00120-7,95.8,99.9,104.902,106.68
0400-00121-1,50.5,55.5,60.706,63.246
0400-00121-11,73.2,76.5,80.264,81.788
0400-00121-13,23.9,24.8,23.876,23.368
0400-00121-14,72.1,77.1,80.772,82.55
0400-00121-16,52.3,57.1,59.944,62.23
0400-00121-17,18.5,18.9,19.05,18.542
0400-00121-21,58.4,63.5,69.596,71.882
0400-00121-3,15.5,15.4,15.494,
0400-00121-4,57.4,63.1,70.358,72.136
0400-00121-5,68.6,72.2,77.47,79.756
0490-00004-1,49.3,54.1,59.182,61.468
0490-00004-10,49.5,53.4,58.674,
0490-00004-101,42.9,44.9,,
0490-00004-13,20.6,24.7,29.464,31.496
0490-00004-14,33.3,37.4,41.91,
0490-00004-16,22.1,23.9,27.432,30.48
0490-00004-19,44.958,47.498,,
0490-00004-2,58.9,63.5,69.342,73.914
0490-00004-6,53.1,57.9,63.754,64.008
0490-00008-11,36.6,41.9,49.022,51.816
0490-00008-17,69.6,74.9,81.026,83.058
0490-00008-19,23.4,26.6,30.226,32.258
0490-00008-2,81.8,88.2,93.726,95.504
0490-00008-6,39.6,45.3,52.324,
0490-00018-1,54.1,58.7,64.516,
0490-00018-16,17.526,17.78,,
0490-00018-17,18.5,17.526,,
0490-00018-2,44.7,49.3,53.848,56.134
0490-00018-21,15.7,20.828,20.32,
0490-00018-5,70.4,77.4,84.836,87.376
0490-00018-6,23.6,27.6,32.766,
0490-00020-12,24.9,29.0,34.544,
0490-00020-13,21.8,24.4,26.67,27.432
0490-00020-22,20.4,26.67,29.464,
0490-00020-3,35.8,41.0,47.498,49.53
0490-00020-5,58.2,62.8,68.58,71.12
0490-00020-6,44.2,50.3,56.134,
0490-00020-7,68.6,73.6,77.47,
0490-00033-1,70.6,75.2,80.518,82.042
0490-00033-11,42.4,45.4,50.8,53.594
0490-00033-14,48.8,53.8,59.69,
0490-00033-2,58.2,62.5,66.294,68.072
0490-00035-10,22.1,26.1,31.496,33.274
0490-00035-13,75.7,84.2,92.71,95.758
0490-00035-15,24.4,28.8,34.036,37.338
0490-00035-20,76.7,79.9,82.55,81.788
0490-00035-23,70.9,73.0,80.772,
0490-00035-9,68.1,74.8,80.772,83.312
0490-00041-1,62.2,68.6,75.946,79.248
0490-00041-16,108.0,114.4,121.92,123.952
0490-00041-22,36.3,40.6,44.704,
0490-00041-27,24.384,26.67,,
0490-00041-6,89.2,95.2,101.346,103.378
0490-00041-9,43.7,49.4,55.372,57.404
0490-00041-92,16.0,20.3,,
0490-00042-18,82.0,85.7,89.916,91.694
0490-00042-23,55.9,60.5,64.77,66.04
0490-00042-6,29.7,34.7,40.386,
0490-00042-9,17.5,23.7,29.21,32.766
0490-00102-1,26.4,28.5,32.766,33.274
0490-00102-13,94.5,101.0,107.188,109.22
0490-00102-5,18.5,21.0,26.416,28.702
0490-00102-6,67.1,72.5,80.518,
0490-00102-8,45.2,48.7,54.864,
0490-00102-9,86.9,94.5,101.346,103.632
0490-00103-14,53.3,56.8,62.484,66.04
0490-00103-15,15.9,20.066,,
0490-00103-16,41.9,43.7,46.482,46.482
0490-00103-17,16.0,19.304,20.574,
0490-00103-18,37.1,44.0,50.8,
0490-00103-21,92.2,98.6,105.664,107.442
0490-00103-24,19.8,23.5,26.67,
0490-00103-25,66.0,74.0,82.042,
0490-00103-4,58.9,64.2,69.85,72.136
0490-00103-6,76.2,80.1,84.582,85.09
0490-00104-13,18.2,23.876,27.432,
0490-00104-14,94.0,99.9,104.394,
0490-00104-2,108.7,115.2,122.682,124.206
0490-00104-5,80.3,83.8,88.646,91.186
0490-00105-10,22.9,26.6,30.48,33.02
0490-00105-13,83.1,86.9,90.678,92.71
0490-00105-15,21.3,23.8,25.908,
0490-00105-16,64.8,68.7,72.898,
0490-00105-2,77.5,83.0,90.424,93.472
0490-00105-3,43.2,48.2,48.768,
0490-00105-6,27.7,34.1,46.736,
0490-00105-7,23.4,26.2,28.702,29.21
0490-00110-1,24.4,28.5,34.036,36.83
0490-00110-10,64.0,70.8,75.438,76.708
0490-00110-12,49.0,55.7,62.992,
0490-00110-15,25.9,31.8,38.354,
0490-00110-17,60.5,67.2,74.168,77.47
0490-00110-18,19.3,21.8,24.638,25.4
0490-00110-24,24.1,28.0,,
0490-00110-27,22.1,25.6,30.226,32.258
0490-00110-28,37.6,44.0,50.546,53.594
0490-00110-6,85.1,91.2,100.33,
0490-00110-9,17.5,20.32,,
0490-00115-1,66.5,69.3,73.152,
0490-00115-10,26.2,29.4,34.798,35.814
0490-00115-11,91.4,97.2,105.664,
0490-00115-13,87.6,92.8,100.076,104.902
0490-00115-16,77.0,84.6,89.916,
0490-00115-18,18.8,19.6,21.336,21.082
0490-00115-2,62.0,67.5,76.962,
0490-00115-6,61.2,68.4,86.868,
0490-00117-1,63.0,65.5,67.056,
0490-00117-10,17.272,19.812,,
0490-00117-2,59.2,63.4,66.04,
0490-00117-6,91.2,101.0,105.664,112.776
0490-00117-9,58.7,63.4,68.326,70.104
0490-00120-10,16.0,19.7,17.018,
0490-00120-11,17.0,18.6,19.304,
0490-00120-12,25.4,30.9,34.798,37.084
0490-00120-13,29.5,25.6,39.37,
0490-00120-14,56.1,63.2,69.85,73.152
0490-00120-18,24.1,31.2,37.592,41.91
0490-00120-19,17.3,17.8,18.288,18.542
0490-00120-20,19.8,23.4,26.416,28.194
0490-00120-21,73.4,74.7,80.772,82.042
0490-00120-3,25.4,29.4,33.782,36.068
0490-00120-4,64.8,65.8,70.104,
0490-00120-6,26.4,29.0,30.734,31.75
0490-00120-8,33.3,38.4,41.91,45.212
0490-00122-1,25.7,25.7,26.162,
0490-00122-10,26.7,30.7,32.512,33.782
0490-00122-11,17.5,20.4,22.86,24.638
0490-00122-13,50.0,52.5,55.372,56.896
0490-00122-14,39.9,43.3,46.228,
0490-00122-15,27.2,29.6,31.75,33.528
0490-00122-16,86.1,94.3,103.632,110.49
0490-00122-17,37.3,40.9,43.18,42.672
0490-00122-18,67.6,72.2,77.47,
0490-00122-19,18.8,19.2,19.304,
0490-00122-2,50.0,57.0,62.484,
0490-00122-20,17.5,18.0,18.034,18.542
0490-00122-21,24.1,25.1,25.4,25.654
0490-00122-22,38.4,40.0,40.894,41.91
0490-00122-25,23.4,25.0,26.67,26.924
0490-00122-26,37.8,39.1,40.386,41.402
0490-00122-27,37.3,38.3,38.1,36.576
0490-00122-28,20.1,20.9,21.844,22.352
0490-00122-4,15.5,16.7,17.78,
0490-00122-5,60.5,63.6,67.056,
0490-00122-6,63.0,67.6,72.136,74.93
0490-00122-7,15.4,16.256,,
0490-00124-16,39.6,42.9,44.958,46.99
0490-00124-17,37.6,41.0,42.926,44.45
0490-00124-19,49.3,55.2,62.992,
0490-00124-5,68.3,74.1,79.248,81.534
0490-00124-6,57.4,61.6,66.802,69.088
0490-00124-7,33.0,29.2,31.242,33.782
0490-00124-8,22.9,24.384,24.892,
0490-00124-9,81.0,85.3,91.186,
0490-00125-1,15.1,16.51,17.272,
0490-00125-12,19.6,23.6,28.194,30.48
0490-00125-13,32.3,32.2,33.782,34.544
0490-00125-15,34.3,39.8,45.72,
0490-00125-16,38.4,42.5,47.498,49.022
0490-00125-17,15.0,17.3,19.558,20.32
0490-00125-18,24.4,27.0,30.226,32.258
0490-00125-19,34.3,39.7,45.466,47.752
0490-00125-2,82.8,87.7,92.71,94.996
0490-00125-20,18.3,22.7,26.67,29.21
0490-00125-21,19.1,18.3,19.304,
0490-00125-22,24.1,25.3,27.432,28.702
0490-00125-5,17.0,16.8,,
0490-00125-7,16.1,18.288,19.558,
0490-00125-8,22.4,25.1,29.464,30.988
0490-00125-9,29.0,32.6,35.814,37.592
0490-00126-1,27.9,35.5,43.942,
0490-00126-10,33.5,37.6,41.402,
0490-00126-12,44.5,51.6,59.182,63.5
0490-00126-13,77.5,78.6,81.026,
0490-00126-14,24.4,25.6,25.654,26.416
0490-00126-16,23.6,24.4307692307692,25.4,25.908
0490-00126-17,25.7,28.2,30.48,30.988
0490-00126-18,50.5,55.2,55.118,56.388
0490-00126-2,17.8,21.1,24.892,25.908
0490-00126-3,19.6,23.6,26.67,28.702
0490-00126-4,17.0,19.2596923076923,25.146,27.432
0490-00126-5,15.0,20.9,,
0490-00126-6,22.6,26.1,32.004,34.544
0490-00126-7,17.4,21.336,,
0490-00126-9,89.4,92.3,100.838,107.442
0570-00011-10,23.6,25.9,28.702,30.734
0570-00011-12,45.2,48.3,54.61,56.134
0570-00011-13,23.6,24.8,27.686,29.972
0570-00011-15,23.1,24.6,27.432,27.94
0570-00011-17,32.0,36.3,41.148,43.18
0570-00011-19,36.3,41.5,47.244,50.292
0570-00011-20,49.5,54.6,59.944,61.722
0570-00011-21,20.3,21.1,23.114,24.13
0570-00011-22,17.8,18.2,19.558,20.066
0570-00011-23,37.1,32.6,32.512,
0570-00011-24,51.3,52.5,52.578,53.086
0570-00011-25,33.0,37.1,35.814,
0570-00011-28,20.3,22.0,25.146,26.162
0570-00011-29,20.6,24.2,29.464,31.75
0570-00011-31,17.018,17.018,,
0570-00011-32,15.8,18.288,19.304,
0570-00011-35,18.0,22.7,27.178,30.988
0570-00013-1,47.8,51.7,56.642,56.134
0570-00013-18,26.9,32.3,38.862,41.656
0570-00013-19,48.3,47.9,,
0570-00013-25,57.9,61.1,62.992,63.5
0570-00013-35,69.3,72.6,75.692,77.724
0570-00013-9,67.1,67.6,70.866,71.882
0570-00017-1,104.4,108.5,113.792,114.808
0570-00017-23,94.5,93.1,93.98,92.964
0570-00017-24,53.6,55.4,61.214,60.96
0570-00017-32,36.1,39.8,42.164,
0570-00017-8,39.4,43.9,,
0570-00023-12,91.7,97.4,102.362,103.886
0570-00023-19,42.9,46.4,52.324,54.102
0570-00023-25,32.5,34.4,39.624,40.64
0570-00023-30,59.7,62.5,72.644,
0570-00023-34,67.8,70.9,75.692,76.962
0570-00025-13,26.4,28.7,32.766,34.29
0570-00025-18,23.1,25.3,,
0570-00025-20,47.0,49.5,51.308,52.07
0570-00025-23,40.1,46.2,54.61,59.944
0570-00025-25,26.0,29.972,31.496,
0570-00025-8,26.2,26.5,26.924,
0570-00101-14,63.5,67.5,72.644,74.168
0570-00101-15,41.9,42.2,44.196,44.196
0570-00101-18,69.1,73.9,80.518,82.042
0570-00101-19,16.002,19.304,,
0570-00101-2,61.0,65.1,71.882,73.152
0570-00101-3,18.5,22.5,26.162,28.702
0570-00101-4,31.2,32.9,,
0570-00101-5,36.6,42.9,49.784,51.054
0570-00101-9,52.6,54.0,58.928,58.928
0570-00102-14,48.5,54.5,60.452,61.976
0570-00102-23,55.9,62.8,70.104,73.914
0570-00102-24,21.6,26.0,30.226,32.004
0570-00102-27,49.8,52.7,59.436,60.198
0570-00102-6,39.1,37.7,,
0570-00102-9,22.9,25.5,29.21,30.734
0570-00103-12,70.4,76.0,85.598,91.44
0570-00103-14,34.5,40.4,40.386,41.91
0570-00103-2,54.6,63.1,72.898,75.438
0570-00103-3,58.4,62.3,65.786,68.326
0570-00104-11,15.8,19.558,20.828,
0570-00104-16,79.2,81.3,84.074,86.106
0570-00104-5,51.8,53.8,56.388,58.166
0570-00104-8,32.5,29.4,,
0570-00104-9,30.0,30.5,29.464,27.686
0570-00105-1,77.7,80.5,84.836,88.646
0570-00105-13,46.7,50.5,55.372,57.658
0570-00105-25,33.0,28.0,,
0570-00105-26,43.2,44.7,46.99,47.244
0570-00105-31,57.7,61.1,,
0570-00105-6,56.9,59.0,64.77,68.326
0570-00105-9,37.3,43.5,48.768,49.784
0570-00106-13,56.1,62.2,70.612,74.676
0570-00106-2,64.0,66.3,70.104,71.374
0570-00106-5,99.3,102.5,107.696,109.728
0570-00106-9,85.1,88.0,91.694,93.98
0570-00107-12,53.1,58.5,65.786,67.31
0570-00107-15,65.3,70.1,75.184,77.724
0570-00107-19,41.4,45.1,50.038,52.578
0570-00107-3,57.7,59.2,65.278,67.056
0570-00107-4,82.6,87.2,93.218,94.742
0570-00107-8,24.1,28.8,34.544,32.766
0570-00110-1,60.7,67.3,72.898,72.644
0570-00110-11,42.2,40.9,,
0570-00110-12,42.9,48.0,55.626,57.912
0570-00110-3,66.8,71.5,79.756,78.994
0570-00110-8,41.1,46.4,,
0570-00111-11,36.1,38.9,38.1,
0570-00111-13,65.0,70.6,77.216,80.01
0570-00111-14,33.3,35.2,35.56,35.56
0570-00111-15,36.6,39.1,38.608,37.338
0570-00111-16,35.1,37.1,37.338,37.592
0570-00111-2,40.9,45.6,51.562,54.61
0570-00111-20,47.0,50.8,54.864,57.404
0570-00111-21,22.1,23.0,24.892,25.908
0570-00111-4,32.0,35.2,42.418,46.482
0570-00111-6,50.3,52.8,56.642,59.182
0570-00111-9,25.1,25.0,25.654,26.162
0570-00112-14,48.3,51.8,57.658,58.674
0570-00112-20,50.0,55.8,61.468,65.024
0570-00112-29,50.5,53.2,58.928,60.452
0570-00112-3,54.1,56.3,58.928,59.944
0570-00112-4,49.8,54.9,57.912,58.928
0570-00112-7,61.0,65.2,70.104,72.136
0570-00112-9,35.3,41.5,48.26,51.562
0570-00113-12,54.4,61.8,62.484,
0570-00113-14,70.4,72.7,74.676,76.962
0570-00113-16,74.7,79.4,82.296,84.074
0570-00113-2,22.4,26.4,,
0570-00113-3,65.8,69.3,72.898,75.438
0570-00113-6,52.8,58.1,58.42,
0570-00113-7,45.0,49.0,55.626,59.69
0570-00113-9,56.4,59.6,64.516,67.31
0570-00115-10,38.6,39.8,41.402,45.212
0570-00115-12,19.304,20.0,23.876,25.146
0570-00115-14,27.7,30.9,,
0570-00115-16,40.1,47.1,55.626,57.658
0570-00115-17,41.9,47.9,54.864,57.15
0570-00115-24,67.6,73.0,81.788,85.598
0570-00115-3,117.6,116.5,,
0570-00119-1,50.2,47.752,49.022,
0570-00119-10,48.8,53.0,58.166,60.96
0570-00119-11,39.4,42.8,49.276,51.816
0570-00119-12,21.336,19.7,,
0570-00119-13,29.7,32.2,31.75,30.48
0570-00119-15,25.9,29.4,29.972,30.734
0570-00119-19,35.8,39.3,38.862,
0570-00119-21,19.8,21.8,26.924,26.162
0570-00119-22,26.4,28.6,,
0570-00119-24,16.3,17.6,,
0570-00119-25,28.2,36.5,30.988,30.734
0570-00119-3,47.8,50.1,56.134,57.658
0570-00119-4,25.4,26.3,29.972,30.48
0570-00119-8,49.0,53.6,59.944,63.754
0570-00119-9,37.8,41.5,50.292,52.07
0590-00005-1,30.2,31.3,33.528,33.274
0590-00005-103,17.8,21.2,,
0590-00005-104,19.3,23.8,,
0590-00005-12,83.8,90.4,96.012,99.06
0590-00005-13,19.1,20.6,23.368,23.622
0590-00005-14,40.6,38.6,38.608,40.894
0590-00005-15,34.8,40.1,44.45,46.482
0590-00005-17,16.256,17.272,,
0590-00005-19,20.1,24.5,27.94,29.718
0590-00005-2,86.614,88.138,,
0590-00005-22,19.8,22.4,25.146,25.4
0590-00005-3,65.0,70.5,72.644,71.628
0590-00005-4,36.3,41.1,46.482,48.26
0590-00005-49,18.0,21.1,,
0590-00005-5,42.7,45.0,47.244,48.514
0590-00005-50,23.114,22.606,,
0590-00005-51,26.924,27.94,,
0590-00005-52,20.066,20.066,,
0590-00005-6,40.1,42.2,45.72,44.704
0590-00005-7,27.4,32.5,39.116,40.64
0590-00005-8,38.1,44.0,49.276,52.07
0590-00009-10,27.2,30.9,34.798,36.322
0590-00009-11,65.3,71.8,81.026,83.312
0590-00009-14,17.5,19.0,19.812,20.828
0590-00009-15,17.5,18.8,20.32,20.828
0590-00009-16,19.9,20.0,21.59,21.336
0590-00009-18,45.7,48.8,52.832,54.864
0590-00009-19,24.4,25.3,,
0590-00009-2,25.9,27.5,28.702,30.226
0590-00009-20,15.9,17.5,19.05,19.05
0590-00009-27,41.9,45.7732307692308,50.292,49.784
0590-00009-29,16.5,16.9,17.272,17.018
0590-00009-3,39.1,43.1,48.26,46.99
0590-00009-30,24.6,25.2,26.416,25.4
0590-00009-31,25.7,27.5,30.734,30.734
0590-00009-32,17.3,18.8,21.844,21.336
0590-00009-33,24.1,28.5,33.782,33.274
0590-00009-34,22.9,25.1,28.448,29.464
0590-00009-35,33.0,36.7,38.354,38.608
0590-00009-36,30.7,36.1,42.672,44.958
0590-00009-38,21.6,23.9,26.162,26.67
0590-00009-39,24.4,26.4,28.956,29.464
0590-00009-4,17.8,18.6,20.066,19.812
0590-00009-51,15.0,17.78,17.018,
0590-00009-52,15.6,16.51,16.764,
0590-00009-54,18.5,22.0,25.908,26.924
0590-00009-56,17.8,20.6,21.59,22.098
0590-00009-58,15.5,16.9,17.78,17.272
0590-00009-59,18.5,20.1,20.574,21.336
0590-00009-6,41.1,43.0,47.752,49.784
0590-00009-64,16.256,16.256,,
0590-00009-65,15.6,17.018,,
0590-00009-69,18.8,19.8,21.844,21.082
0590-00009-72,16.1,18.796,19.812,
0590-00009-74,18.796,18.796,,
0590-00009-9,19.1,19.6,20.32,20.066
0590-00013-1,24.4,25.3,29.718,27.686
0590-00013-12,85.6,88.4,90.424,91.44
0590-00013-13,43.7,48.5,54.356,57.15
0590-00013-16,16.5,17.4,18.034,18.034
0590-00013-19,24.0,27.2,31.242,32.766
0590-00013-2,21.5,22.4,24.13,24.384
0590-00013-20,26.4,27.0,28.194,27.94
0590-00013-22,19.8,22.1,23.876,24.384
0590-00013-23,35.2,35.4,36.83,36.068
0590-00013-24,20.1,19.8,20.32,20.066
0590-00013-26,17.3,17.9,20.574,19.304
0590-00013-28,34.0,41.6,50.546,54.356
0590-00013-3,30.2,31.1,33.274,33.782
0590-00013-30,17.5,21.6,25.908,26.67
0590-00013-4,72.1,75.7,80.01,82.296
0590-00013-7,49.5,54.3,59.69,62.23
0590-00021-10,56.9,63.0,68.834,71.628
0590-00021-14,73.3,73.0,,
0590-00021-15,23.4,23.2,23.114,
0590-00021-19,17.018,17.78,,
0590-00021-2,46.4,48.3,50.8,51.562
0590-00021-6,59.2,67.3,76.962,81.534
0590-00021-7,58.7,63.9,67.31,69.596
0590-00021-8,27.4,28.4,29.21,29.464
0590-00101-1,22.4,24.2,27.432,27.686
0590-00101-10,20.8,24.5,28.448,30.48
0590-00101-12,25.4,26.4,,
0590-00101-13,22.4,26.0,29.718,31.496
0590-00101-16,17.8,19.2,22.606,20.066
0590-00101-2,22.6,25.0,28.702,28.702
0590-00101-20,33.0,38.0,42.672,43.688
0590-00101-21,21.1,26.9,32.512,34.544
0590-00101-23,20.3,26.8,33.274,36.068
0590-00101-26,32.8,34.7,37.592,38.354
0590-00101-27,15.5,15.8,16.51,
0590-00101-28,21.8,25.1,28.448,28.956
0590-00101-29,15.9,17.526,17.526,
0590-00101-3,18.5,18.1,18.542,18.288
0590-00101-4,25.9,29.7,32.258,33.02
0590-00101-5,42.2,48.8,53.594,56.642
0590-00101-7,18.0,22.3,27.178,28.702
0590-00101-8,26.2,28.3,28.448,28.194
0590-00102-10,59.4,64.5,68.326,70.358
0590-00102-14,27.7,24.2,30.734,28.702
0590-00102-16,17.3,17.3,17.526,17.78
0590-00102-17,24.9,27.2,29.718,31.242
0590-00102-18,24.9,29.4,34.036,35.814
0590-00102-19,17.0,19.558,20.828,
0590-00102-21,72.1,76.0,81.026,83.058
0590-00102-22,18.5,19.5,20.32,
0590-00102-23,59.9,65.2,68.834,73.152
0590-00102-24,26.7,29.8,33.528,36.068
0590-00102-25,19.1,23.1,27.178,29.464
0590-00102-26,32.3,34.9,38.1,39.878
0590-00102-28,16.1,18.288,18.542,
0590-00102-3,16.256,16.764,,
0590-00102-5,44.7,48.7,53.34,57.15
0590-00102-7,16.3,16.8,,
0590-00102-8,19.3,19.3,19.812,20.574
0590-00102-9,16.8,18.3,,
0590-00104-1,25.4,25.5,25.908,25.654
0590-00104-10,15.748,16.002,,
0590-00104-11,16.9,18.6,20.32,19.812
0590-00104-12,16.51,17.018,,
0590-00104-13,55.1,62.0,68.072,71.374
0590-00104-14,41.7,44.4,46.99,48.26
0590-00104-15,28.7,30.4,32.512,32.004
0590-00104-16,30.2,32.3,34.036,33.782
0590-00104-17,40.1,41.8,43.942,45.974
0590-00104-18,37.3,42.0,43.688,44.45
0590-00104-19,20.6,21.6,22.352,22.352
0590-00104-2,16.5,16.9,17.78,17.526
0590-00104-20,47.8,52.1,54.864,54.864
0590-00104-3,47.4,49.1,53.848,54.356
0590-00104-6,50.3,57.1,64.77,67.31
0590-00104-8,16.9,17.5,18.542,18.542
0590-00104-9,20.3,20.5,21.844,21.336
0590-00105-1,49.5,51.3,53.086,53.34
0590-00105-10,64.8,68.3,74.422,74.422
0590-00105-11,18.3,23.3,28.702,30.48
0590-00105-12,74.2,77.3,82.804,84.328
0590-00105-13,23.9,26.1,29.718,28.194
0590-00105-14,25.4,25.9,28.448,26.924
0590-00105-2,62.7,66.9,71.374,73.66
0590-00105-4,71.9,79.0,86.614,89.662
0590-00105-6,20.3,21.1,21.844,22.352
0590-00105-7,24.4,25.6,25.4,25.654
0590-00105-8,63.2,66.0,70.358,71.882
0590-00105-9,37.1,39.6,42.926,44.958
0590-00106-1,31.0,36.3,41.91,43.18
0590-00106-10,19.1,20.6,21.59,21.59
0590-00106-11,15.7,19.1,22.86,23.876
0590-00106-12,81.5,84.3,91.44,93.472
0590-00106-13,46.0,51.6,56.134,57.658
0590-00106-14,85.1,87.1,90.17,90.678
0590-00106-15,21.3,27.0,33.02,35.306
0590-00106-16,38.1,38.3,44.196,44.45
0590-00106-17,18.5,17.3,20.066,20.32
0590-00106-18,72.9,71.8,73.66,74.676
0590-00106-19,27.4,29.6,32.258,32.766
0590-00106-2,16.002,16.51,,
0590-00106-20,87.9,91.7,93.98,96.52
0590-00106-21,30.5,31.8,33.782,33.02
0590-00106-22,43.9,51.3,57.15,59.944
0590-00106-24,15.0,19.1,22.098,23.368
0590-00106-25,27.7,29.5,29.464,
0590-00106-5,22.4,22.8,23.622,23.876
0590-00106-6,21.3,22.0,22.098,
0590-00106-7,16.0,16.1,16.764,16.764
0590-00106-8,15.7,16.0,16.764,16.764
0590-00106-9,33.5,37.8,43.434,45.72
0590-00107-1,19.9,24.3,27.432,28.956
0590-00107-10,61.7,64.7,68.326,69.342
0590-00107-11,18.7,22.8,27.178,28.702
0590-00107-12,71.4,75.8,79.248,80.772
0590-00107-13,25.7,29.2,32.766,34.036
0590-00107-14,17.0,19.5,20.574,20.574
0590-00107-15,32.6,37.6,42.164,44.196
0590-00107-16,30.6,37.1,41.402,43.18
0590-00107-17,65.8,66.9,68.834,69.85
0590-00107-19,16.256,16.51,,
0590-00107-2,19.8,25.7,31.242,34.036
0590-00107-20,81.8,85.0,91.694,94.234
0590-00107-22,22.7,28.0,32.512,34.29
0590-00107-23,17.5,21.4,23.876,24.384
0590-00107-25,15.5,17.272,17.78,
0590-00107-26,15.748,16.256,,
0590-00107-29,18.542,19.05,,
0590-00107-3,19.1,23.622,25.4,
0590-00107-4,29.5,35.3,40.894,42.672
0590-00107-6,25.0,27.1,29.718,30.226
0590-00107-7,18.5,22.8,27.178,28.448
0590-00107-9,27.2,29.5,31.75,33.02
0590-00109-1,23.6,22.9,26.162,24.892
0590-00109-10,20.4,22.3,22.86,22.86
0590-00109-11,58.4,53.34,54.356,
0590-00109-12,22.4,26.6,29.972,31.242
0590-00109-13,19.1,22.7,26.416,26.67
0590-00109-14,24.3,18.8,19.05,
0590-00109-15,19.8,19.6,,
0590-00109-16,89.9,95.3,97.282,102.87
0590-00109-17,28.8,35.2,41.91,43.688
0590-00109-19,80.5,85.9,89.662,91.44
0590-00109-2,78.0,81.788,82.55,
0590-00109-3,47.8,55.6,61.722,67.056
0590-00109-5,31.2,33.6,36.83,36.83
0590-00109-6,54.7,58.8,63.246,64.77
0590-00109-7,26.5,27.3,27.178,26.924
0590-00109-9,87.1,97.282,98.552,
0590-00111-1,57.4,58.5,61.722,62.738
0590-00111-10,52.3,54.5,59.182,61.214
0590-00111-11,19.3,22.3,25.146,26.67
0590-00111-12,49.8,52.0,55.626,56.388
0590-00111-14,30.7,36.4,42.672,44.704
0590-00111-15,24.1,25.9,27.94,27.94
0590-00111-16,72.9,77.4,83.058,84.836
0590-00111-18,47.5,55.1,55.626,56.896
0590-00111-19,56.9,56.0,58.166,59.182
0590-00111-2,19.8,20.5,21.082,20.828
0590-00111-20,30.5,30.5,30.48,28.956
0590-00111-21,20.3,20.5,,
0590-00111-23,76.7,81.1,90.932,93.726
0590-00111-24,88.6,92.7,98.044,100.076
0590-00111-25,20.1,19.7,20.574,20.574
0590-00111-26,20.8,22.1,23.114,23.622
0590-00111-3,15.0,17.78,18.542,
0590-00111-4,43.2,45.0,45.974,45.212
0590-00111-5,17.5,17.2,18.542,18.542
0590-00111-6,68.1,72.0,76.2,77.47
0590-00111-7,18.0,17.6,,
0590-00111-8,57.2,53.594,56.642,
0590-00113-1,60.1,63.9,65.278,66.548
0590-00113-10,63.5,67.945,72.39,71.882
0590-00113-11,31.5,32.5,34.036,35.052
0590-00113-12,59.7,61.9,66.548,64.77
0590-00113-13,15.0,16.51,17.526,
0590-00113-14,35.3,36.1,36.83,39.116
0590-00113-15,33.5,33.8,35.052,34.29
0590-00113-16,55.9,60.3,64.008,65.786
0590-00113-17,16.3,18.034,19.304,
0590-00113-18,44.2,47.2,50.038,52.07
0590-00113-2,24.6,24.8,25.146,
0590-00113-20,26.9,29.2,31.242,33.02
0590-00113-3,48.5,51.1,54.356,54.102
0590-00113-4,57.9,59.5,62.23,
0590-00113-5,63.0,65.1,68.072,66.802
0590-00113-7,18.2,18.5,20.32,21.336
0590-00113-8,16.2,17.78,18.542,
0590-00113-9,61.7,65.6,69.596,69.088
0590-00115-10,25.4,26.0,26.924,27.432
0590-00115-11,31.5,34.2,38.608,39.116
0590-00115-12,32.3,33.1,35.052,35.56
0590-00115-13,57.4,63.1,69.342,72.644
0590-00115-14,23.4,26.1,29.718,29.718
0590-00115-15,15.0,15.24,,
0590-00115-18,30.2,33.3,35.052,33.528
0590-00115-19,20.3,22.5,22.606,23.114
0590-00115-20,28.4,29.8,31.496,31.496
0590-00115-23,74.9,72.5,76.708,72.644
0590-00115-24,31.5,34.3,41.402,43.18
0590-00115-3,88.4,94.8,101.092,103.124
0590-00115-4,25.9,27.7,29.718,30.48
0590-00115-8,15.0,19.1,23.368,24.892
0590-00116-1,21.6,23.7,26.924,27.94
0590-00116-10,40.6,44.3,48.768,49.276
0590-00116-100,25.9,28.8,,
0590-00116-11,15.9,17.272,17.526,
0590-00116-12,30.0,33.5,36.576,36.83
0590-00116-13,15.2,17.3,17.78,17.78
0590-00116-14,54.9,60.7,65.532,68.072
0590-00116-16,25.4,27.0,28.702,28.956
0590-00116-17,27.432,27.178,,
0590-00116-2,16.8,19.558,20.066,
0590-00116-4,34.5,35.6,37.592,38.1
0590-00116-5,22.1,21.7,23.368,23.114
0590-00116-6,58.4,62.9,68.326,70.104
0590-00116-7,40.6,45.8,51.308,53.594
0590-00116-8,39.4,44.0,48.768,50.292
0590-00116-9,32.8,33.7,35.56,34.544
0590-00117-1,30.0,33.2,37.592,38.608
0590-00117-3,70.9,74.5,78.232,80.772
0590-00117-4,16.256,16.256,,
0590-00117-5,31.5,32.7,34.29,34.29
0590-00117-6,64.0,67.2,71.628,72.644
0590-00118-1,75.2,78.4750769230769,82.296,83.82
0590-00118-10,28.2,30.4,33.782,34.544
0590-00118-11,31.2,35.6,40.386,
0590-00118-13,36.3,40.7,46.736,49.276
0590-00118-15,15.7,15.6,16.256,
0590-00118-16,42.4,45.0,49.276,51.308
0590-00118-17,69.3,73.4,79.248,79.756
0590-00118-18,15.4,19.558,21.082,
0590-00118-2,19.8,24.2,25.4,24.638
0590-00118-3,83.8,88.9,93.726,95.758
0590-00118-4,20.8,23.1,25.654,26.162
0590-00118-5,20.6,20.0,20.574,
0590-00118-6,69.9,72.4,75.438,80.264
0590-00118-7,23.1,26.3,29.718,29.718
0590-00118-8,74.4,78.9,83.82,85.598
0590-00118-9,17.0,17.9,18.796,18.796
