TreeID,start_year,end_year,PlotID,n_obs,PFT
0040-00002-1,1,18,40,4,fir
0040-00002-12,1,18,40,4,cedar
0040-00002-14,1,18,40,4,other_conifer
0040-00002-16,1,18,40,4,other_conifer
0040-00002-18,1,18,40,4,cedar
0040-00002-19,1,18,40,4,other_conifer
0040-00002-20,1,18,40,4,fir
0040-00002-3,1,18,40,4,fir
0040-00002-4,1,14,40,3,fir
0040-00002-5,1,18,40,4,cedar
0040-00002-8,1,14,40,3,fir
0040-00002-9,1,18,40,4,other_conifer
0040-00003-1,1,18,40,4,other_conifer
0040-00003-101,1,7,40,2,other_conifer
0040-00003-17,1,18,40,4,other_conifer
0040-00003-18,1,14,40,3,fir
0040-00003-2,1,18,40,4,white_pine
0040-00003-22,7,14,40,2,fir
0040-00003-25,7,14,40,2,other_conifer
0040-00003-3,1,18,40,4,cedar
0040-00003-4,1,18,40,4,cedar
0040-00003-6,1,18,40,4,cedar
0040-00003-7,1,18,40,4,fir
0040-00003-8,1,18,40,4,yellow_pine
0040-00003-9,1,18,40,4,fir
0040-00005-11,1,18,40,4,fir
0040-00005-12,1,18,40,4,fir
0040-00005-13,1,7,40,2,cedar
0040-00005-14,1,18,40,4,cedar
0040-00005-15,1,7,40,2,cedar
0040-00005-16,1,18,40,4,fir
0040-00005-17,1,18,40,4,fir
0040-00005-19,1,14,40,3,fir
0040-00005-2,1,18,40,4,cedar
0040-00005-21,1,18,40,4,other_conifer
0040-00005-23,1,18,40,4,other_conifer
0040-00005-24,1,18,40,4,cedar
0040-00005-25,1,18,40,4,cedar
0040-00005-3,1,18,40,4,other_conifer
0040-00005-30,1,18,40,4,cedar
0040-00005-31,1,18,40,4,other_conifer
0040-00005-32,1,18,40,4,fir
0040-00005-5,1,18,40,4,yellow_pine
0040-00005-6,1,18,40,4,fir
0040-00005-7,1,14,40,3,cedar
0040-00005-9,1,18,40,4,fir
0040-00007-1,1,14,40,3,white_pine
0040-00007-10,1,18,40,4,yellow_pine
0040-00007-11,1,18,40,4,fir
0040-00007-12,1,18,40,4,fir
0040-00007-13,1,18,40,4,other_conifer
0040-00007-14,1,14,40,3,fir
0040-00007-15,1,18,40,4,fir
0040-00007-17,1,18,40,4,other_conifer
0040-00007-19,1,18,40,4,fir
0040-00007-2,1,18,40,4,other_conifer
0040-00007-20,1,18,40,4,deciduous_oak
0040-00007-22,1,18,40,4,other_conifer
0040-00007-3,1,18,40,4,fir
0040-00007-37,7,18,40,3,deciduous_oak
0040-00007-4,1,14,40,3,cedar
0040-00007-40,1,18,40,4,deciduous_oak
0040-00007-5,1,18,40,4,other_conifer
0040-00007-6,1,18,40,4,other_conifer
0040-00007-7,1,18,40,4,other_conifer
0040-00007-8,1,18,40,4,fir
0040-00007-9,1,18,40,4,cedar
0040-00012-1,1,14,40,3,deciduous_oak
0040-00012-10,1,18,40,4,cedar
0040-00012-11,1,18,40,4,cedar
0040-00012-13,1,18,40,4,cedar
0040-00012-14,1,18,40,4,cedar
0040-00012-15,1,18,40,4,cedar
0040-00012-16,1,18,40,4,cedar
0040-00012-18,1,18,40,4,cedar
0040-00012-20,1,7,40,2,cedar
0040-00012-22,1,18,40,4,cedar
0040-00012-23,1,18,40,4,cedar
0040-00012-24,1,18,40,4,cedar
0040-00012-26,1,18,40,4,cedar
0040-00012-27,1,7,40,2,cedar
0040-00012-28,1,18,40,4,cedar
0040-00012-3,1,18,40,4,other_conifer
0040-00012-30,1,18,40,4,cedar
0040-00012-32,1,18,40,4,fir
0040-00012-4,1,18,40,4,deciduous_oak
0040-00012-43,14,18,40,2,cedar
0040-00012-5,1,18,40,4,cedar
0040-00012-6,1,18,40,4,deciduous_oak
0040-00012-7,1,18,40,4,deciduous_oak
0040-00012-8,1,18,40,4,cedar
0040-00012-9,1,18,40,4,other_conifer
0040-00101-1,1,18,40,4,fir
0040-00101-10,1,14,40,3,fir
0040-00101-11,7,14,40,2,fir
0040-00101-13,1,18,40,4,fir
0040-00101-14,1,14,40,3,fir
0040-00101-15,1,18,40,4,other_conifer
0040-00101-17,1,18,40,4,fir
0040-00101-18,1,18,40,4,deciduous_oak
0040-00101-19,1,18,40,4,fir
0040-00101-2,1,18,40,4,fir
0040-00101-20,7,14,40,2,fir
0040-00101-23,7,18,40,3,fir
0040-00101-25,7,18,40,3,fir
0040-00101-3,1,18,40,4,deciduous_oak
0040-00101-4,1,18,40,4,deciduous_oak
0040-00101-5,1,18,40,4,cedar
0040-00101-6,1,18,40,3,deciduous_oak
0040-00101-7,1,18,40,4,deciduous_oak
0040-00101-9,1,18,40,4,deciduous_oak
0040-00103-1,1,18,40,3,cedar
0040-00103-10,1,18,40,4,fir
0040-00103-11,1,18,40,4,other_hardwood
0040-00103-12,1,18,40,4,other_hardwood
0040-00103-13,1,18,40,4,other_hardwood
0040-00103-14,1,18,40,4,other_hardwood
0040-00103-15,1,18,40,4,cedar
0040-00103-18,1,18,40,4,other_hardwood
0040-00103-2,1,18,40,4,cedar
0040-00103-20,1,18,40,4,fir
0040-00103-21,1,18,40,4,fir
0040-00103-22,1,18,40,4,fir
0040-00103-24,7,18,40,3,other_hardwood
0040-00103-25,1,18,40,4,other_conifer
0040-00103-3,1,18,40,4,fir
0040-00103-4,1,18,40,4,yellow_pine
0040-00103-6,7,18,40,3,other_hardwood
0040-00103-9,1,18,40,4,other_hardwood
0040-00104-1,1,18,40,4,other_hardwood
0040-00104-10,1,18,40,4,other_conifer
0040-00104-11,1,18,40,4,fir
0040-00104-13,1,18,40,4,cedar
0040-00104-14,1,18,40,4,cedar
0040-00104-18,1,18,40,4,cedar
0040-00104-19,1,18,40,4,fir
0040-00104-2,1,18,40,4,other_hardwood
0040-00104-20,1,18,40,4,cedar
0040-00104-21,1,18,40,4,other_conifer
0040-00104-22,1,18,40,4,cedar
0040-00104-23,1,18,40,4,fir
0040-00104-25,1,7,40,2,deciduous_oak
0040-00104-5,1,18,40,4,yellow_pine
0040-00104-7,1,18,40,4,cedar
0040-00104-8,1,18,40,3,fir
0040-00104-9,1,18,40,4,yellow_pine
0040-00105-1,1,18,40,4,white_pine
0040-00105-10,1,18,40,4,cedar
0040-00105-11,1,18,40,4,fir
0040-00105-12,1,14,40,3,fir
0040-00105-13,1,18,40,4,fir
0040-00105-14,1,18,40,4,fir
0040-00105-15,1,14,40,3,fir
0040-00105-16,1,18,40,4,fir
0040-00105-18,1,18,40,4,fir
0040-00105-19,1,18,40,3,other_conifer
0040-00105-2,1,18,40,4,fir
0040-00105-20,1,18,40,4,other_conifer
0040-00105-22,1,7,40,2,fir
0040-00105-26,1,18,40,4,cedar
0040-00105-27,14,18,40,2,other_conifer
0040-00105-3,1,18,40,4,other_conifer
0040-00105-4,1,18,40,4,other_conifer
0040-00105-5,1,18,40,4,cedar
0040-00105-6,1,18,40,4,cedar
0040-00105-7,1,7,40,2,other_conifer
0040-00105-8,1,18,40,4,fir
0040-00105-9,1,14,40,3,fir
0040-00106-1,1,18,40,4,other_conifer
0040-00106-10,1,18,40,4,fir
0040-00106-11,1,14,40,2,fir
0040-00106-12,1,14,40,3,fir
0040-00106-13,1,18,40,4,cedar
0040-00106-14,1,14,40,3,fir
0040-00106-15,1,18,40,4,other_conifer
0040-00106-16,1,18,40,4,cedar
0040-00106-18,1,18,40,4,other_conifer
0040-00106-19,1,18,40,4,other_conifer
0040-00106-2,1,18,40,4,cedar
0040-00106-20,1,18,40,4,yellow_pine
0040-00106-21,7,18,40,3,other_conifer
0040-00106-3,1,18,40,4,other_conifer
0040-00106-5,1,18,40,4,other_conifer
0040-00106-7,1,18,40,4,cedar
0040-00106-8,1,18,40,4,cedar
0040-00106-9,1,18,40,4,fir
0040-00107-1,1,7,40,2,deciduous_oak
0040-00107-10,1,18,40,4,other_conifer
0040-00107-11,1,18,40,4,other_conifer
0040-00107-12,1,18,40,4,other_conifer
0040-00107-15,1,7,40,2,deciduous_oak
0040-00107-16,1,18,40,4,fir
0040-00107-17,1,18,40,4,fir
0040-00107-18,1,18,40,4,fir
0040-00107-2,1,7,40,2,deciduous_oak
0040-00107-21,1,18,40,4,cedar
0040-00107-22,1,14,40,3,fir
0040-00107-23,1,18,40,4,other_conifer
0040-00107-25,1,18,40,4,other_conifer
0040-00107-26,1,18,40,4,fir
0040-00107-27,1,14,40,3,fir
0040-00107-28,1,14,40,3,cedar
0040-00107-29,1,7,40,2,fir
0040-00107-30,1,18,40,4,fir
0040-00107-5,1,18,40,4,fir
0040-00107-8,1,7,40,2,fir
0040-00107-9,1,14,40,3,fir
0040-00108-10,7,18,40,3,deciduous_oak
0040-00108-11,1,18,40,4,white_pine
0040-00108-12,1,18,40,4,fir
0040-00108-13,1,18,40,4,cedar
0040-00108-14,1,18,40,4,cedar
0040-00108-3,1,18,40,4,other_conifer
0040-00108-4,14,18,40,2,deciduous_oak
0040-00108-6,14,18,40,2,deciduous_oak
0040-00108-7,7,18,40,3,deciduous_oak
0040-00108-8,7,14,40,2,deciduous_oak
0040-00108-9,7,18,40,3,deciduous_oak
0040-00109-1,1,18,40,4,other_hardwood
0040-00109-10,1,18,40,4,other_conifer
0040-00109-11,1,18,40,4,other_hardwood
0040-00109-12,1,18,40,4,other_hardwood
0040-00109-13,1,18,40,4,other_hardwood
0040-00109-17,1,18,40,4,other_hardwood
0040-00109-18,1,18,40,4,other_conifer
0040-00109-19,1,7,40,2,cedar
0040-00109-2,1,14,40,3,other_hardwood
0040-00109-4,1,18,40,4,other_hardwood
0040-00109-5,1,18,40,4,other_hardwood
0040-00109-6,1,18,40,4,other_conifer
0040-00109-7,1,18,40,4,yellow_pine
0040-00109-8,1,18,40,4,other_conifer
0040-00109-9,1,18,40,4,fir
0040-00110-12,1,7,40,2,other_hardwood
0040-00110-13,1,18,40,4,other_hardwood
0040-00110-14,1,7,40,2,other_hardwood
0040-00110-15,1,18,40,4,other_hardwood
0040-00110-2,1,18,40,4,cedar
0040-00110-20,1,18,40,4,other_hardwood
0040-00110-21,1,18,40,4,other_hardwood
0040-00110-22,1,14,40,3,other_hardwood
0040-00110-24,1,18,40,4,other_hardwood
0040-00110-26,1,18,40,4,other_conifer
0040-00110-27,1,18,40,4,other_conifer
0040-00110-28,1,18,40,4,other_conifer
0040-00110-29,1,14,40,3,other_hardwood
0040-00110-3,1,18,40,4,fir
0040-00110-30,1,18,40,4,other_hardwood
0040-00110-31,1,18,40,4,other_hardwood
0040-00110-32,1,18,40,4,other_hardwood
0040-00110-34,1,18,40,4,other_hardwood
0040-00110-36,1,18,40,4,other_hardwood
0040-00110-37,7,18,40,3,other_hardwood
0040-00110-42,1,18,40,4,other_conifer
0040-00110-43,1,18,40,4,other_hardwood
0040-00110-5,1,14,40,3,other_hardwood
0040-00110-6,1,14,40,3,other_hardwood
0040-00110-8,1,14,40,3,fir
0040-00110-9,1,18,40,4,other_hardwood
0040-00111-1,1,18,40,4,cedar
0040-00111-10,1,18,40,4,other_conifer
0040-00111-11,1,18,40,4,other_hardwood
0040-00111-12,1,18,40,4,other_hardwood
0040-00111-14,1,18,40,4,other_hardwood
0040-00111-17,1,18,40,4,other_hardwood
0040-00111-2,1,18,40,4,cedar
0040-00111-21,1,18,40,4,other_hardwood
0040-00111-3,1,18,40,4,other_conifer
0040-00111-4,1,18,40,4,cedar
0040-00111-5,1,18,40,4,fir
0040-00111-7,1,18,40,4,cedar
0040-00111-8,1,18,40,4,cedar
0040-00111-9,1,18,40,4,white_pine
0040-00112-1,1,18,40,3,cedar
0040-00112-10,1,18,40,4,fir
0040-00112-11,1,7,40,2,cedar
0040-00112-12,1,18,40,4,cedar
0040-00112-3,1,18,40,4,other_conifer
0040-00112-4,1,18,40,4,cedar
0040-00112-5,1,18,40,4,cedar
0040-00112-7,1,18,40,4,fir
0040-00112-8,1,18,40,4,cedar
0040-00113-1,1,14,40,3,cedar
0040-00113-10,1,18,40,4,fir
0040-00113-12,1,18,40,4,fir
0040-00113-13,1,18,40,4,other_conifer
0040-00113-14,1,18,40,4,other_conifer
0040-00113-15,1,18,40,4,fir
0040-00113-16,1,18,40,4,other_conifer
0040-00113-17,1,18,40,4,fir
0040-00113-18,1,7,40,2,cedar
0040-00113-19,1,14,40,3,deciduous_oak
0040-00113-2,1,18,40,4,other_conifer
0040-00113-20,1,18,40,4,other_conifer
0040-00113-3,1,7,40,2,fir
0040-00113-4,1,18,40,4,fir
0040-00113-5,1,18,40,4,deciduous_oak
0040-00113-6,1,18,40,4,other_conifer
0040-00113-7,1,18,40,4,cedar
0040-00113-8,1,18,40,4,cedar
0040-00114-10,1,18,40,4,cedar
0040-00114-11,1,18,40,4,fir
0040-00114-12,1,18,40,4,cedar
0040-00114-15,1,18,40,4,cedar
0040-00114-17,7,18,40,3,cedar
0040-00114-2,1,18,40,4,other_conifer
0040-00114-3,1,18,40,4,cedar
0040-00114-4,1,18,40,4,cedar
0040-00114-5,1,18,40,4,cedar
0040-00114-6,1,14,40,3,cedar
0040-00114-7,1,18,40,4,cedar
0040-00114-8,7,18,40,3,other_conifer
0040-00115-1,1,18,40,4,fir
0040-00115-10,1,18,40,4,fir
0040-00115-11,1,18,40,4,deciduous_oak
0040-00115-12,1,18,40,4,deciduous_oak
0040-00115-13,1,18,40,4,other_conifer
0040-00115-15,1,18,40,4,other_hardwood
0040-00115-16,1,14,40,3,other_hardwood
0040-00115-17,1,18,40,4,other_hardwood
0040-00115-18,1,18,40,4,other_hardwood
0040-00115-19,1,18,40,4,other_hardwood
0040-00115-2,1,18,40,4,other_hardwood
0040-00115-20,1,18,40,4,deciduous_oak
0040-00115-3,1,18,40,4,other_hardwood
0040-00115-4,1,18,40,4,other_hardwood
0040-00115-5,1,18,40,4,other_hardwood
0040-00115-6,1,18,40,4,other_conifer
0040-00115-7,1,18,40,4,fir
0040-00115-8,1,18,40,4,cedar
0040-00115-9,1,14,40,3,deciduous_oak
0040-00116-1,1,18,40,4,other_conifer
0040-00116-10,1,18,40,4,deciduous_oak
0040-00116-11,1,18,40,4,cedar
0040-00116-12,1,18,40,4,deciduous_oak
0040-00116-13,1,18,40,4,deciduous_oak
0040-00116-14,1,18,40,4,deciduous_oak
0040-00116-15,1,18,40,4,cedar
0040-00116-16,1,14,40,3,fir
0040-00116-19,1,18,40,4,deciduous_oak
0040-00116-2,1,18,40,4,cedar
0040-00116-20,1,18,40,4,other_conifer
0040-00116-21,1,18,40,4,deciduous_oak
0040-00116-23,1,18,40,4,deciduous_oak
0040-00116-24,1,18,40,4,deciduous_oak
0040-00116-26,1,18,40,4,cedar
0040-00116-27,1,18,40,4,deciduous_oak
0040-00116-28,1,18,40,4,other_conifer
0040-00116-8,1,14,40,3,fir
0040-00116-9,1,18,40,4,deciduous_oak
0060-00021-1,1,18,60,4,cedar
0060-00021-11,1,18,60,4,deciduous_oak
0060-00021-13,1,14,60,3,cedar
0060-00021-14,1,18,60,4,cedar
0060-00021-19,1,7,60,2,fir
0060-00021-2,1,18,60,4,cedar
0060-00021-35,1,7,60,2,fir
0060-00021-4,1,7,60,2,fir
0060-00021-6,1,7,60,2,other_conifer
0060-00021-9,1,18,60,4,yellow_pine
0060-00027-11,1,7,60,2,cedar
0060-00027-13,1,18,60,4,cedar
0060-00027-14,1,18,60,4,cedar
0060-00027-15,1,18,60,4,cedar
0060-00027-18,1,18,60,4,cedar
0060-00027-4,1,18,60,4,cedar
0060-00027-5,1,18,60,4,cedar
0060-00101-1,1,18,60,4,cedar
0060-00101-10,1,18,60,4,cedar
0060-00101-12,1,18,60,4,cedar
0060-00101-13,1,18,60,4,cedar
0060-00101-14,1,18,60,4,fir
0060-00101-15,1,18,60,4,cedar
0060-00101-16,1,18,60,4,other_conifer
0060-00101-17,1,18,60,4,fir
0060-00101-18,1,18,60,4,fir
0060-00101-19,1,18,60,4,cedar
0060-00101-2,1,18,60,4,cedar
0060-00101-20,1,18,60,4,cedar
0060-00101-21,1,18,60,4,cedar
0060-00101-22,1,18,60,4,fir
0060-00101-23,1,14,60,3,cedar
0060-00101-24,1,18,60,4,cedar
0060-00101-25,14,18,60,2,fir
0060-00101-27,1,18,60,4,cedar
0060-00101-3,1,18,60,4,fir
0060-00101-4,1,18,60,4,cedar
0060-00101-5,1,18,60,4,other_conifer
0060-00101-6,1,18,60,4,cedar
0060-00101-7,1,18,60,4,cedar
0060-00101-8,1,18,60,4,cedar
0060-00101-9,1,18,60,4,cedar
0060-00102-12,1,7,60,2,white_pine
0060-00102-13,1,18,60,4,cedar
0060-00102-14,1,18,60,4,cedar
0060-00102-16,1,18,60,4,cedar
0060-00102-17,1,7,60,2,fir
0060-00102-18,1,18,60,4,cedar
0060-00102-19,1,18,60,4,deciduous_oak
0060-00102-20,1,18,60,4,fir
0060-00102-22,1,18,60,4,cedar
0060-00102-5,1,7,60,2,fir
0060-00102-6,1,18,60,4,white_pine
0060-00102-9,1,7,60,2,deciduous_oak
0060-00103-1,1,18,60,4,cedar
0060-00103-10,1,18,60,4,other_conifer
0060-00103-12,1,18,60,4,other_conifer
0060-00103-15,1,18,60,4,other_conifer
0060-00103-16,1,18,60,4,yellow_pine
0060-00103-4,1,18,60,4,cedar
0060-00103-5,1,18,60,4,cedar
0060-00103-7,1,7,60,2,deciduous_oak
0060-00103-8,1,18,60,4,cedar
0060-00103-9,1,18,60,4,cedar
0060-00104-1,1,18,60,4,yellow_pine
0060-00104-10,1,18,60,4,yellow_pine
0060-00104-11,1,18,60,4,cedar
0060-00104-12,1,18,60,4,other_conifer
0060-00104-15,14,18,60,2,fir
0060-00104-2,1,18,60,4,other_conifer
0060-00104-3,1,18,60,4,cedar
0060-00104-5,1,18,60,4,other_conifer
0060-00104-7,1,18,60,4,cedar
0060-00104-8,1,7,60,2,yellow_pine
0060-00105-1,1,18,60,4,cedar
0060-00105-10,1,18,60,4,cedar
0060-00105-13,1,7,60,2,cedar
0060-00105-14,1,7,60,2,cedar
0060-00105-16,1,18,60,4,yellow_pine
0060-00105-17,1,18,60,4,cedar
0060-00105-18,1,18,60,4,cedar
0060-00105-2,1,18,60,4,cedar
0060-00105-3,1,7,60,2,cedar
0060-00105-4,1,14,60,3,fir
0060-00105-5,1,18,60,4,cedar
0060-00105-6,1,18,60,4,cedar
0060-00105-7,1,18,60,4,fir
0060-00105-8,1,18,60,4,fir
0060-00105-9,1,18,60,4,cedar
0060-00106-1,1,18,60,4,fir
0060-00106-10,1,18,60,4,cedar
0060-00106-11,1,18,60,4,other_conifer
0060-00106-12,1,18,60,4,fir
0060-00106-13,1,14,60,3,fir
0060-00106-15,1,18,60,4,cedar
0060-00106-17,1,18,60,4,yellow_pine
0060-00106-19,1,14,60,3,fir
0060-00106-2,1,7,60,2,white_pine
0060-00106-20,1,18,60,4,fir
0060-00106-3,1,18,60,4,fir
0060-00106-4,1,18,60,4,cedar
0060-00106-5,1,7,60,2,yellow_pine
0060-00106-6,1,14,60,3,fir
0060-00106-7,1,18,60,4,cedar
0060-00106-8,1,18,60,4,cedar
0060-00106-9,1,18,60,4,cedar
0060-00107-10,1,18,60,4,other_conifer
0060-00107-11,1,18,60,4,other_conifer
0060-00107-3,1,18,60,4,cedar
0060-00107-4,1,18,60,4,cedar
0060-00107-5,1,14,60,3,cedar
0060-00107-6,1,14,60,3,other_conifer
0060-00107-7,1,18,60,4,cedar
0060-00107-8,1,18,60,4,fir
0060-00107-9,1,7,60,2,fir
0060-00108-10,1,14,60,3,cedar
0060-00108-13,1,7,60,2,deciduous_oak
0060-00108-4,1,14,60,3,cedar
0060-00108-8,1,18,60,4,cedar
0060-00109-1,1,18,60,4,cedar
0060-00109-10,1,18,60,4,yellow_pine
0060-00109-12,1,7,60,2,fir
0060-00109-13,1,7,60,2,cedar
0060-00109-14,1,18,60,4,cedar
0060-00109-16,1,18,60,4,yellow_pine
0060-00109-17,1,18,60,4,fir
0060-00109-5,1,18,60,4,other_conifer
0060-00109-6,1,18,60,4,other_conifer
0060-00109-9,1,18,60,4,fir
0060-00111-10,1,18,60,4,yellow_pine
0060-00111-12,1,18,60,4,cedar
0060-00111-13,1,18,60,4,fir
0060-00111-2,1,14,60,3,cedar
0060-00111-4,1,18,60,4,fir
0060-00111-5,1,18,60,4,cedar
0060-00111-6,1,18,60,4,cedar
0060-00111-7,1,18,60,4,cedar
0060-00111-9,1,7,60,2,fir
0060-00112-1,1,18,60,4,other_conifer
0060-00112-2,1,7,60,2,cedar
0060-00112-3,1,18,60,4,fir
0060-00112-4,1,18,60,4,fir
0060-00112-5,1,18,60,4,cedar
0060-00112-6,1,18,60,4,cedar
0060-00112-7,1,18,60,4,cedar
0060-00112-8,1,18,60,4,fir
0060-00112-9,1,18,60,4,fir
0060-00113-1,1,7,60,2,fir
0060-00113-2,1,18,60,4,fir
0060-00113-3,1,18,60,4,yellow_pine
0060-00113-4,1,18,60,4,other_conifer
0060-00113-5,1,18,60,4,fir
0060-00114-10,1,18,60,4,other_conifer
0060-00114-12,1,18,60,4,white_pine
0060-00114-14,1,18,60,4,other_conifer
0060-00114-3,1,18,60,4,yellow_pine
0060-00114-5,1,7,60,2,cedar
0060-00114-6,1,7,60,2,white_pine
0060-00116-1,1,18,60,4,other_conifer
0060-00116-10,1,18,60,4,cedar
0060-00116-11,1,18,60,4,cedar
0060-00116-2,1,7,60,2,fir
0060-00116-4,1,18,60,4,fir
0060-00116-5,1,18,60,4,fir
0060-00116-6,1,18,60,4,fir
0060-00116-7,1,18,60,4,fir
0060-00116-8,1,18,60,4,other_conifer
0060-00117-1,7,18,60,3,fir
0060-00117-13,1,14,60,3,cedar
0060-00117-2,1,18,60,4,yellow_pine
0060-00117-3,1,18,60,4,cedar
0060-00117-5,1,18,60,4,fir
0060-00117-6,1,18,60,4,white_pine
0060-00117-8,1,18,60,4,cedar
0060-00117-9,1,18,60,4,cedar
0060-00119-1,1,18,60,4,yellow_pine
0060-00119-12,1,18,60,4,fir
0060-00119-14,1,18,60,4,fir
0060-00119-18,1,7,60,2,fir
0060-00119-19,1,18,60,4,fir
0060-00119-2,1,18,60,4,cedar
0060-00119-3,1,18,60,4,yellow_pine
0060-00119-4,1,14,60,3,cedar
0060-00119-5,1,18,60,4,fir
0060-00119-6,1,18,60,4,fir
0060-00119-7,1,18,60,4,fir
0060-00119-8,1,18,60,4,cedar
0060-00119-9,1,18,60,4,fir
0060-00130-1,1,18,60,4,cedar
0060-00130-10,1,18,60,4,cedar
0060-00130-11,1,18,60,4,cedar
0060-00130-12,1,18,60,4,yellow_pine
0060-00130-13,1,18,60,4,cedar
0060-00130-15,1,18,60,4,fir
0060-00130-17,1,18,60,4,fir
0060-00130-18,1,18,60,4,fir
0060-00130-2,1,18,60,4,deciduous_oak
0060-00130-3,1,18,60,4,other_conifer
0060-00130-5,1,18,60,4,cedar
0060-00130-7,1,18,60,4,cedar
0060-00130-8,1,18,60,4,cedar
0060-00130-9,1,18,60,4,cedar
0180-00004-13,1,18,180,4,deciduous_oak
0180-00004-20,1,18,180,4,yellow_pine
0180-00004-25,1,7,180,2,deciduous_oak
0180-00004-3,1,18,180,4,white_pine
0180-00004-38,1,14,180,3,other_conifer
0180-00008-10,1,18,180,4,fir
0180-00008-15,1,14,180,3,fir
0180-00008-2,1,18,180,4,fir
0180-00008-36,1,14,180,3,fir
0180-00010-13,1,18,180,4,yellow_pine
0180-00010-15,1,18,180,4,yellow_pine
0180-00010-7,1,14,180,3,white_pine
0180-00013-5,1,18,180,4,other_conifer
0180-00018-11,1,18,180,4,yellow_pine
0180-00018-28,1,14,180,3,cedar
0180-00018-38,1,18,180,4,cedar
0180-00018-7,1,7,180,2,fir
0180-00018-8,1,18,180,4,yellow_pine
0180-00101-1,1,7,180,2,white_pine
0180-00101-13,1,14,180,3,white_pine
0180-00101-17,1,7,180,2,white_pine
0180-00101-18,1,14,180,3,other_conifer
0180-00101-23,1,14,180,3,white_pine
0180-00101-28,1,18,180,4,white_pine
0180-00101-31,1,14,180,3,white_pine
0180-00101-38,1,14,180,3,other_conifer
0180-00101-40,1,7,180,2,other_conifer
0180-00102-10,1,18,180,4,cedar
0180-00102-12,1,18,180,4,fir
0180-00102-14,1,18,180,4,yellow_pine
0180-00102-15,14,18,180,2,cedar
0180-00102-16,1,7,180,2,fir
0180-00102-2,1,14,180,3,white_pine
0180-00102-22,1,14,180,3,white_pine
0180-00102-8,1,18,180,4,white_pine
0180-00107-12,1,18,180,4,yellow_pine
0180-00107-17,1,14,180,3,fir
0180-00107-19,1,18,180,4,white_pine
0180-00107-3,1,18,180,4,fir
0180-00107-4,1,18,180,4,white_pine
0180-00107-5,1,18,180,4,cedar
0180-00108-10,1,18,180,4,yellow_pine
0180-00108-11,1,18,180,4,cedar
0180-00108-15,1,18,180,4,yellow_pine
0180-00108-24,1,18,180,4,white_pine
0180-00108-3,1,18,180,4,fir
0180-00108-32,1,18,180,4,yellow_pine
0180-00109-14,1,18,180,4,cedar
0180-00109-15,1,18,180,4,fir
0180-00109-18,1,18,180,4,cedar
0180-00109-22,1,18,180,4,yellow_pine
0180-00109-26,1,18,180,4,yellow_pine
0180-00109-27,1,18,180,4,fir
0180-00109-3,1,18,180,4,yellow_pine
0180-00109-6,1,7,180,2,fir
0180-00110-1,1,14,180,3,other_conifer
0180-00110-2,1,14,180,3,fir
0180-00110-4,1,18,180,4,fir
0180-00110-5,1,18,180,4,other_conifer
0180-00110-7,1,14,180,3,other_conifer
0180-00110-8,1,18,180,4,cedar
0180-00111-1,1,18,180,4,fir
0180-00111-13,1,18,180,4,yellow_pine
0180-00111-15,1,18,180,4,yellow_pine
0180-00111-16,1,18,180,4,fir
0180-00111-19,1,14,180,3,fir
0180-00111-24,1,18,180,4,yellow_pine
0180-00111-6,1,18,180,4,cedar
0180-00111-7,1,18,180,4,fir
0180-00114-10,1,18,180,4,fir
0180-00114-2,1,14,180,3,fir
0180-00114-3,1,18,180,4,white_pine
0180-00114-5,1,18,180,4,white_pine
0180-00114-7,1,7,180,2,fir
0180-00117-11,1,14,180,3,cedar
0180-00117-4,1,14,180,3,cedar
0180-00117-6,1,18,180,4,cedar
0180-00120-5,1,14,180,3,other_conifer
0180-00120-6,1,18,180,4,yellow_pine
0180-00120-7,1,7,180,2,yellow_pine
0180-00121-11,1,18,180,4,fir
0180-00121-12,1,14,180,3,fir
0180-00121-13,1,18,180,4,fir
0180-00121-25,1,18,180,4,other_conifer
0180-00121-26,1,18,180,4,white_pine
0180-00121-35,1,18,180,4,white_pine
0180-00121-7,1,18,180,4,fir
0190-00010-101,1,7,190,2,yellow_pine
0190-00010-102,1,7,190,2,cedar
0190-00010-23,1,18,190,4,yellow_pine
0190-00010-24,1,18,190,4,other_conifer
0190-00010-25,1,18,190,4,other_conifer
0190-00010-3,1,18,190,4,cedar
0190-00010-6,1,18,190,4,other_conifer
0190-00024-10,1,18,190,4,deciduous_oak
0190-00024-11,1,18,190,4,deciduous_oak
0190-00024-17,1,18,190,4,cedar
0190-00024-18,1,18,190,4,deciduous_oak
0190-00024-24,1,14,190,3,other_conifer
0190-00024-25,14,18,190,2,other_conifer
0190-00024-5,1,18,190,4,other_conifer
0190-00024-8,1,18,190,4,other_conifer
0190-00025-39,1,18,190,4,deciduous_oak
0190-00025-4,1,7,190,2,fir
0190-00025-44,1,18,190,4,cedar
0190-00025-47,1,14,190,3,fir
0190-00025-59,1,18,190,4,cedar
0190-00026-1,1,18,190,4,cedar
0190-00026-11,1,14,190,3,white_pine
0190-00026-17,1,18,190,4,other_conifer
0190-00026-2,1,14,190,3,fir
0190-00026-24,1,18,190,4,cedar
0190-00026-5,1,18,190,3,fir
0190-00026-6,1,18,190,4,yellow_pine
0190-00027-10,1,18,190,4,fir
0190-00027-13,1,18,190,4,other_conifer
0190-00027-15,1,14,190,3,fir
0190-00027-5,1,18,190,4,other_conifer
0190-00027-7,1,14,190,3,other_conifer
0190-00102-1,1,18,190,4,fir
0190-00102-10,1,14,190,3,cedar
0190-00102-11,1,18,190,4,cedar
0190-00102-12,1,18,190,4,cedar
0190-00102-15,1,18,190,4,other_conifer
0190-00102-2,1,18,190,3,cedar
0190-00102-4,1,18,190,4,other_conifer
0190-00102-5,1,18,190,4,other_conifer
0190-00102-6,1,18,190,4,yellow_pine
0190-00102-9,1,18,190,4,cedar
0190-00104-10,1,14,190,3,deciduous_oak
0190-00104-14,1,18,190,4,white_pine
0190-00104-2,1,14,190,3,yellow_pine
0190-00104-3,1,18,190,4,deciduous_oak
0190-00104-4,1,18,190,4,deciduous_oak
0190-00106-10,1,7,190,2,other_conifer
0190-00106-12,1,14,190,3,fir
0190-00106-3,1,18,190,4,cedar
0190-00106-4,1,18,190,4,other_conifer
0190-00106-6,1,18,190,4,cedar
0190-00106-7,1,14,190,3,other_conifer
0190-00106-9,1,18,190,4,cedar
0190-00108-1,1,18,190,4,other_conifer
0190-00108-16,1,14,190,3,fir
0190-00108-2,1,18,190,4,cedar
0190-00108-3,1,14,190,3,cedar
0190-00108-4,1,18,190,4,cedar
0190-00108-9,1,18,190,4,cedar
0190-00110-10,1,14,190,3,deciduous_oak
0190-00110-15,1,18,190,4,other_conifer
0190-00110-16,1,18,190,4,cedar
0190-00110-19,1,14,190,3,cedar
0190-00110-3,1,18,190,4,cedar
0190-00110-5,1,18,190,4,cedar
0190-00110-9,1,18,190,4,yellow_pine
0190-00111-1,1,18,190,4,deciduous_oak
0190-00111-10,1,14,190,3,cedar
0190-00111-13,1,18,190,4,other_conifer
0190-00111-17,1,18,190,4,yellow_pine
0190-00111-19,1,18,190,4,yellow_pine
0190-00111-2,1,18,190,4,fir
0190-00111-20,1,14,190,3,cedar
0190-00111-3,1,14,190,3,fir
0190-00111-4,7,18,190,3,other_conifer
0190-00111-6,1,18,190,4,cedar
0190-00113-1,1,18,190,4,fir
0190-00113-10,1,18,190,4,other_hardwood
0190-00113-11,1,18,190,4,other_hardwood
0190-00113-12,1,18,190,4,other_hardwood
0190-00113-13,1,18,190,4,other_hardwood
0190-00113-14,1,18,190,4,other_hardwood
0190-00113-16,1,18,190,4,cedar
0190-00113-17,1,18,190,4,white_pine
0190-00113-20,1,14,190,3,cedar
0190-00113-21,1,14,190,3,cedar
0190-00113-23,1,18,190,4,cedar
0190-00113-26,1,18,190,4,fir
0190-00113-28,1,14,190,3,cedar
0190-00113-4,1,18,190,4,other_hardwood
0190-00113-5,1,18,190,4,cedar
0190-00113-6,1,18,190,4,other_conifer
0190-00113-8,1,18,190,4,other_hardwood
0190-00113-9,1,18,190,4,other_hardwood
0190-00114-1,1,14,190,3,cedar
0190-00114-10,1,18,190,4,cedar
0190-00114-11,1,18,190,4,fir
0190-00114-12,1,14,190,3,cedar
0190-00114-13,1,18,190,3,cedar
0190-00114-15,1,14,190,3,cedar
0190-00114-16,14,18,190,2,fir
0190-00114-17,1,18,190,4,deciduous_oak
0190-00114-18,1,18,190,4,fir
0190-00114-19,1,18,190,4,deciduous_oak
0190-00114-22,1,18,190,4,cedar
0190-00114-23,1,18,190,4,cedar
0190-00114-24,14,18,190,2,deciduous_oak
0190-00114-3,1,18,190,4,cedar
0190-00114-5,1,14,190,3,fir
0190-00116-12,1,18,190,4,fir
0190-00116-13,1,18,190,4,fir
0190-00116-14,7,18,190,3,fir
0190-00116-16,1,18,190,4,other_hardwood
0190-00116-18,1,18,190,4,fir
0190-00116-19,1,14,190,3,cedar
0190-00116-2,7,18,190,3,other_conifer
0190-00116-22,1,18,190,4,other_hardwood
0190-00116-23,1,14,190,3,cedar
0190-00116-24,1,14,190,3,cedar
0190-00116-25,1,18,190,4,cedar
0190-00116-26,1,14,190,3,cedar
0190-00116-28,1,18,190,4,fir
0190-00116-29,1,18,190,4,cedar
0190-00116-30,1,18,190,4,fir
0190-00116-31,1,18,190,4,fir
0190-00116-6,1,18,190,4,other_conifer
0190-00116-7,1,18,190,4,other_conifer
0190-00116-8,1,14,190,3,fir
0240-00003-1,1,18,240,4,other_conifer
0240-00003-14,1,18,240,4,white_pine
0240-00003-33,1,18,240,4,cedar
0240-00003-39,1,18,240,4,cedar
0240-00003-40,1,18,240,4,cedar
0240-00003-42,1,18,240,4,cedar
0240-00003-45,7,18,240,3,cedar
0240-00003-56,1,18,240,4,cedar
0240-00003-8,7,18,240,3,fir
0240-00005-1,1,18,240,4,fir
0240-00005-10,1,18,240,4,cedar
0240-00005-11,1,18,240,4,cedar
0240-00005-12,1,18,240,4,cedar
0240-00005-13,1,18,240,3,cedar
0240-00005-15,1,7,240,2,deciduous_oak
0240-00005-17,1,18,240,4,deciduous_oak
0240-00005-18,1,18,240,4,deciduous_oak
0240-00005-19,1,18,240,4,deciduous_oak
0240-00005-2,1,18,240,4,cedar
0240-00005-22,1,18,240,4,cedar
0240-00005-23,1,18,240,4,cedar
0240-00005-29,1,18,240,4,yellow_pine
0240-00005-31,1,18,240,4,cedar
0240-00005-33,1,18,240,4,cedar
0240-00005-38,7,18,240,3,cedar
0240-00005-7,1,18,240,4,fir
0240-00005-8,1,18,240,4,cedar
0240-00005-9,1,18,240,4,cedar
0240-00007-10,1,18,240,4,cedar
0240-00007-101,1,7,240,2,yellow_pine
0240-00007-11,1,18,240,4,fir
0240-00007-12,1,18,240,4,cedar
0240-00007-16,1,18,240,4,fir
0240-00007-20,1,18,240,4,fir
0240-00007-22,1,18,240,4,cedar
0240-00007-24,1,18,240,4,deciduous_oak
0240-00007-27,1,18,240,4,cedar
0240-00007-31,1,18,240,4,cedar
0240-00007-39,1,18,240,4,cedar
0240-00007-4,1,14,240,3,cedar
0240-00007-42,1,7,240,2,cedar
0240-00007-46,1,18,240,4,cedar
0240-00007-47,1,18,240,4,cedar
0240-00007-5,1,18,240,4,fir
0240-00007-51,1,18,240,4,fir
0240-00007-52,7,18,240,3,fir
0240-00007-7,1,18,240,4,fir
0240-00007-8,1,18,240,4,yellow_pine
0240-00007-9,1,18,240,4,cedar
0240-00009-11,1,18,240,4,deciduous_oak
0240-00009-13,1,18,240,4,cedar
0240-00009-16,1,18,240,4,fir
0240-00009-18,1,18,240,4,fir
0240-00009-2,1,7,240,2,fir
0240-00009-21,1,18,240,4,yellow_pine
0240-00009-23,1,18,240,4,cedar
0240-00009-24,1,18,240,4,cedar
0240-00009-25,1,18,240,4,other_conifer
0240-00009-26,7,18,240,3,fir
0240-00009-27,1,18,240,4,other_conifer
0240-00009-28,1,18,240,4,cedar
0240-00009-3,1,18,240,4,cedar
0240-00009-4,1,18,240,4,fir
0240-00009-41,14,18,240,2,fir
0240-00009-5,1,18,240,4,cedar
0240-00009-7,1,18,240,4,fir
0240-00009-8,1,18,240,4,deciduous_oak
0240-00009-9,1,18,240,4,fir
0240-00022-1,1,18,240,4,cedar
0240-00022-10,1,18,240,4,cedar
0240-00022-101,1,7,240,2,fir
0240-00022-11,1,18,240,4,cedar
0240-00022-12,1,18,240,4,cedar
0240-00022-13,1,18,240,4,cedar
0240-00022-14,1,18,240,4,cedar
0240-00022-15,1,18,240,4,cedar
0240-00022-16,1,18,240,4,cedar
0240-00022-17,1,18,240,4,cedar
0240-00022-18,1,18,240,4,cedar
0240-00022-19,1,18,240,4,cedar
0240-00022-20,1,18,240,4,cedar
0240-00022-21,1,18,240,4,cedar
0240-00022-22,1,14,240,3,cedar
0240-00022-23,1,18,240,4,cedar
0240-00022-24,1,18,240,4,cedar
0240-00022-25,1,18,240,4,deciduous_oak
0240-00022-26,1,18,240,4,cedar
0240-00022-27,1,18,240,4,cedar
0240-00022-28,1,18,240,4,cedar
0240-00022-29,1,18,240,4,cedar
0240-00022-3,1,18,240,4,cedar
0240-00022-30,1,18,240,4,cedar
0240-00022-31,1,18,240,4,cedar
0240-00022-32,1,18,240,4,deciduous_oak
0240-00022-33,1,18,240,4,cedar
0240-00022-34,1,18,240,4,deciduous_oak
0240-00022-35,1,18,240,4,fir
0240-00022-36,1,18,240,4,cedar
0240-00022-37,1,18,240,3,cedar
0240-00022-38,1,18,240,4,cedar
0240-00022-39,1,18,240,4,cedar
0240-00022-4,1,18,240,4,cedar
0240-00022-40,1,18,240,4,cedar
0240-00022-41,1,18,240,4,cedar
0240-00022-42,1,18,240,4,cedar
0240-00022-43,7,18,240,3,cedar
0240-00022-48,1,18,240,4,cedar
0240-00022-5,1,18,240,4,cedar
0240-00022-6,7,18,240,3,cedar
0240-00022-64,1,18,240,4,cedar
0240-00022-65,1,18,240,4,cedar
0240-00022-66,1,18,240,4,cedar
0240-00022-7,1,18,240,4,cedar
0240-00022-73,14,18,240,2,cedar
0240-00022-74,14,18,240,2,cedar
0240-00022-8,1,18,240,4,deciduous_oak
0240-00022-9,1,18,240,4,fir
0240-00026-1,1,18,240,4,other_conifer
0240-00026-18,1,18,240,4,white_pine
0240-00026-19,1,18,240,4,other_conifer
0240-00026-23,1,18,240,4,cedar
0240-00026-24,1,18,240,4,cedar
0240-00026-25,1,18,240,4,cedar
0240-00026-27,1,18,240,4,cedar
0240-00026-28,1,18,240,4,cedar
0240-00026-29,1,18,240,4,cedar
0240-00026-30,1,18,240,4,cedar
0240-00026-32,1,18,240,4,cedar
0240-00026-34,7,18,240,3,other_conifer
0240-00026-36,14,18,240,2,cedar
0240-00026-37,14,18,240,2,other_conifer
0240-00026-9,1,18,240,4,other_conifer
0240-00101-1,1,18,240,4,other_conifer
0240-00101-10,1,7,240,2,fir
0240-00101-11,1,7,240,2,other_hardwood
0240-00101-12,1,7,240,2,other_hardwood
0240-00101-13,1,18,240,4,other_hardwood
0240-00101-15,1,14,240,3,fir
0240-00101-16,1,18,240,4,deciduous_oak
0240-00101-17,1,18,240,4,other_conifer
0240-00101-18,1,14,240,3,fir
0240-00101-2,1,18,240,4,deciduous_oak
0240-00101-20,1,18,240,4,other_conifer
0240-00101-21,1,18,240,4,other_conifer
0240-00101-22,1,18,240,4,other_conifer
0240-00101-23,1,18,240,4,fir
0240-00101-24,1,18,240,4,other_conifer
0240-00101-25,1,18,240,4,other_conifer
0240-00101-27,1,18,240,4,deciduous_oak
0240-00101-28,1,18,240,4,fir
0240-00101-29,1,18,240,4,other_conifer
0240-00101-3,1,18,240,4,other_conifer
0240-00101-6,1,18,240,4,fir
0240-00101-7,1,18,240,4,other_conifer
0240-00101-8,1,7,240,2,other_conifer
0240-00102-10,1,18,240,4,other_conifer
0240-00102-11,1,14,240,3,fir
0240-00102-13,1,18,240,4,cedar
0240-00102-14,1,18,240,4,cedar
0240-00102-15,1,18,240,4,other_conifer
0240-00102-17,1,18,240,4,other_conifer
0240-00102-19,1,18,240,4,cedar
0240-00102-2,1,7,240,2,cedar
0240-00102-20,1,18,240,4,cedar
0240-00102-21,1,18,240,4,white_pine
0240-00102-3,1,18,240,4,white_pine
0240-00102-4,1,18,240,4,white_pine
0240-00102-5,1,18,240,3,other_conifer
0240-00102-6,1,18,240,4,cedar
0240-00102-7,1,18,240,4,cedar
0240-00102-8,1,18,240,4,other_conifer
0240-00104-1,1,18,240,4,fir
0240-00104-11,1,7,240,2,fir
0240-00104-2,1,18,240,4,fir
0240-00104-3,1,18,240,4,fir
0240-00104-4,1,18,240,4,fir
0240-00104-5,1,14,240,3,fir
0240-00104-6,1,18,240,4,fir
0240-00104-7,1,18,240,4,fir
0240-00104-9,1,18,240,4,fir
0240-00105-1,1,18,240,4,other_conifer
0240-00105-10,1,14,240,3,fir
0240-00105-11,1,14,240,3,cedar
0240-00105-12,1,7,240,2,fir
0240-00105-14,1,18,240,4,fir
0240-00105-15,1,18,240,4,fir
0240-00105-16,1,18,240,4,cedar
0240-00105-17,1,18,240,4,yellow_pine
0240-00105-18,1,18,240,4,cedar
0240-00105-2,1,18,240,4,white_pine
0240-00105-20,1,18,240,4,fir
0240-00105-21,1,18,240,4,white_pine
0240-00105-22,1,18,240,4,fir
0240-00105-23,1,18,240,4,white_pine
0240-00105-24,1,18,240,4,fir
0240-00105-4,1,18,240,4,white_pine
0240-00105-6,1,18,240,4,deciduous_oak
0240-00105-7,1,18,240,4,cedar
0240-00105-8,1,18,240,4,white_pine
0240-00105-9,1,18,240,4,cedar
0240-00106-1,1,18,240,3,fir
0240-00106-10,1,18,240,4,fir
0240-00106-11,1,18,240,4,cedar
0240-00106-12,1,14,240,3,cedar
0240-00106-13,1,14,240,3,cedar
0240-00106-15,1,18,240,4,cedar
0240-00106-17,1,7,240,2,cedar
0240-00106-19,1,18,240,4,fir
0240-00106-20,1,18,240,4,fir
0240-00106-21,1,18,240,4,fir
0240-00106-23,1,18,240,4,cedar
0240-00106-24,1,18,240,4,cedar
0240-00106-25,1,18,240,4,cedar
0240-00106-29,1,18,240,4,fir
0240-00106-3,1,18,240,4,cedar
0240-00106-30,1,18,240,4,cedar
0240-00106-32,1,18,240,4,cedar
0240-00106-33,1,18,240,4,cedar
0240-00106-34,7,18,240,3,fir
0240-00106-5,1,18,240,4,fir
0240-00106-6,1,18,240,4,fir
0240-00106-7,1,18,240,4,fir
0240-00106-8,1,7,240,2,fir
0240-00106-9,1,18,240,4,fir
0240-00107-1,1,18,240,4,yellow_pine
0240-00107-11,14,18,240,2,fir
0240-00107-12,14,18,240,2,fir
0240-00107-2,1,18,240,4,fir
0240-00107-3,1,18,240,4,fir
0240-00107-4,1,18,240,4,fir
0240-00107-5,1,18,240,4,cedar
0240-00107-6,1,18,240,4,cedar
0240-00107-7,7,18,240,3,fir
0240-00107-8,1,18,240,4,white_pine
0240-00109-10,1,18,240,4,cedar
0240-00109-11,7,18,240,3,cedar
0240-00109-12,1,18,240,4,cedar
0240-00109-13,1,18,240,4,deciduous_oak
0240-00109-16,1,18,240,4,deciduous_oak
0240-00109-17,1,18,240,4,deciduous_oak
0240-00109-18,1,18,240,4,cedar
0240-00109-2,1,18,240,4,cedar
0240-00109-20,1,18,240,4,cedar
0240-00109-21,1,18,240,4,cedar
0240-00109-22,1,18,240,4,cedar
0240-00109-24,1,7,240,2,cedar
0240-00109-25,1,18,240,4,cedar
0240-00109-26,14,18,240,2,cedar
0240-00109-29,1,18,240,4,cedar
0240-00109-3,1,18,240,4,cedar
0240-00109-30,1,18,240,3,yellow_pine
0240-00109-31,1,18,240,4,yellow_pine
0240-00109-32,1,18,240,4,cedar
0240-00109-33,1,18,240,4,yellow_pine
0240-00109-34,1,18,240,4,cedar
0240-00109-35,1,14,240,3,cedar
0240-00109-36,1,14,240,3,cedar
0240-00109-39,1,18,240,4,cedar
0240-00109-40,1,18,240,4,deciduous_oak
0240-00109-41,1,18,240,4,cedar
0240-00109-5,1,18,240,4,deciduous_oak
0240-00109-6,1,18,240,4,deciduous_oak
0240-00109-7,1,14,240,3,deciduous_oak
0240-00110-1,1,18,240,4,cedar
0240-00110-10,1,18,240,4,fir
0240-00110-11,1,7,240,2,fir
0240-00110-12,1,7,240,2,cedar
0240-00110-13,1,18,240,4,fir
0240-00110-14,1,18,240,4,cedar
0240-00110-15,14,18,240,2,cedar
0240-00110-16,1,18,240,4,deciduous_oak
0240-00110-2,1,18,240,4,cedar
0240-00110-20,1,7,240,2,fir
0240-00110-24,14,18,240,2,cedar
0240-00110-25,14,18,240,2,cedar
0240-00110-3,1,18,240,4,cedar
0240-00110-4,14,18,240,2,fir
0240-00110-5,1,18,240,4,fir
0240-00110-6,1,18,240,4,cedar
0240-00110-7,7,18,240,3,cedar
0240-00110-8,1,18,240,4,fir
0240-00112-1,1,18,240,4,deciduous_oak
0240-00112-10,1,7,240,2,fir
0240-00112-12,1,18,240,4,cedar
0240-00112-14,1,18,240,4,cedar
0240-00112-16,1,18,240,4,cedar
0240-00112-2,1,18,240,4,cedar
0240-00112-4,1,18,240,4,cedar
0240-00112-6,1,18,240,4,fir
0240-00112-7,1,18,240,4,other_conifer
0240-00112-8,1,14,240,3,fir
0240-00112-9,1,14,240,3,fir
0240-00113-11,7,18,240,3,other_conifer
0240-00113-12,1,18,240,3,cedar
0240-00113-14,1,18,240,4,cedar
0240-00113-16,1,18,240,4,fir
0240-00113-17,1,18,240,4,other_conifer
0240-00113-18,1,18,240,4,fir
0240-00113-19,1,18,240,4,cedar
0240-00113-2,1,18,240,4,cedar
0240-00113-20,1,7,240,2,cedar
0240-00113-21,1,7,240,2,cedar
0240-00113-22,1,18,240,4,cedar
0240-00113-23,1,18,240,4,cedar
0240-00113-24,1,18,240,4,cedar
0240-00113-25,1,18,240,4,cedar
0240-00113-27,1,7,240,2,cedar
0240-00113-28,1,18,240,4,cedar
0240-00113-29,1,7,240,2,cedar
0240-00113-3,1,18,240,4,cedar
0240-00113-30,1,18,240,4,cedar
0240-00113-31,1,18,240,4,cedar
0240-00113-33,1,18,240,4,deciduous_oak
0240-00113-34,1,7,240,2,cedar
0240-00113-36,1,7,240,2,fir
0240-00113-37,1,18,240,4,fir
0240-00113-38,1,18,240,4,cedar
0240-00113-41,1,18,240,4,white_pine
0240-00113-42,1,18,240,4,other_conifer
0240-00113-44,1,18,240,4,yellow_pine
0240-00113-45,1,18,240,4,other_conifer
0240-00113-46,1,18,240,4,cedar
0240-00113-47,1,18,240,4,other_conifer
0240-00113-49,1,7,240,2,cedar
0240-00113-5,1,18,240,4,other_conifer
0240-00113-6,1,18,240,4,other_conifer
0240-00113-8,1,18,240,4,fir
0240-00113-9,1,18,240,4,cedar
0240-00114-1,1,18,240,4,cedar
0240-00114-10,1,18,240,4,cedar
0240-00114-11,1,18,240,4,fir
0240-00114-12,1,18,240,4,fir
0240-00114-15,1,18,240,4,fir
0240-00114-16,1,18,240,4,fir
0240-00114-17,1,18,240,4,white_pine
0240-00114-18,1,18,240,4,cedar
0240-00114-19,1,18,240,4,other_conifer
0240-00114-2,1,18,240,4,cedar
0240-00114-20,1,14,240,3,white_pine
0240-00114-21,1,18,240,4,cedar
0240-00114-22,1,18,240,4,white_pine
0240-00114-23,1,18,240,4,other_conifer
0240-00114-24,1,18,240,4,cedar
0240-00114-25,7,18,240,3,cedar
0240-00114-26,1,18,240,4,deciduous_oak
0240-00114-27,1,18,240,4,fir
0240-00114-28,7,18,240,3,fir
0240-00114-4,1,18,240,4,yellow_pine
0240-00114-6,1,18,240,4,cedar
0240-00114-7,1,18,240,4,cedar
0240-00114-8,1,18,240,4,cedar
0240-00115-11,1,18,240,4,other_conifer
0240-00115-13,1,18,240,4,fir
0240-00115-14,1,18,240,4,other_conifer
0240-00115-15,1,18,240,4,other_conifer
0240-00115-17,1,18,240,4,cedar
0240-00115-18,1,18,240,4,fir
0240-00115-19,1,14,240,3,yellow_pine
0240-00115-22,1,7,240,2,cedar
0240-00115-23,1,14,240,2,yellow_pine
0240-00115-25,1,7,240,2,cedar
0240-00115-26,1,18,240,4,cedar
0240-00115-27,1,18,240,4,cedar
0240-00115-29,1,18,240,4,fir
0240-00115-3,1,18,240,4,yellow_pine
0240-00115-30,7,18,240,3,cedar
0240-00115-33,1,18,240,4,fir
0240-00115-34,1,18,240,4,cedar
0240-00115-35,1,18,240,4,fir
0240-00115-37,1,18,240,4,cedar
0240-00115-38,1,18,240,4,yellow_pine
0240-00115-39,1,7,240,2,fir
0240-00115-4,1,18,240,4,other_conifer
0240-00115-42,1,18,240,4,cedar
0240-00115-43,1,18,240,4,cedar
0240-00115-45,1,18,240,4,cedar
0240-00115-46,1,18,240,4,fir
0240-00115-47,1,18,240,4,yellow_pine
0240-00115-5,1,18,240,4,cedar
0240-00115-50,1,7,240,2,cedar
0240-00115-51,1,18,240,4,fir
0240-00115-8,1,18,240,4,other_conifer
0240-00115-9,1,18,240,4,other_conifer
0340-00006-12,1,18,340,4,fir
0340-00006-13,1,18,340,4,cedar
0340-00006-14,1,18,340,4,fir
0340-00006-15,1,18,340,4,fir
0340-00006-16,1,14,340,3,fir
0340-00006-31,14,18,340,2,other_hardwood
0340-00006-8,1,18,340,4,other_conifer
0340-00013-1,1,18,340,4,cedar
0340-00013-10,1,18,340,4,other_hardwood
0340-00013-11,1,14,340,3,other_hardwood
0340-00013-12,1,14,340,3,other_hardwood
0340-00013-13,1,18,340,4,other_hardwood
0340-00013-14,1,18,340,4,other_conifer
0340-00013-15,1,18,340,4,fir
0340-00013-17,1,7,340,2,deciduous_oak
0340-00013-18,1,18,340,4,cedar
0340-00013-19,1,18,340,4,cedar
0340-00013-20,1,18,340,4,cedar
0340-00013-21,1,18,340,4,other_hardwood
0340-00013-22,1,14,340,3,other_hardwood
0340-00013-3,1,18,340,4,fir
0340-00013-4,1,18,340,4,fir
0340-00013-5,1,18,340,4,cedar
0340-00013-6,1,18,340,4,cedar
0340-00013-7,1,18,340,4,cedar
0340-00024-10,1,18,340,4,other_conifer
0340-00024-11,1,7,340,2,fir
0340-00024-12,1,18,340,4,fir
0340-00024-15,1,18,340,4,fir
0340-00024-18,1,18,340,4,other_conifer
0340-00024-19,1,18,340,4,fir
0340-00024-2,1,18,340,4,fir
0340-00024-20,1,18,340,4,fir
0340-00024-21,1,18,340,4,deciduous_oak
0340-00024-24,1,18,340,4,other_conifer
0340-00024-25,1,14,340,3,fir
0340-00024-27,1,18,340,4,fir
0340-00024-28,1,18,340,4,deciduous_oak
0340-00024-29,1,18,340,4,other_conifer
0340-00024-31,14,18,340,2,cedar
0340-00024-32,7,18,340,3,cedar
0340-00024-33,1,18,340,4,other_conifer
0340-00024-34,1,7,340,2,cedar
0340-00024-5,1,18,340,4,fir
0340-00024-6,1,18,340,4,deciduous_oak
0340-00024-8,1,18,340,4,fir
0340-00025-12,1,18,340,4,cedar
0340-00025-13,1,7,340,2,cedar
0340-00025-14,1,7,340,2,white_pine
0340-00025-15,1,18,340,4,fir
0340-00025-16,1,18,340,4,other_conifer
0340-00025-18,1,14,340,3,cedar
0340-00025-20,1,18,340,4,cedar
0340-00025-22,1,14,340,3,cedar
0340-00025-29,14,18,340,2,other_conifer
0340-00025-3,1,18,340,4,fir
0340-00025-4,1,18,340,4,fir
0340-00025-7,1,18,340,4,other_conifer
0340-00025-9,1,18,340,4,cedar
0340-00026-10,1,18,340,4,fir
0340-00026-11,1,18,340,4,fir
0340-00026-12,1,7,340,2,fir
0340-00026-14,1,18,340,4,fir
0340-00026-15,1,18,340,4,fir
0340-00026-17,1,18,340,4,fir
0340-00026-20,1,7,340,2,fir
0340-00026-21,1,18,340,4,other_conifer
0340-00026-6,1,18,340,4,cedar
0340-00103-1,1,18,340,4,fir
0340-00103-11,1,14,340,3,cedar
0340-00103-12,1,14,340,3,deciduous_oak
0340-00103-14,1,7,340,2,cedar
0340-00103-16,1,14,340,3,cedar
0340-00103-2,1,18,340,4,fir
0340-00103-22,1,14,340,3,deciduous_oak
0340-00103-23,1,14,340,3,fir
0340-00103-24,1,7,340,2,cedar
0340-00103-25,1,18,340,4,fir
0340-00103-29,1,7,340,2,cedar
0340-00103-32,1,14,340,3,cedar
0340-00103-37,1,7,340,2,fir
0340-00103-4,1,7,340,2,fir
0340-00103-6,1,18,340,4,cedar
0340-00103-8,1,14,340,3,cedar
0340-00103-9,1,7,340,2,cedar
0340-00104-10,1,18,340,4,fir
0340-00104-11,1,14,340,3,deciduous_oak
0340-00104-13,1,18,340,4,cedar
0340-00104-14,1,18,340,4,fir
0340-00104-15,1,18,340,4,other_conifer
0340-00104-20,1,18,340,4,fir
0340-00104-21,14,18,340,2,cedar
0340-00104-5,1,18,340,4,other_conifer
0340-00104-6,1,18,340,4,cedar
0340-00104-7,1,18,340,4,fir
0340-00104-8,1,18,340,4,fir
0340-00104-9,1,18,340,4,cedar
0340-00108-1,1,18,340,4,fir
0340-00108-12,1,18,340,4,cedar
0340-00108-13,1,18,340,4,cedar
0340-00108-14,1,18,340,4,cedar
0340-00108-15,1,18,340,4,cedar
0340-00108-16,1,18,340,4,deciduous_oak
0340-00108-19,1,7,340,2,cedar
0340-00108-20,1,7,340,2,deciduous_oak
0340-00108-22,1,14,340,2,cedar
0340-00108-24,1,18,340,4,cedar
0340-00108-25,1,18,340,4,cedar
0340-00108-26,1,18,340,4,cedar
0340-00108-29,1,18,340,4,fir
0340-00108-3,1,18,340,4,other_hardwood
0340-00108-30,1,18,340,4,cedar
0340-00108-31,1,18,340,4,cedar
0340-00108-32,1,7,340,2,other_hardwood
0340-00108-34,1,18,340,4,fir
0340-00108-36,1,7,340,2,fir
0340-00108-37,1,18,340,4,fir
0340-00108-38,1,18,340,4,fir
0340-00108-39,1,18,340,4,fir
0340-00108-4,1,18,340,4,cedar
0340-00108-41,1,14,340,3,fir
0340-00108-42,1,18,340,4,cedar
0340-00108-5,14,18,340,2,other_hardwood
0340-00108-6,14,18,340,2,other_hardwood
0340-00108-7,1,18,340,4,cedar
0340-00108-9,7,14,340,2,other_hardwood
0340-00109-12,1,18,340,4,cedar
0340-00109-13,1,18,340,4,cedar
0340-00109-14,7,18,340,3,cedar
0340-00109-17,1,18,340,4,cedar
0340-00109-18,1,18,340,4,yellow_pine
0340-00109-2,14,18,340,2,fir
0340-00109-21,1,18,340,4,other_conifer
0340-00109-24,1,18,340,4,fir
0340-00109-29,1,18,340,4,fir
0340-00109-3,1,18,340,4,deciduous_oak
0340-00109-30,1,18,340,4,fir
0340-00109-5,1,18,340,4,fir
0340-00109-6,1,18,340,4,fir
0340-00109-8,1,18,340,4,fir
0340-00111-1,1,7,340,2,fir
0340-00111-18,1,18,340,4,cedar
0340-00111-19,1,18,340,4,cedar
0340-00111-20,1,18,340,4,cedar
0340-00111-23,1,18,340,4,fir
0340-00111-3,1,18,340,4,cedar
0340-00111-7,1,18,340,4,cedar
0340-00111-9,1,7,340,2,cedar
0340-00112-1,1,7,340,2,other_hardwood
0340-00112-11,1,7,340,2,other_hardwood
0340-00112-12,1,14,340,3,other_hardwood
0340-00112-13,1,7,340,2,other_hardwood
0340-00112-14,1,14,340,3,other_hardwood
0340-00112-16,1,7,340,2,fir
0340-00112-17,1,7,340,2,other_hardwood
0340-00112-19,1,18,340,4,fir
0340-00112-21,1,18,340,4,other_conifer
0340-00112-22,1,18,340,4,other_conifer
0340-00112-24,1,18,340,4,fir
0340-00112-26,1,18,340,3,other_conifer
0340-00112-28,1,7,340,2,other_conifer
0340-00112-29,1,7,340,2,fir
0340-00112-3,1,7,340,2,other_hardwood
0340-00112-30,1,18,340,4,white_pine
0340-00112-4,1,18,340,4,white_pine
0340-00112-5,1,7,340,2,other_hardwood
0340-00112-9,1,7,340,2,other_hardwood
0340-00113-12,1,7,340,2,other_hardwood
0340-00113-14,1,7,340,2,other_hardwood
0340-00113-15,1,7,340,2,other_hardwood
0340-00113-16,1,7,340,2,other_hardwood
0340-00113-17,1,18,340,4,white_pine
0340-00113-18,1,7,340,2,other_hardwood
0340-00113-19,1,7,340,2,other_hardwood
0340-00113-2,1,7,340,2,other_hardwood
0340-00113-20,1,7,340,2,other_hardwood
0340-00113-21,1,7,340,2,other_hardwood
0340-00113-22,1,7,340,2,other_hardwood
0340-00113-23,1,14,340,3,other_hardwood
0340-00113-25,1,14,340,3,other_hardwood
0340-00113-28,1,7,340,2,other_hardwood
0340-00113-3,1,7,340,2,other_hardwood
0340-00113-32,1,7,340,2,other_hardwood
0340-00113-5,1,7,340,2,other_hardwood
0340-00114-1,1,18,340,4,other_conifer
0340-00114-13,1,18,340,4,other_conifer
0340-00114-14,1,7,340,2,other_hardwood
0340-00114-15,1,7,340,2,fir
0340-00114-17,1,18,340,4,other_conifer
0340-00114-19,1,18,340,4,other_conifer
0340-00114-2,1,18,340,4,cedar
0340-00114-3,1,7,340,2,fir
0340-00114-4,14,18,340,2,cedar
0340-00114-5,1,7,340,2,other_hardwood
0340-00114-6,1,14,340,3,other_hardwood
0340-00114-7,7,18,340,3,cedar
0340-00114-8,1,7,340,2,other_hardwood
0340-00115-1,1,18,340,4,fir
0340-00115-11,1,18,340,4,fir
0340-00115-12,1,18,340,4,fir
0340-00115-3,1,18,340,4,fir
0340-00115-5,1,14,340,3,fir
0340-00115-7,1,18,340,4,fir
0340-00115-8,1,18,340,4,white_pine
0340-00116-1,1,18,340,4,cedar
0340-00116-10,1,18,340,4,fir
0340-00116-11,1,14,340,3,other_hardwood
0340-00116-12,1,18,340,4,fir
0340-00116-14,1,7,340,2,other_hardwood
0340-00116-15,1,14,340,3,other_hardwood
0340-00116-18,1,14,340,3,other_hardwood
0340-00116-19,7,14,340,2,other_hardwood
0340-00116-2,1,18,340,4,other_conifer
0340-00116-20,1,18,340,4,other_conifer
0340-00116-3,1,18,340,4,fir
0340-00116-4,1,18,340,4,other_hardwood
0340-00116-6,1,18,340,4,fir
0340-00116-8,1,18,340,4,cedar
0340-00116-9,1,7,340,2,other_conifer
0340-00117-1,1,18,340,4,other_conifer
0340-00117-10,1,18,340,4,cedar
0340-00117-13,1,18,340,4,fir
0340-00117-2,1,14,340,3,fir
0340-00117-3,1,18,340,4,fir
0340-00117-5,1,7,340,2,fir
0340-00117-6,1,18,340,4,fir
0340-00117-8,1,18,340,4,fir
0340-00117-9,1,18,340,4,cedar
0340-00121-10,1,18,340,4,cedar
0340-00121-12,1,18,340,4,fir
0340-00121-14,1,18,340,4,other_conifer
0340-00121-15,1,18,340,4,fir
0340-00121-16,1,18,340,4,fir
0340-00121-17,1,18,340,3,cedar
0340-00121-2,1,18,340,4,white_pine
0340-00121-3,1,18,340,4,fir
0340-00121-4,1,18,340,4,fir
0340-00121-5,1,18,340,4,white_pine
0340-00121-6,1,18,340,4,other_hardwood
0340-00121-7,1,7,340,2,fir
0340-00122-1,1,18,340,4,fir
0340-00122-10,1,18,340,4,fir
0340-00122-12,1,18,340,4,fir
0340-00122-13,1,18,340,4,fir
0340-00122-15,1,7,340,2,fir
0340-00122-2,1,18,340,4,fir
0340-00122-3,1,18,340,4,fir
0340-00122-5,1,7,340,2,fir
0340-00122-7,1,18,340,4,fir
0340-00122-8,1,18,340,4,fir
0340-00123-10,1,14,340,3,fir
0340-00123-12,1,18,340,4,white_pine
0340-00123-13,1,7,340,2,cedar
0340-00123-16,1,18,340,4,cedar
0340-00123-18,1,18,340,4,white_pine
0340-00123-19,7,18,340,3,white_pine
0340-00123-3,1,18,340,4,fir
0340-00123-4,1,18,340,4,fir
0340-00123-5,1,18,340,4,fir
0340-00123-7,1,18,340,4,cedar
0340-00123-8,1,14,340,3,fir
0340-00123-9,1,18,340,4,fir
0340-00124-1,1,14,340,3,cedar
0340-00124-10,1,7,340,2,fir
0340-00124-12,1,14,340,3,yellow_pine
0340-00124-7,1,7,340,2,fir
0350-00002-10,1,18,350,4,yellow_pine
0350-00002-12,1,14,350,3,other_conifer
0350-00002-15,1,18,350,4,cedar
0350-00002-20,1,18,350,4,fir
0350-00002-5,1,18,350,4,yellow_pine
0350-00003-10,1,18,350,4,cedar
0350-00003-16,1,18,350,4,white_pine
0350-00003-21,1,14,350,3,white_pine
0350-00003-3,1,18,350,4,other_conifer
0350-00005-1,1,18,350,4,cedar
0350-00005-14,1,18,350,4,other_conifer
0350-00005-20,1,18,350,4,fir
0350-00005-24,1,18,350,4,white_pine
0350-00005-6,1,18,350,4,other_conifer
0350-00005-9,1,14,350,3,other_conifer
0350-00101-1,1,18,350,4,cedar
0350-00101-10,1,18,350,4,cedar
0350-00101-13,1,18,350,4,deciduous_oak
0350-00101-16,1,14,350,3,deciduous_oak
0350-00101-17,1,14,350,3,deciduous_oak
0350-00101-22,1,18,350,4,fir
0350-00101-23,1,18,350,4,fir
0350-00101-24,1,14,350,3,fir
0350-00101-26,1,18,350,4,cedar
0350-00101-3,1,18,350,4,fir
0350-00101-32,1,18,350,4,fir
0350-00101-36,7,18,350,3,fir
0350-00101-37,1,7,350,2,fir
0350-00101-5,1,14,350,3,deciduous_oak
0350-00101-6,1,14,350,3,deciduous_oak
0350-00102-14,1,18,350,4,fir
0350-00102-16,1,18,350,4,fir
0350-00102-17,1,7,350,2,fir
0350-00102-19,1,18,350,4,cedar
0350-00102-22,1,18,350,4,cedar
0350-00102-28,1,18,350,3,other_conifer
0350-00102-4,1,18,350,4,cedar
0350-00102-9,1,14,350,3,fir
0350-00103-10,1,18,350,4,deciduous_oak
0350-00103-11,1,18,350,4,cedar
0350-00103-12,1,18,350,4,cedar
0350-00103-19,1,7,350,2,fir
0350-00103-21,1,18,350,4,deciduous_oak
0350-00103-22,1,18,350,4,cedar
0350-00103-24,1,18,350,4,deciduous_oak
0350-00103-25,7,18,350,3,fir
0350-00103-27,1,14,350,3,deciduous_oak
0350-00103-28,1,18,350,4,cedar
0350-00103-3,1,18,350,4,fir
0350-00103-32,1,18,350,4,fir
0350-00103-33,1,18,350,4,fir
0350-00103-34,1,18,350,4,deciduous_oak
0350-00103-39,1,18,350,4,cedar
0350-00103-4,1,18,350,4,cedar
0350-00103-40,1,18,350,4,cedar
0350-00103-42,7,18,350,3,fir
0350-00103-5,1,18,350,4,fir
0350-00103-6,1,18,350,4,cedar
0350-00103-7,1,18,350,4,cedar
0350-00103-9,1,18,350,4,cedar
0350-00105-10,1,18,350,4,deciduous_oak
0350-00105-102,1,7,350,2,cedar
0350-00105-103,1,7,350,2,cedar
0350-00105-18,1,18,350,4,fir
0350-00105-19,1,18,350,4,cedar
0350-00105-2,1,18,350,4,cedar
0350-00105-20,1,18,350,4,fir
0350-00105-23,1,18,350,4,deciduous_oak
0350-00105-27,14,18,350,2,cedar
0350-00105-28,14,18,350,2,cedar
0350-00105-5,1,18,350,4,fir
0350-00106-10,1,18,350,4,fir
0350-00106-13,1,18,350,4,fir
0350-00106-22,1,18,350,4,white_pine
0350-00106-25,1,14,350,3,cedar
0350-00106-3,1,18,350,4,fir
0350-00106-30,1,7,350,2,fir
0350-00106-9,1,7,350,2,fir
0350-00109-14,1,18,350,4,fir
0350-00109-18,1,18,350,4,cedar
0350-00109-23,14,18,350,2,cedar
0350-00109-3,1,18,350,4,cedar
0350-00109-4,1,18,350,4,cedar
0350-00109-6,14,18,350,2,cedar
0350-00109-7,1,18,350,4,fir
0350-00109-8,1,18,350,4,cedar
0350-00109-9,1,18,350,4,other_conifer
0350-00110-1,1,18,350,4,other_conifer
0350-00110-11,1,18,350,4,cedar
0350-00110-4,1,14,350,3,fir
0350-00110-6,1,18,350,4,deciduous_oak
0350-00110-7,1,7,350,2,fir
0350-00111-11,1,18,350,4,fir
0350-00111-12,1,14,350,3,fir
0350-00111-18,1,18,350,4,white_pine
0350-00111-20,1,18,350,4,white_pine
0350-00111-26,1,18,350,4,white_pine
0350-00111-4,1,18,350,4,fir
0350-00111-5,1,18,350,4,deciduous_oak
0350-00111-6,1,18,350,4,cedar
0350-00111-7,1,14,350,3,cedar
0350-00112-11,1,18,350,4,fir
0350-00112-15,1,14,350,3,fir
0350-00112-21,1,18,350,4,other_conifer
0350-00112-22,1,18,350,4,fir
0350-00112-25,1,18,350,4,other_conifer
0350-00112-30,1,18,350,4,cedar
0350-00112-35,1,18,350,4,fir
0350-00112-4,1,18,350,4,other_conifer
0350-00113-12,1,14,350,3,fir
0350-00113-13,1,18,350,4,fir
0350-00113-14,1,18,350,4,fir
0350-00113-16,1,14,350,3,white_pine
0350-00113-18,1,18,350,4,fir
0350-00113-6,1,7,350,2,fir
0350-00113-7,1,18,350,4,other_conifer
0350-00115-14,1,18,350,4,fir
0350-00115-2,1,18,350,4,cedar
0350-00115-5,1,14,350,3,fir
0350-00115-9,1,18,350,4,other_conifer
0350-00116-11,1,18,350,4,yellow_pine
0350-00116-14,1,18,350,4,cedar
0350-00116-18,1,18,350,4,fir
0350-00116-21,1,18,350,4,deciduous_oak
0350-00116-7,1,18,350,3,white_pine
0350-00116-9,7,18,350,3,cedar
0350-00117-10,1,14,350,3,fir
0350-00117-13,1,18,350,4,other_conifer
0350-00117-2,1,18,350,4,cedar
0350-00117-21,1,18,350,4,other_conifer
0350-00117-23,1,14,350,3,white_pine
0350-00117-27,1,18,350,4,cedar
0350-00117-3,1,18,350,4,cedar
0350-00117-5,1,18,350,4,cedar
0350-00119-1,1,18,350,4,deciduous_oak
0350-00119-11,1,18,350,4,deciduous_oak
0350-00119-15,1,18,350,4,yellow_pine
0350-00119-16,1,18,350,4,cedar
0350-00119-19,1,18,350,4,cedar
0350-00119-22,7,18,350,3,cedar
0350-00119-24,7,18,350,3,cedar
0350-00119-6,1,18,350,4,deciduous_oak
0350-00119-7,1,18,350,4,fir
0380-00002-16,1,18,380,4,fir
0380-00002-19,1,18,380,4,yellow_pine
0380-00002-22,1,18,380,4,fir
0380-00002-25,1,18,380,4,fir
0380-00004-11,1,7,380,2,cedar
0380-00004-12,1,18,380,4,other_conifer
0380-00004-17,1,18,380,4,other_conifer
0380-00004-20,1,18,380,4,other_conifer
0380-00004-29,1,18,380,4,white_pine
0380-00004-5,1,18,380,4,fir
0380-00004-6,1,18,380,3,fir
0380-00006-13,1,18,380,4,fir
0380-00006-14,1,18,380,4,other_conifer
0380-00006-18,1,18,380,4,cedar
0380-00006-2,1,18,380,4,other_conifer
0380-00006-25,1,18,380,4,yellow_pine
0380-00010-1,1,7,380,2,other_conifer
0380-00010-12,1,18,380,4,other_conifer
0380-00010-3,1,18,380,4,yellow_pine
0380-00010-5,1,18,380,4,fir
0380-00015-10,1,18,380,4,yellow_pine
0380-00015-13,1,18,380,4,yellow_pine
0380-00015-21,1,14,380,3,deciduous_oak
0380-00015-22,1,18,380,4,deciduous_oak
0380-00015-23,1,14,380,3,deciduous_oak
0380-00015-8,1,7,380,2,cedar
0380-00102-11,1,18,380,4,other_conifer
0380-00102-13,1,14,380,3,cedar
0380-00102-17,1,18,380,4,cedar
0380-00102-18,1,14,380,3,cedar
0380-00102-2,1,18,380,4,yellow_pine
0380-00102-21,1,18,380,4,white_pine
0380-00102-24,1,14,380,3,cedar
0380-00102-4,1,14,380,3,cedar
0380-00102-6,1,14,380,3,cedar
0380-00102-8,1,14,380,3,other_conifer
0380-00102-9,1,18,380,4,cedar
0380-00103-11,1,18,380,4,cedar
0380-00103-12,1,14,380,3,cedar
0380-00103-14,1,7,380,2,cedar
0380-00103-15,1,18,380,4,cedar
0380-00103-20,1,14,380,3,other_conifer
0380-00103-25,1,14,380,3,white_pine
0380-00103-3,1,7,380,2,cedar
0380-00103-6,1,18,380,4,deciduous_oak
0380-00104-10,1,18,380,4,deciduous_oak
0380-00104-11,1,18,380,4,other_conifer
0380-00104-14,1,7,380,2,white_pine
0380-00104-15,1,18,380,4,other_conifer
0380-00104-17,1,18,380,4,cedar
0380-00104-9,1,18,380,4,other_conifer
0380-00107-13,1,14,380,3,deciduous_oak
0380-00107-15,1,18,380,4,fir
0380-00107-19,1,18,380,4,white_pine
0380-00107-2,1,14,380,3,other_conifer
0380-00107-3,1,7,380,2,other_conifer
0380-00107-7,1,18,380,4,fir
0380-00107-8,1,14,380,3,other_conifer
0380-00107-9,1,18,380,4,other_conifer
0380-00110-1,1,14,380,3,cedar
0380-00110-13,1,14,380,3,yellow_pine
0380-00110-2,1,18,380,4,white_pine
0380-00110-4,1,7,380,2,cedar
0380-00110-7,1,18,380,4,cedar
0380-00110-8,1,14,380,3,yellow_pine
0380-00112-1,1,14,380,3,cedar
0380-00112-11,1,18,380,4,cedar
0380-00112-14,1,18,380,4,other_conifer
0380-00112-16,1,18,380,4,other_conifer
0380-00112-18,1,18,380,4,other_conifer
0380-00112-20,1,7,380,2,deciduous_oak
0380-00112-3,1,18,380,4,fir
0380-00112-6,7,18,380,3,fir
0380-00112-8,14,18,380,2,cedar
0380-00113-13,1,14,380,3,cedar
0380-00113-15,1,18,380,4,fir
0380-00113-16,1,18,380,4,fir
0380-00113-19,1,14,380,3,cedar
0380-00113-20,1,18,380,4,cedar
0380-00113-21,1,18,380,4,white_pine
0380-00113-24,1,18,380,4,fir
0380-00113-3,1,7,380,2,fir
0380-00113-4,1,18,380,4,fir
0380-00113-6,1,14,380,3,white_pine
0380-00113-9,1,18,380,4,yellow_pine
0380-00114-12,1,7,380,2,fir
0380-00114-13,1,7,380,2,fir
0380-00114-4,1,18,380,4,yellow_pine
0380-00114-9,1,18,380,4,white_pine
0380-00117-10,1,18,380,4,cedar
0380-00117-15,1,18,380,4,cedar
0380-00117-2,1,18,380,4,other_conifer
0380-00117-5,1,18,380,4,white_pine
0380-00117-9,1,7,380,2,white_pine
0380-00118-11,1,18,380,4,fir
0380-00118-12,1,18,380,4,yellow_pine
0380-00118-2,1,7,380,2,fir
0380-00118-6,1,18,380,4,yellow_pine
0380-00118-9,1,18,380,4,fir
0380-00119-19,1,18,380,4,white_pine
0380-00119-2,1,18,380,4,white_pine
0380-00119-4,1,18,380,4,cedar
0380-00119-9,1,18,380,4,cedar
0380-00120-10,1,18,380,4,yellow_pine
0380-00120-12,1,18,380,4,yellow_pine
0380-00120-13,1,18,380,4,other_conifer
0380-00120-17,1,18,380,4,deciduous_oak
0380-00120-18,1,18,380,4,other_conifer
0380-00120-4,1,14,380,3,fir
0380-00120-5,1,18,380,4,fir
0380-00120-8,1,18,380,4,other_conifer
0380-00125-1,1,14,380,3,white_pine
0380-00125-12,1,7,380,2,fir
0380-00125-14,1,18,380,4,other_hardwood
0380-00125-15,1,18,380,4,other_conifer
0380-00125-16,1,18,380,4,yellow_pine
0380-00125-2,1,7,380,2,cedar
0380-00125-3,1,14,380,3,other_conifer
0380-00125-7,1,7,380,2,fir
0380-00125-8,1,18,380,4,cedar
0380-00126-5,1,18,380,4,white_pine
0380-00127-1,1,14,380,3,deciduous_oak
0380-00127-12,1,7,380,2,other_conifer
0380-00127-22,1,14,380,3,white_pine
0380-00127-7,1,7,380,2,fir
0400-00002-10,1,7,400,2,cedar
0400-00002-12,1,18,400,4,cedar
0400-00002-2,1,18,400,4,cedar
0400-00002-3,1,18,400,4,cedar
0400-00002-5,1,18,400,4,cedar
0400-00002-6,1,18,400,4,other_conifer
0400-00002-7,1,18,400,4,other_conifer
0400-00002-9,1,14,400,3,fir
0400-00009-10,1,18,400,4,fir
0400-00009-11,1,18,400,4,fir
0400-00009-12,1,18,400,4,cedar
0400-00009-13,1,18,400,4,yellow_pine
0400-00009-14,1,14,400,3,other_conifer
0400-00009-19,1,7,400,2,cedar
0400-00009-22,1,7,400,2,fir
0400-00009-23,1,14,400,3,cedar
0400-00009-25,1,18,400,4,fir
0400-00009-26,1,18,400,4,cedar
0400-00009-27,1,18,400,4,cedar
0400-00009-28,1,18,400,4,cedar
0400-00009-3,1,7,400,2,cedar
0400-00009-35,1,7,400,2,fir
0400-00009-4,1,14,400,3,other_conifer
0400-00009-40,1,18,400,4,cedar
0400-00009-5,1,14,400,3,other_conifer
0400-00009-7,1,18,400,4,other_conifer
0400-00009-8,1,7,400,2,fir
0400-00009-9,1,18,400,4,cedar
0400-00022-1,1,7,400,2,cedar
0400-00022-11,1,18,400,4,other_conifer
0400-00022-12,1,7,400,2,cedar
0400-00022-14,1,18,400,4,other_conifer
0400-00022-16,1,18,400,4,cedar
0400-00022-18,1,18,400,4,other_conifer
0400-00022-2,1,7,400,2,cedar
0400-00022-21,1,18,400,4,other_conifer
0400-00022-22,1,7,400,2,yellow_pine
0400-00022-24,1,18,400,4,yellow_pine
0400-00022-7,1,7,400,2,other_conifer
0400-00023-1,1,18,400,4,cedar
0400-00023-12,1,18,400,4,fir
0400-00023-16,1,18,400,4,cedar
0400-00023-2,1,18,400,4,cedar
0400-00023-23,1,18,400,4,other_conifer
0400-00023-24,1,18,400,4,other_conifer
0400-00023-25,1,7,400,2,cedar
0400-00023-26,1,18,400,4,cedar
0400-00023-27,1,7,400,2,cedar
0400-00023-29,1,7,400,2,fir
0400-00023-3,1,18,400,4,other_conifer
0400-00023-30,7,18,400,3,cedar
0400-00023-33,1,14,400,3,other_conifer
0400-00024-1,1,18,400,4,fir
0400-00024-10,1,18,400,4,cedar
0400-00024-12,1,18,400,4,white_pine
0400-00024-3,1,18,400,4,other_conifer
0400-00024-6,1,18,400,4,other_conifer
0400-00024-7,1,18,400,4,other_conifer
0400-00024-8,1,18,400,4,other_conifer
0400-00024-9,1,18,400,4,other_conifer
0400-00101-11,1,18,400,4,cedar
0400-00101-12,1,18,400,3,cedar
0400-00101-13,1,18,400,3,fir
0400-00101-14,1,18,400,4,yellow_pine
0400-00101-2,1,18,400,4,other_conifer
0400-00101-4,1,18,400,4,cedar
0400-00101-5,1,18,400,4,cedar
0400-00101-6,1,18,400,4,yellow_pine
0400-00101-8,1,18,400,4,fir
0400-00101-9,1,18,400,4,cedar
0400-00102-12,1,18,400,4,fir
0400-00102-13,1,18,400,4,fir
0400-00102-14,1,18,400,4,other_conifer
0400-00102-20,1,18,400,4,fir
0400-00102-3,1,7,400,2,fir
0400-00102-5,1,18,400,4,other_conifer
0400-00102-6,1,18,400,4,other_conifer
0400-00103-1,1,18,400,4,cedar
0400-00103-10,1,18,400,4,fir
0400-00103-11,1,18,400,4,fir
0400-00103-12,1,18,400,4,other_conifer
0400-00103-13,1,7,400,2,cedar
0400-00103-16,1,18,400,4,fir
0400-00103-3,1,14,400,3,other_conifer
0400-00103-4,1,14,400,3,other_conifer
0400-00103-5,1,7,400,2,other_conifer
0400-00103-6,1,14,400,3,other_conifer
0400-00103-8,1,18,400,4,white_pine
0400-00103-9,1,7,400,2,other_conifer
0400-00104-1,1,18,400,4,cedar
0400-00104-10,1,7,400,2,other_conifer
0400-00104-11,1,7,400,2,other_conifer
0400-00104-14,1,7,400,2,fir
0400-00104-15,1,18,400,4,cedar
0400-00104-16,1,18,400,4,cedar
0400-00104-18,1,7,400,2,cedar
0400-00104-19,1,18,400,4,cedar
0400-00104-2,1,18,400,4,cedar
0400-00104-24,1,18,400,4,other_conifer
0400-00104-25,1,18,400,4,cedar
0400-00104-27,1,18,400,4,cedar
0400-00104-29,1,18,400,4,cedar
0400-00104-3,1,18,400,4,other_conifer
0400-00104-30,1,18,400,4,cedar
0400-00104-31,1,14,400,3,cedar
0400-00104-4,1,18,400,4,cedar
0400-00104-5,1,18,400,4,yellow_pine
0400-00104-6,1,7,400,2,other_conifer
0400-00104-7,1,7,400,2,other_conifer
0400-00104-8,1,7,400,2,other_conifer
0400-00104-9,1,7,400,2,other_conifer
0400-00105-1,1,18,400,4,fir
0400-00105-10,1,18,400,4,other_conifer
0400-00105-11,7,18,400,3,cedar
0400-00105-12,1,18,400,4,other_conifer
0400-00105-14,1,18,400,4,yellow_pine
0400-00105-16,1,18,400,4,other_conifer
0400-00105-17,1,7,400,2,fir
0400-00105-21,1,14,400,3,cedar
0400-00105-22,1,18,400,4,other_conifer
0400-00105-3,1,14,400,3,fir
0400-00105-4,1,18,400,4,cedar
0400-00105-5,1,18,400,4,other_conifer
0400-00105-7,1,18,400,4,yellow_pine
0400-00105-8,1,14,400,3,fir
0400-00105-9,1,7,400,2,white_pine
0400-00106-1,1,18,400,4,cedar
0400-00106-10,1,18,400,4,white_pine
0400-00106-15,1,18,400,4,fir
0400-00106-17,1,18,400,4,cedar
0400-00106-18,1,18,400,4,cedar
0400-00106-19,1,18,400,4,fir
0400-00106-2,1,18,400,4,yellow_pine
0400-00106-21,1,18,400,4,cedar
0400-00106-22,1,18,400,4,fir
0400-00106-23,1,18,400,4,cedar
0400-00106-25,1,18,400,4,cedar
0400-00106-26,1,18,400,4,cedar
0400-00106-28,1,18,400,4,white_pine
0400-00106-3,1,18,400,4,other_conifer
0400-00106-4,1,18,400,4,other_conifer
0400-00106-5,1,18,400,4,cedar
0400-00106-9,1,18,400,4,other_conifer
0400-00108-13,1,7,400,2,fir
0400-00108-15,1,7,400,2,other_conifer
0400-00108-17,1,18,400,4,white_pine
0400-00108-18,1,14,400,3,fir
0400-00108-19,1,7,400,2,other_conifer
0400-00108-2,1,18,400,4,yellow_pine
0400-00108-21,1,7,400,2,fir
0400-00108-22,1,7,400,2,cedar
0400-00108-7,1,18,400,4,fir
0400-00108-8,1,18,400,4,white_pine
0400-00108-9,1,14,400,3,fir
0400-00109-1,1,18,400,4,cedar
0400-00109-11,1,18,400,4,white_pine
0400-00109-12,1,18,400,4,cedar
0400-00109-13,1,18,400,4,cedar
0400-00109-15,1,18,400,4,cedar
0400-00109-16,1,18,400,4,fir
0400-00109-3,1,18,400,4,white_pine
0400-00109-4,1,18,400,4,other_conifer
0400-00109-5,1,18,400,4,white_pine
0400-00109-6,1,18,400,4,white_pine
0400-00109-9,1,18,400,4,cedar
0400-00110-10,1,18,400,4,yellow_pine
0400-00110-12,1,18,400,4,yellow_pine
0400-00110-16,1,18,400,4,other_conifer
0400-00110-17,1,14,400,3,fir
0400-00110-18,1,7,400,2,cedar
0400-00110-2,1,14,400,3,fir
0400-00110-4,1,18,400,4,fir
0400-00110-5,1,18,400,4,other_conifer
0400-00110-6,1,18,400,4,yellow_pine
0400-00110-7,1,14,400,3,other_conifer
0400-00112-1,1,14,400,3,fir
0400-00112-11,1,18,400,4,fir
0400-00112-12,1,18,400,4,fir
0400-00112-13,1,7,400,2,fir
0400-00112-14,1,18,400,4,fir
0400-00112-16,1,14,400,3,fir
0400-00112-18,1,18,400,4,white_pine
0400-00112-19,1,18,400,4,other_conifer
0400-00112-2,1,18,400,4,yellow_pine
0400-00112-20,7,18,400,3,other_conifer
0400-00112-21,1,18,400,4,other_conifer
0400-00112-3,1,18,400,4,other_conifer
0400-00116-10,1,18,400,4,white_pine
0400-00116-11,1,18,400,4,other_conifer
0400-00116-13,1,7,400,2,other_conifer
0400-00116-17,1,18,400,4,other_conifer
0400-00116-18,1,18,400,4,other_conifer
0400-00116-3,1,14,400,3,cedar
0400-00116-4,1,14,400,3,cedar
0400-00116-5,1,7,400,2,cedar
0400-00116-7,1,7,400,2,cedar
0400-00118-12,1,18,400,4,fir
0400-00118-14,1,18,400,4,other_conifer
0400-00118-15,1,18,400,4,cedar
0400-00118-17,1,7,400,2,cedar
0400-00118-18,1,18,400,3,cedar
0400-00118-19,1,18,400,4,cedar
0400-00118-2,1,18,400,4,cedar
0400-00118-20,1,18,400,4,cedar
0400-00118-21,1,18,400,4,cedar
0400-00118-22,1,7,400,2,cedar
0400-00118-23,1,14,400,3,other_conifer
0400-00118-24,1,14,400,3,fir
0400-00118-25,1,18,400,4,cedar
0400-00118-26,1,18,400,4,cedar
0400-00118-28,1,18,400,4,cedar
0400-00118-3,1,7,400,2,cedar
0400-00118-32,1,18,400,4,fir
0400-00118-33,1,7,400,2,cedar
0400-00118-34,1,18,400,4,cedar
0400-00118-37,1,18,400,4,cedar
0400-00118-38,1,18,400,4,fir
0400-00118-4,1,18,400,4,cedar
0400-00118-5,1,14,400,3,cedar
0400-00118-7,1,18,400,4,cedar
0400-00118-8,1,18,400,4,cedar
0400-00118-9,1,18,400,4,other_conifer
0400-00119-1,1,18,400,4,cedar
0400-00119-10,1,18,400,4,cedar
0400-00119-11,1,7,400,2,cedar
0400-00119-12,1,7,400,2,cedar
0400-00119-13,1,7,400,2,cedar
0400-00119-14,1,7,400,2,cedar
0400-00119-16,1,7,400,2,cedar
0400-00119-18,1,18,400,4,fir
0400-00119-20,1,7,400,2,cedar
0400-00119-24,1,18,400,4,cedar
0400-00119-25,1,18,400,4,cedar
0400-00119-26,1,18,400,4,fir
0400-00119-28,1,18,400,4,cedar
0400-00119-29,1,18,400,4,cedar
0400-00119-3,1,7,400,2,cedar
0400-00119-32,1,7,400,2,cedar
0400-00119-34,1,18,400,4,cedar
0400-00119-35,1,18,400,4,cedar
0400-00119-36,1,18,400,4,yellow_pine
0400-00119-6,1,7,400,2,cedar
0400-00119-7,1,18,400,4,cedar
0400-00119-8,1,7,400,2,cedar
0400-00119-9,1,14,400,3,cedar
0400-00120-10,1,18,400,4,fir
0400-00120-11,1,18,400,4,yellow_pine
0400-00120-13,1,18,400,4,fir
0400-00120-14,1,18,400,4,fir
0400-00120-16,1,18,400,4,fir
0400-00120-2,1,18,400,4,cedar
0400-00120-4,1,18,400,4,cedar
0400-00120-6,1,18,400,4,cedar
0400-00120-7,1,18,400,4,white_pine
0400-00121-1,1,18,400,4,other_conifer
0400-00121-11,1,18,400,4,yellow_pine
0400-00121-13,1,18,400,4,cedar
0400-00121-14,1,18,400,4,yellow_pine
0400-00121-16,1,18,400,4,white_pine
0400-00121-17,1,18,400,4,cedar
0400-00121-21,1,18,400,4,fir
0400-00121-3,1,14,400,3,cedar
0400-00121-4,1,18,400,4,fir
0400-00121-5,1,18,400,4,yellow_pine
0490-00004-1,1,18,490,4,fir
0490-00004-10,1,14,490,3,other_conifer
0490-00004-101,1,7,490,2,deciduous_oak
0490-00004-13,1,18,490,4,fir
0490-00004-14,1,14,490,3,other_conifer
0490-00004-16,1,18,490,4,cedar
0490-00004-19,14,18,490,2,fir
0490-00004-2,1,18,490,4,other_conifer
0490-00004-6,1,18,490,4,fir
0490-00008-11,1,18,490,4,fir
0490-00008-17,1,18,490,4,other_conifer
0490-00008-19,1,18,490,4,fir
0490-00008-2,1,18,490,4,other_conifer
0490-00008-6,1,14,490,3,fir
0490-00018-1,1,14,490,3,other_conifer
0490-00018-16,14,18,490,2,fir
0490-00018-17,7,14,490,2,other_hardwood
0490-00018-2,1,18,490,4,cedar
0490-00018-21,7,18,490,3,fir
0490-00018-5,1,18,490,4,other_conifer
0490-00018-6,1,14,490,3,fir
0490-00020-12,1,14,490,3,fir
0490-00020-13,1,18,490,4,other_conifer
0490-00020-22,7,18,490,3,other_conifer
0490-00020-3,1,18,490,4,other_conifer
0490-00020-5,1,18,490,4,fir
0490-00020-6,1,14,490,3,fir
0490-00020-7,1,14,490,3,other_conifer
0490-00033-1,1,18,490,4,other_conifer
0490-00033-11,1,18,490,4,cedar
0490-00033-14,1,14,490,3,other_conifer
0490-00033-2,1,18,490,4,other_conifer
0490-00035-10,1,18,490,4,fir
0490-00035-13,1,18,490,4,white_pine
0490-00035-15,1,18,490,4,cedar
0490-00035-20,1,18,490,4,fir
0490-00035-23,1,14,490,3,white_pine
0490-00035-9,1,18,490,4,fir
0490-00041-1,1,18,490,4,fir
0490-00041-16,1,18,490,4,white_pine
0490-00041-22,1,14,490,3,other_conifer
0490-00041-27,14,18,490,2,fir
0490-00041-6,1,18,490,4,other_conifer
0490-00041-9,1,18,490,4,other_conifer
0490-00041-92,1,7,490,2,fir
0490-00042-18,1,18,490,4,fir
0490-00042-23,1,18,490,4,fir
0490-00042-6,1,14,490,3,fir
0490-00042-9,1,18,490,4,cedar
0490-00102-1,1,18,490,4,cedar
0490-00102-13,1,18,490,4,white_pine
0490-00102-5,1,18,490,4,cedar
0490-00102-6,1,14,490,3,white_pine
0490-00102-8,1,14,490,3,other_conifer
0490-00102-9,1,18,490,4,white_pine
0490-00103-14,1,18,490,4,cedar
0490-00103-15,7,14,490,2,fir
0490-00103-16,1,18,490,4,deciduous_oak
0490-00103-17,7,18,490,3,fir
0490-00103-18,1,14,490,3,other_conifer
0490-00103-21,1,18,490,4,white_pine
0490-00103-24,1,14,490,3,fir
0490-00103-25,1,14,490,3,white_pine
0490-00103-4,1,18,490,4,fir
0490-00103-6,1,18,490,4,other_conifer
0490-00104-13,7,18,490,3,other_conifer
0490-00104-14,1,14,490,3,white_pine
0490-00104-2,1,18,490,4,white_pine
0490-00104-5,1,18,490,4,cedar
0490-00105-10,1,18,490,4,fir
0490-00105-13,1,18,490,4,other_conifer
0490-00105-15,1,14,490,3,other_conifer
0490-00105-16,1,14,490,3,other_conifer
0490-00105-2,1,18,490,4,white_pine
0490-00105-3,1,14,490,3,other_conifer
0490-00105-6,1,18,490,3,cedar
0490-00105-7,1,18,490,4,other_conifer
0490-00110-1,1,18,490,4,cedar
0490-00110-10,1,18,490,4,fir
0490-00110-12,1,14,490,3,other_conifer
0490-00110-15,1,14,490,3,other_conifer
0490-00110-17,1,18,490,4,other_conifer
0490-00110-18,1,18,490,4,deciduous_oak
0490-00110-24,1,7,490,2,fir
0490-00110-27,1,18,490,4,fir
0490-00110-28,1,18,490,4,cedar
0490-00110-6,1,14,490,3,white_pine
0490-00110-9,7,14,490,2,cedar
0490-00115-1,1,14,490,3,other_conifer
0490-00115-10,1,18,490,4,fir
0490-00115-11,1,14,490,3,white_pine
0490-00115-13,1,18,490,4,white_pine
0490-00115-16,1,14,490,3,white_pine
0490-00115-18,1,18,490,4,other_conifer
0490-00115-2,1,14,490,3,white_pine
0490-00115-6,1,14,490,3,white_pine
0490-00117-1,1,14,490,3,fir
0490-00117-10,14,18,490,2,other_conifer
0490-00117-2,1,14,490,3,fir
0490-00117-6,1,18,490,4,white_pine
0490-00117-9,1,18,490,4,fir
0490-00120-10,1,14,490,3,cedar
0490-00120-11,1,14,490,3,cedar
0490-00120-12,1,18,490,4,cedar
0490-00120-13,1,18,490,3,cedar
0490-00120-14,1,18,490,4,other_conifer
0490-00120-18,1,18,490,4,cedar
0490-00120-19,1,18,490,4,cedar
0490-00120-20,1,18,490,4,cedar
0490-00120-21,1,18,490,4,fir
0490-00120-3,1,18,490,4,cedar
0490-00120-4,1,14,490,3,other_conifer
0490-00120-6,1,18,490,4,cedar
0490-00120-8,1,18,490,4,cedar
0490-00122-1,1,14,490,3,deciduous_oak
0490-00122-10,1,18,490,4,cedar
0490-00122-11,1,18,490,4,cedar
0490-00122-13,1,18,490,4,yellow_pine
0490-00122-14,1,14,490,3,other_conifer
0490-00122-15,1,18,490,4,cedar
0490-00122-16,1,18,490,4,white_pine
0490-00122-17,1,18,490,4,fir
0490-00122-18,1,14,490,3,other_conifer
0490-00122-19,1,14,490,3,other_hardwood
0490-00122-2,1,14,490,3,fir
0490-00122-20,1,18,490,4,other_hardwood
0490-00122-21,1,18,490,4,other_hardwood
0490-00122-22,1,18,490,4,other_hardwood
0490-00122-25,1,18,490,4,other_hardwood
0490-00122-26,1,18,490,4,other_hardwood
0490-00122-27,1,18,490,4,yellow_pine
0490-00122-28,1,18,490,4,other_conifer
0490-00122-4,1,14,490,3,fir
0490-00122-5,1,14,490,3,other_conifer
0490-00122-6,1,18,490,4,other_conifer
0490-00122-7,7,14,490,2,cedar
0490-00124-16,1,18,490,4,other_hardwood
0490-00124-17,1,18,490,4,other_hardwood
0490-00124-19,1,14,490,3,white_pine
0490-00124-5,1,18,490,4,fir
0490-00124-6,1,18,490,4,fir
0490-00124-7,1,18,490,4,other_hardwood
0490-00124-8,1,18,490,3,other_hardwood
0490-00124-9,1,14,490,3,white_pine
0490-00125-1,7,18,490,3,cedar
0490-00125-12,1,18,490,4,other_conifer
0490-00125-13,1,18,490,4,other_conifer
0490-00125-15,1,14,490,3,other_conifer
0490-00125-16,1,18,490,4,fir
0490-00125-17,1,18,490,4,fir
0490-00125-18,1,18,490,4,cedar
0490-00125-19,1,18,490,4,fir
0490-00125-2,1,18,490,4,fir
0490-00125-20,1,18,490,4,fir
0490-00125-21,1,14,490,3,cedar
0490-00125-22,1,18,490,4,cedar
0490-00125-5,1,7,490,2,cedar
0490-00125-7,7,18,490,3,fir
0490-00125-8,1,18,490,4,fir
0490-00125-9,1,18,490,4,cedar
0490-00126-1,1,14,490,3,other_conifer
0490-00126-10,1,14,490,3,other_conifer
0490-00126-12,1,18,490,4,white_pine
0490-00126-13,1,14,490,3,fir
0490-00126-14,1,18,490,4,cedar
0490-00126-16,1,18,490,4,cedar
0490-00126-17,1,18,490,4,cedar
0490-00126-18,1,18,490,4,fir
0490-00126-2,1,18,490,4,cedar
0490-00126-3,1,18,490,4,cedar
0490-00126-4,1,18,490,4,other_conifer
0490-00126-5,1,7,490,2,cedar
0490-00126-6,1,18,490,4,white_pine
0490-00126-7,7,14,490,2,other_conifer
0490-00126-9,1,18,490,4,white_pine
0570-00011-10,1,18,570,4,cedar
0570-00011-12,1,18,570,4,cedar
0570-00011-13,1,18,570,4,cedar
0570-00011-15,1,18,570,4,cedar
0570-00011-17,1,18,570,4,other_conifer
0570-00011-19,1,18,570,4,other_conifer
0570-00011-20,1,18,570,4,yellow_pine
0570-00011-21,1,18,570,4,cedar
0570-00011-22,1,18,570,4,cedar
0570-00011-23,1,14,570,3,deciduous_oak
0570-00011-24,1,18,570,4,deciduous_oak
0570-00011-25,1,14,570,3,deciduous_oak
0570-00011-28,1,18,570,4,other_conifer
0570-00011-29,1,18,570,4,other_conifer
0570-00011-31,14,18,570,2,other_conifer
0570-00011-32,7,18,570,3,cedar
0570-00011-35,1,18,570,4,cedar
0570-00013-1,1,18,570,4,cedar
0570-00013-18,1,18,570,4,other_conifer
0570-00013-19,1,7,570,2,deciduous_oak
0570-00013-25,1,18,570,4,yellow_pine
0570-00013-35,1,18,570,4,yellow_pine
0570-00013-9,1,18,570,4,yellow_pine
0570-00017-1,1,18,570,4,yellow_pine
0570-00017-23,1,18,570,4,deciduous_oak
0570-00017-24,1,18,570,4,cedar
0570-00017-32,1,14,570,3,cedar
0570-00017-8,1,7,570,2,fir
0570-00023-12,1,18,570,4,yellow_pine
0570-00023-19,1,18,570,4,cedar
0570-00023-25,1,18,570,4,cedar
0570-00023-30,1,14,570,3,deciduous_oak
0570-00023-34,1,18,570,4,yellow_pine
0570-00025-13,1,18,570,4,cedar
0570-00025-18,1,7,570,2,cedar
0570-00025-20,1,18,570,4,deciduous_oak
0570-00025-23,1,18,570,4,cedar
0570-00025-25,7,18,570,3,cedar
0570-00025-8,1,14,570,3,deciduous_oak
0570-00101-14,1,18,570,4,yellow_pine
0570-00101-15,1,18,570,4,deciduous_oak
0570-00101-18,1,18,570,4,yellow_pine
0570-00101-19,14,18,570,2,cedar
0570-00101-2,1,18,570,4,cedar
0570-00101-3,1,18,570,4,fir
0570-00101-4,1,7,570,2,deciduous_oak
0570-00101-5,1,18,570,4,fir
0570-00101-9,1,18,570,4,yellow_pine
0570-00102-14,1,18,570,4,yellow_pine
0570-00102-23,1,18,570,4,yellow_pine
0570-00102-24,1,18,570,4,cedar
0570-00102-27,1,18,570,4,cedar
0570-00102-6,1,7,570,2,deciduous_oak
0570-00102-9,1,18,570,4,cedar
0570-00103-12,1,18,570,4,yellow_pine
0570-00103-14,1,18,570,4,cedar
0570-00103-2,1,18,570,4,fir
0570-00103-3,1,18,570,4,other_conifer
0570-00104-11,7,18,570,3,cedar
0570-00104-16,1,18,570,4,yellow_pine
0570-00104-5,1,18,570,4,yellow_pine
0570-00104-8,1,7,570,2,deciduous_oak
0570-00104-9,1,18,570,4,deciduous_oak
0570-00105-1,1,18,570,4,yellow_pine
0570-00105-13,1,18,570,4,cedar
0570-00105-25,1,7,570,2,deciduous_oak
0570-00105-26,1,18,570,4,deciduous_oak
0570-00105-31,1,7,570,2,fir
0570-00105-6,1,18,570,4,yellow_pine
0570-00105-9,1,18,570,4,fir
0570-00106-13,1,18,570,4,cedar
0570-00106-2,1,18,570,4,yellow_pine
0570-00106-5,1,18,570,4,yellow_pine
0570-00106-9,1,18,570,4,yellow_pine
0570-00107-12,1,18,570,4,fir
0570-00107-15,1,18,570,4,fir
0570-00107-19,1,18,570,4,cedar
0570-00107-3,1,18,570,4,cedar
0570-00107-4,1,18,570,4,yellow_pine
0570-00107-8,1,18,570,4,fir
0570-00110-1,1,18,570,4,fir
0570-00110-11,1,7,570,2,deciduous_oak
0570-00110-12,1,18,570,4,fir
0570-00110-3,1,18,570,4,yellow_pine
0570-00110-8,1,7,570,2,fir
0570-00111-11,1,14,570,3,deciduous_oak
0570-00111-13,1,18,570,4,yellow_pine
0570-00111-14,1,18,570,4,deciduous_oak
0570-00111-15,1,18,570,4,deciduous_oak
0570-00111-16,1,18,570,4,deciduous_oak
0570-00111-2,1,18,570,4,cedar
0570-00111-20,1,18,570,4,yellow_pine
0570-00111-21,1,18,570,4,other_conifer
0570-00111-4,1,18,570,4,cedar
0570-00111-6,1,18,570,4,yellow_pine
0570-00111-9,1,18,570,4,yellow_pine
0570-00112-14,1,18,570,4,cedar
0570-00112-20,1,18,570,4,cedar
0570-00112-29,1,18,570,4,cedar
0570-00112-3,1,18,570,4,deciduous_oak
0570-00112-4,1,18,570,4,cedar
0570-00112-7,1,18,570,4,yellow_pine
0570-00112-9,1,18,570,4,cedar
0570-00113-12,1,14,570,3,fir
0570-00113-14,1,18,570,4,yellow_pine
0570-00113-16,1,18,570,4,yellow_pine
0570-00113-2,1,7,570,2,fir
0570-00113-3,1,18,570,4,yellow_pine
0570-00113-6,1,14,570,3,fir
0570-00113-7,1,18,570,4,cedar
0570-00113-9,1,18,570,4,cedar
0570-00115-10,1,18,570,4,deciduous_oak
0570-00115-12,1,18,570,4,cedar
0570-00115-14,1,7,570,2,yellow_pine
0570-00115-16,1,18,570,4,other_conifer
0570-00115-17,1,18,570,4,fir
0570-00115-24,1,18,570,4,other_conifer
0570-00115-3,1,7,570,2,deciduous_oak
0570-00119-1,7,18,570,3,cedar
0570-00119-10,1,18,570,4,cedar
0570-00119-11,1,18,570,4,other_conifer
0570-00119-12,1,7,570,2,deciduous_oak
0570-00119-13,1,18,570,4,deciduous_oak
0570-00119-15,1,18,570,4,deciduous_oak
0570-00119-19,1,14,570,3,deciduous_oak
0570-00119-21,1,18,570,4,cedar
0570-00119-22,1,7,570,2,deciduous_oak
0570-00119-24,1,7,570,2,cedar
0570-00119-25,1,18,570,4,deciduous_oak
0570-00119-3,1,18,570,4,cedar
0570-00119-4,1,18,570,4,cedar
0570-00119-8,1,18,570,4,yellow_pine
0570-00119-9,1,18,570,4,yellow_pine
0590-00005-1,1,18,590,4,cedar
0590-00005-103,1,7,590,2,other_conifer
0590-00005-104,1,7,590,2,fir
0590-00005-12,1,18,590,4,yellow_pine
0590-00005-13,1,18,590,4,cedar
0590-00005-14,1,18,590,4,deciduous_oak
0590-00005-15,1,18,590,4,fir
0590-00005-17,14,18,590,2,fir
0590-00005-19,1,18,590,4,fir
0590-00005-2,14,18,590,2,cedar
0590-00005-22,1,18,590,4,other_conifer
0590-00005-3,1,18,590,4,cedar
0590-00005-4,1,18,590,4,other_conifer
0590-00005-49,1,7,590,2,fir
0590-00005-5,1,18,590,4,cedar
0590-00005-50,14,18,590,2,other_conifer
0590-00005-51,14,18,590,2,fir
0590-00005-52,14,18,590,2,fir
0590-00005-6,1,18,590,4,cedar
0590-00005-7,1,18,590,4,fir
0590-00005-8,1,18,590,4,fir
0590-00009-10,1,18,590,4,other_conifer
0590-00009-11,1,18,590,4,white_pine
0590-00009-14,1,18,590,4,fir
0590-00009-15,1,18,590,4,fir
0590-00009-16,1,18,590,4,cedar
0590-00009-18,1,18,590,4,yellow_pine
0590-00009-19,1,7,590,2,cedar
0590-00009-2,1,18,590,4,fir
0590-00009-20,1,18,590,4,other_conifer
0590-00009-27,1,18,590,4,fir
0590-00009-29,1,18,590,4,cedar
0590-00009-3,1,18,590,4,fir
0590-00009-30,1,18,590,4,cedar
0590-00009-31,1,18,590,4,cedar
0590-00009-32,1,18,590,4,fir
0590-00009-33,1,18,590,4,fir
0590-00009-34,1,18,590,4,cedar
0590-00009-35,1,18,590,4,deciduous_oak
0590-00009-36,1,18,590,4,other_conifer
0590-00009-38,1,18,590,4,cedar
0590-00009-39,1,18,590,4,cedar
0590-00009-4,1,18,590,4,cedar
0590-00009-51,7,18,590,3,cedar
0590-00009-52,7,18,590,3,cedar
0590-00009-54,1,18,590,4,fir
0590-00009-56,1,18,590,4,other_conifer
0590-00009-58,1,18,590,4,other_conifer
0590-00009-59,1,18,590,4,fir
0590-00009-6,1,18,590,4,cedar
0590-00009-64,14,18,590,2,cedar
0590-00009-65,7,14,590,2,cedar
0590-00009-69,1,18,590,4,fir
0590-00009-72,7,18,590,3,fir
0590-00009-74,14,18,590,2,other_conifer
0590-00009-9,1,18,590,4,yellow_pine
0590-00013-1,1,18,590,4,cedar
0590-00013-12,1,18,590,4,deciduous_oak
0590-00013-13,1,18,590,4,other_conifer
0590-00013-16,1,18,590,4,cedar
0590-00013-19,1,18,590,4,other_conifer
0590-00013-2,1,18,590,4,cedar
0590-00013-20,1,18,590,4,cedar
0590-00013-22,1,18,590,4,other_conifer
0590-00013-23,1,18,590,4,cedar
0590-00013-24,1,18,590,4,cedar
0590-00013-26,1,18,590,4,other_conifer
0590-00013-28,1,18,590,4,fir
0590-00013-3,1,18,590,4,cedar
0590-00013-30,1,18,590,4,fir
0590-00013-4,1,18,590,4,yellow_pine
0590-00013-7,1,18,590,4,other_conifer
0590-00021-10,1,18,590,4,cedar
0590-00021-14,1,7,590,2,yellow_pine
0590-00021-15,1,14,590,3,cedar
0590-00021-19,14,18,590,2,fir
0590-00021-2,1,18,590,4,cedar
0590-00021-6,1,18,590,4,other_conifer
0590-00021-7,1,18,590,4,cedar
0590-00021-8,1,18,590,4,cedar
0590-00101-1,1,18,590,4,cedar
0590-00101-10,1,18,590,4,cedar
0590-00101-12,1,7,590,2,cedar
0590-00101-13,1,18,590,4,cedar
0590-00101-16,1,18,590,4,cedar
0590-00101-2,1,18,590,4,cedar
0590-00101-20,1,18,590,4,cedar
0590-00101-21,1,18,590,4,fir
0590-00101-23,1,18,590,4,fir
0590-00101-26,1,18,590,4,cedar
0590-00101-27,1,14,590,3,cedar
0590-00101-28,1,18,590,4,fir
0590-00101-29,7,18,590,3,cedar
0590-00101-3,1,18,590,4,cedar
0590-00101-4,1,18,590,4,cedar
0590-00101-5,1,18,590,4,cedar
0590-00101-7,1,18,590,4,other_conifer
0590-00101-8,1,18,590,4,cedar
0590-00102-10,1,18,590,4,yellow_pine
0590-00102-14,1,18,590,4,cedar
0590-00102-16,1,18,590,4,cedar
0590-00102-17,1,18,590,4,cedar
0590-00102-18,1,18,590,4,other_conifer
0590-00102-19,7,18,590,3,other_conifer
0590-00102-21,1,18,590,4,yellow_pine
0590-00102-22,1,14,590,3,cedar
0590-00102-23,1,18,590,4,yellow_pine
0590-00102-24,1,18,590,4,cedar
0590-00102-25,1,18,590,4,cedar
0590-00102-26,1,18,590,4,cedar
0590-00102-28,7,18,590,3,fir
0590-00102-3,14,18,590,2,other_conifer
0590-00102-5,1,18,590,4,cedar
0590-00102-7,1,7,590,2,cedar
0590-00102-8,1,18,590,4,cedar
0590-00102-9,1,7,590,2,other_conifer
0590-00104-1,1,18,590,4,cedar
0590-00104-10,14,18,590,2,cedar
0590-00104-11,1,18,590,4,yellow_pine
0590-00104-12,14,18,590,2,cedar
0590-00104-13,1,18,590,4,other_conifer
0590-00104-14,1,18,590,4,cedar
0590-00104-15,1,18,590,4,cedar
0590-00104-16,1,18,590,4,cedar
0590-00104-17,1,18,590,4,cedar
0590-00104-18,1,18,590,4,cedar
0590-00104-19,1,18,590,4,cedar
0590-00104-2,1,18,590,4,cedar
0590-00104-20,1,18,590,4,cedar
0590-00104-3,1,18,590,4,deciduous_oak
0590-00104-6,1,18,590,4,fir
0590-00104-8,1,18,590,4,cedar
0590-00104-9,1,18,590,4,cedar
0590-00105-1,1,18,590,4,cedar
0590-00105-10,1,18,590,4,cedar
0590-00105-11,1,18,590,4,fir
0590-00105-12,1,18,590,4,yellow_pine
0590-00105-13,1,18,590,4,cedar
0590-00105-14,1,18,590,4,cedar
0590-00105-2,1,18,590,4,cedar
0590-00105-4,1,18,590,4,other_conifer
0590-00105-6,1,18,590,4,cedar
0590-00105-7,1,18,590,4,cedar
0590-00105-8,1,18,590,4,yellow_pine
0590-00105-9,1,18,590,4,yellow_pine
0590-00106-1,1,18,590,4,fir
0590-00106-10,1,18,590,4,cedar
0590-00106-11,1,18,590,4,other_conifer
0590-00106-12,1,18,590,4,yellow_pine
0590-00106-13,1,18,590,4,fir
0590-00106-14,1,18,590,4,yellow_pine
0590-00106-15,1,18,590,4,other_conifer
0590-00106-16,1,18,590,4,cedar
0590-00106-17,1,18,590,4,cedar
0590-00106-18,1,18,590,4,cedar
0590-00106-19,1,18,590,4,cedar
0590-00106-2,14,18,590,2,fir
0590-00106-20,1,18,590,4,yellow_pine
0590-00106-21,1,18,590,4,cedar
0590-00106-22,1,18,590,4,fir
0590-00106-24,1,18,590,4,fir
0590-00106-25,1,14,590,3,deciduous_oak
0590-00106-5,1,18,590,4,cedar
0590-00106-6,1,14,590,3,fir
0590-00106-7,1,18,590,4,cedar
0590-00106-8,1,18,590,4,fir
0590-00106-9,1,18,590,4,fir
0590-00107-1,1,18,590,4,other_conifer
0590-00107-10,1,18,590,4,yellow_pine
0590-00107-11,1,18,590,4,fir
0590-00107-12,1,18,590,4,yellow_pine
0590-00107-13,1,18,590,4,other_conifer
0590-00107-14,1,18,590,4,other_conifer
0590-00107-15,1,18,590,4,other_conifer
0590-00107-16,1,18,590,4,fir
0590-00107-17,1,18,590,4,yellow_pine
0590-00107-19,14,18,590,2,cedar
0590-00107-2,1,18,590,4,fir
0590-00107-20,1,18,590,4,yellow_pine
0590-00107-22,1,18,590,4,other_conifer
0590-00107-23,1,18,590,4,other_conifer
0590-00107-25,7,18,590,3,fir
0590-00107-26,14,18,590,2,fir
0590-00107-29,14,18,590,2,fir
0590-00107-3,7,18,590,3,fir
0590-00107-4,1,18,590,4,fir
0590-00107-6,1,18,590,4,cedar
0590-00107-7,1,18,590,4,fir
0590-00107-9,1,18,590,4,cedar
0590-00109-1,1,18,590,4,cedar
0590-00109-10,1,18,590,4,cedar
0590-00109-11,1,18,590,3,cedar
0590-00109-12,1,18,590,4,fir
0590-00109-13,1,18,590,4,fir
0590-00109-14,1,14,590,3,fir
0590-00109-15,1,7,590,2,yellow_pine
0590-00109-16,1,18,590,4,yellow_pine
0590-00109-17,1,18,590,4,other_conifer
0590-00109-19,1,18,590,4,yellow_pine
0590-00109-2,7,18,590,3,yellow_pine
0590-00109-3,1,18,590,4,white_pine
0590-00109-5,1,18,590,4,cedar
0590-00109-6,1,18,590,4,yellow_pine
0590-00109-7,1,18,590,4,cedar
0590-00109-9,1,18,590,3,fir
0590-00111-1,1,18,590,4,cedar
0590-00111-10,1,18,590,4,cedar
0590-00111-11,1,18,590,4,other_conifer
0590-00111-12,1,18,590,4,cedar
0590-00111-14,1,18,590,4,fir
0590-00111-15,1,18,590,4,fir
0590-00111-16,1,18,590,4,fir
0590-00111-18,1,18,590,4,cedar
0590-00111-19,1,18,590,4,cedar
0590-00111-2,1,18,590,4,fir
0590-00111-20,1,18,590,4,cedar
0590-00111-21,1,7,590,2,cedar
0590-00111-23,1,18,590,4,fir
0590-00111-24,1,18,590,4,yellow_pine
0590-00111-25,1,18,590,4,cedar
0590-00111-26,1,18,590,4,cedar
0590-00111-3,7,18,590,3,other_conifer
0590-00111-4,1,18,590,4,cedar
0590-00111-5,1,18,590,4,cedar
0590-00111-6,1,18,590,4,yellow_pine
0590-00111-7,1,7,590,2,cedar
0590-00111-8,7,18,590,3,other_conifer
0590-00113-1,1,18,590,4,cedar
0590-00113-10,1,18,590,4,yellow_pine
0590-00113-11,1,18,590,4,fir
0590-00113-12,1,18,590,4,cedar
0590-00113-13,7,18,590,3,other_conifer
0590-00113-14,1,18,590,4,deciduous_oak
0590-00113-15,1,18,590,4,deciduous_oak
0590-00113-16,1,18,590,4,fir
0590-00113-17,7,18,590,3,cedar
0590-00113-18,1,18,590,4,fir
0590-00113-2,1,14,590,3,cedar
0590-00113-20,1,18,590,4,cedar
0590-00113-3,1,18,590,4,cedar
0590-00113-4,1,14,590,3,yellow_pine
0590-00113-5,1,18,590,4,yellow_pine
0590-00113-7,1,18,590,4,other_conifer
0590-00113-8,7,18,590,3,other_conifer
0590-00113-9,1,18,590,4,yellow_pine
0590-00115-10,1,18,590,4,yellow_pine
0590-00115-11,1,18,590,4,fir
0590-00115-12,1,18,590,4,cedar
0590-00115-13,1,18,590,4,other_conifer
0590-00115-14,1,18,590,4,cedar
0590-00115-15,1,14,590,2,yellow_pine
0590-00115-18,1,18,590,4,deciduous_oak
0590-00115-19,1,18,590,4,cedar
0590-00115-20,1,18,590,4,cedar
0590-00115-23,1,18,590,4,deciduous_oak
0590-00115-24,1,18,590,4,other_conifer
0590-00115-3,1,18,590,4,yellow_pine
0590-00115-4,1,18,590,4,cedar
0590-00115-8,1,18,590,4,fir
0590-00116-1,1,18,590,4,other_conifer
0590-00116-10,1,18,590,4,other_conifer
0590-00116-100,1,7,590,2,cedar
0590-00116-11,7,18,590,3,other_conifer
0590-00116-12,1,18,590,4,cedar
0590-00116-13,1,18,590,4,cedar
0590-00116-14,1,18,590,4,other_conifer
0590-00116-16,1,18,590,4,fir
0590-00116-17,14,18,590,2,cedar
0590-00116-2,7,18,590,3,other_conifer
0590-00116-4,1,18,590,4,cedar
0590-00116-5,1,18,590,4,cedar
0590-00116-6,1,18,590,4,cedar
0590-00116-7,1,18,590,4,other_conifer
0590-00116-8,1,18,590,4,fir
0590-00116-9,1,18,590,4,cedar
0590-00117-1,1,18,590,4,cedar
0590-00117-3,1,18,590,4,yellow_pine
0590-00117-4,14,18,590,2,cedar
0590-00117-5,1,18,590,4,yellow_pine
0590-00117-6,1,18,590,4,yellow_pine
0590-00118-1,1,18,590,4,cedar
0590-00118-10,1,18,590,4,cedar
0590-00118-11,1,14,590,3,fir
0590-00118-13,1,18,590,4,fir
0590-00118-15,1,14,590,3,yellow_pine
0590-00118-16,1,18,590,4,yellow_pine
0590-00118-17,1,18,590,4,yellow_pine
0590-00118-18,7,18,590,3,fir
0590-00118-2,1,18,590,4,cedar
0590-00118-3,1,18,590,4,yellow_pine
0590-00118-4,1,18,590,4,cedar
0590-00118-5,1,14,590,3,cedar
0590-00118-6,1,18,590,4,other_conifer
0590-00118-7,1,18,590,4,cedar
0590-00118-8,1,18,590,4,fir
0590-00118-9,1,18,590,4,cedar
