"variable","mean","low_ci","high_ci","sd","naive_se","timeseries_se","site","pft","model","variance"
"int_overall",-1.73509243872656,-1.97441902484595,-1.508290168174,0.11609174702592,0.00183099989861792,0.00372053341428638,"Blodgett","cedar","ddbh_model",0.0134772937275302
"d2_size",-0.167987595461542,-0.258845232895262,-0.0786822710932851,0.0459324047936722,0.000724446230460412,0.000777145103464699,"Blodgett","cedar","ddbh_model",0.00210978581012976
"log_size",0.61429702397447,0.501731454481895,0.730195475605049,0.0572827039462589,0.000903463233219697,0.00102425714361067,"Blodgett","cedar","ddbh_model",0.00328130817139475
"betaCWD",0.202406447468272,0.152047467626011,0.252194162901865,0.0259667459788656,0.000409547710950761,0.000409547710950761,"Blodgett","cedar","ddbh_model",0.000674271896730933
"int_plot_sd",0.173299828402447,0.0831903552477276,0.338054336569233,0.0678487192881277,0.00107011050587585,0.0013125308910429,"Blodgett","cedar","ddbh_model",0.00460344870903915
"int_tree_sd",0.52333356740919,0.480890231857849,0.566768722411889,0.0218268924163609,0.000344253909733809,0.00035423330170735,"Blodgett","cedar","ddbh_model",0.000476413232555393
"obs_sd",0.780644952456716,0.747716233840689,0.816045911106282,0.0175301646925491,0.000276485888076492,0.000432987871993461,"Blodgett","cedar","ddbh_model",0.000307306674147895
"res_sd",0.435511020973521,0.313746160391525,0.545055930154086,0.0602203099367554,0.000949795176777902,0.00298077275213086,"Blodgett","cedar","ddbh_model",0.00362648572887888
"treat_cwd[None]",0,0,0,0,0,0,"Blodgett","cedar","ddbh_model",0
"treat_cwd[Burn]",-0.107507316697234,-0.183239444884926,-0.0335435158008924,0.0381929694104212,0.000602379797960876,0.000602379797960877,"Blodgett","cedar","ddbh_model",0.00145870291238537
"treat_cwd[Burn+Thin]",-0.182508240773333,-0.268792665746631,-0.0979283398259359,0.0434973924687656,0.000686041197938659,0.000686041197938659,"Blodgett","cedar","ddbh_model",0.00189202315158183
"treat_cwd[Thin]",-0.142721924432973,-0.216095928898924,-0.0680349570719924,0.0386180930993574,0.000609084851948637,0.000609084851948637,"Blodgett","cedar","ddbh_model",0.00149135711463064
"treat_mean[None]",0,0,0,0,0,0,"Blodgett","cedar","ddbh_model",0
"treat_mean[Burn]",0.227064018581766,-0.0762694744359373,0.566921041791745,0.160799929746758,0.00253613768942892,0.00454122148540918,"Blodgett","cedar","ddbh_model",0.0258566174065623
"treat_mean[Burn+Thin]",0.86425331043455,0.534076166516887,1.19616367323958,0.166373164183508,0.00262403878446873,0.00401888812100259,"Blodgett","cedar","ddbh_model",0.0276800297604325
"treat_mean[Thin]",0.723033438273443,0.397445929289635,1.05785384176363,0.165125861088286,0.00260436631076233,0.00444116217550578,"Blodgett","cedar","ddbh_model",0.0272665500001479
"treat_size[None]",0,0,0,0,0,0,"Blodgett","cedar","ddbh_model",0
"treat_size[Burn]",-0.0328058828401939,-0.145213506620212,0.0785188802800737,0.057533765238796,0.000907422973795223,0.000947645058311982,"Blodgett","cedar","ddbh_model",0.00331013414255289
"treat_size[Burn+Thin]",-0.356757895971484,-0.497037397625344,-0.218237047363525,0.0719195383311185,0.00113431549413693,0.00116328122973109,"Blodgett","cedar","ddbh_model",0.00517241999376122
"treat_size[Thin]",-0.105455973696615,-0.229057924603536,0.0197264882484388,0.0626894467897043,0.00098873842161006,0.000988738421610061,"Blodgett","cedar","ddbh_model",0.00392996673879917
"int_overall",-0.953498723457125,-1.23563944343078,-0.626235170176534,0.151868414948165,0.0011313319882509,0.0103338997644777,"Blodgett","fir","ddbh_model",0.023064015458868
"d2_size",-0.202922368965405,-0.29737785847923,-0.103088495736433,0.0500117119343255,0.000372558372442376,0.00183498316822078,"Blodgett","fir","ddbh_model",0.00250117133060196
"log_size",0.532866711935193,0.412975063701574,0.651406296604297,0.05964976508444,0.000444356302491942,0.00239126132332918,"Blodgett","fir","ddbh_model",0.00355809447462888
"betaCWD",0.192542267679083,0.150727864773988,0.234651604747926,0.0216164380692834,0.00016102998025081,0.000481317412232109,"Blodgett","fir","ddbh_model",0.000467270394803165
"int_plot_sd",0.277541792657901,0.149336030021706,0.511053542506166,0.094188675057082,0.00070165123577155,0.0026346668166637,"Blodgett","fir","ddbh_model",0.00887150650900858
"int_tree_sd",0.466495409448164,0.428036268340776,0.508072957541028,0.0204828099244086,0.000152585105235053,0.000495553054482189,"Blodgett","fir","ddbh_model",0.000419545502399451
"obs_sd",0.867150823532514,0.826534984042664,0.908752600227917,0.0210596206629975,0.000156882012132744,0.00045784860306309,"Blodgett","fir","ddbh_model",0.000443507622469351
"res_sd",0.0992950464889605,0.0191978291322452,0.254865590410078,0.0631342475654869,0.000470313684707683,0.00603031961947956,"Blodgett","fir","ddbh_model",0.00398593321566019
"treat_cwd[None]",0,0,0,0,0,0,"Blodgett","fir","ddbh_model",0
"treat_cwd[Burn]",-0.0859258577342897,-0.146898139920478,-0.023032519647493,0.0316321422576225,0.000235641192443905,0.00076867051673307,"Blodgett","fir","ddbh_model",0.00100059242380647
"treat_cwd[Burn+Thin]",-0.0391069547566863,-0.123387140162682,0.0436639511035444,0.0424656143096112,0.000316344302965077,0.000826799518144679,"Blodgett","fir","ddbh_model",0.00180332839869266
"treat_cwd[Thin]",-0.0479252364770661,-0.110543764571078,0.0150436073645129,0.0321214179632673,0.000239286013897128,0.000653336706843282,"Blodgett","fir","ddbh_model",0.00103178549197091
"treat_mean[None]",0,0,0,0,0,0,"Blodgett","fir","ddbh_model",0
"treat_mean[Burn]",0.0049234454363063,-0.489250834248658,0.44737580497317,0.231547804361014,0.0017248974249997,0.0147206774550579,"Blodgett","fir","ddbh_model",0.0536143857044064
"treat_mean[Burn+Thin]",0.0908009581426315,-0.402857307156702,0.554492209944408,0.236627360698044,0.00176273718629678,0.0116284803898376,"Blodgett","fir","ddbh_model",0.0559925078309222
"treat_mean[Thin]",0.356756726359237,-0.116473926304197,0.819975736136024,0.23071553319091,0.00171869748541411,0.0124633234166197,"Blodgett","fir","ddbh_model",0.0532296572555659
"treat_size[None]",0,0,0,0,0,0,"Blodgett","fir","ddbh_model",0
"treat_size[Burn]",-0.0569054806587122,-0.169423024770448,0.0523595139074541,0.0560540805346125,0.000417570529082324,0.00166646633377559,"Blodgett","fir","ddbh_model",0.00314205994458082
"treat_size[Burn+Thin]",-0.277809209397269,-0.44405162571685,-0.1073601293807,0.0860552939085066,0.000641062243194254,0.00183342282688623,"Blodgett","fir","ddbh_model",0.00740551360967945
"treat_size[Thin]",-0.204515671210195,-0.320713373746007,-0.0909695035420671,0.0581596227054415,0.000433255602316829,0.00143491230338308,"Blodgett","fir","ddbh_model",0.00338254171323931
"int_overall",-0.684492129226756,-0.842975805083144,-0.500036561638495,0.0866365418171764,0.000612306785282235,0.00223036909655479,"Blodgett","yellow_pine","ddbh_model",0.00750589037803935
"d2_size",-0.413439574116957,-0.573689772825019,-0.255544233680891,0.0814363319536964,0.000575554120442269,0.00222510319727645,"Blodgett","yellow_pine","ddbh_model",0.00663187616207263
"log_size",0.730586716034392,0.54494498173338,0.921092663454937,0.0960726111585205,0.000678996534929573,0.0029253482584873,"Blodgett","yellow_pine","ddbh_model",0.00922994661481628
"betaCWD",0.0974502567893302,0.0138944055396221,0.182583794602901,0.0428517184651082,0.000302856016951358,0.000918323370062364,"Blodgett","yellow_pine","ddbh_model",0.00183626977541289
"int_plot_sd",0.0925999297136832,0.00482879898834582,0.26547300190644,0.0708117635099758,0.000500464611877698,0.00141284370812809,"Blodgett","yellow_pine","ddbh_model",0.00501430585139274
"int_tree_sd",0.317145201187867,0.269569124469063,0.37033887822306,0.0258482879277399,0.00018268367774285,0.000358407467488859,"Blodgett","yellow_pine","ddbh_model",0.000668133988795344
"obs_sd",1.04811551915804,0.965069265484229,1.13673260029774,0.0432170212632264,0.000305437807236136,0.000542159340144716,"Blodgett","yellow_pine","ddbh_model",0.00186771092686616
"res_sd",0.137995314510401,0.0179614138679105,0.364665448237776,0.0949500436910853,0.00067106275014511,0.00579354357808079,"Blodgett","yellow_pine","ddbh_model",0.00901551079693901
"treat_cwd[None]",0,0,0,0,0,0,"Blodgett","yellow_pine","ddbh_model",0
"treat_cwd[Burn]",-0.0584376414569705,-0.185381264134629,0.0684152497243925,0.0647355895112404,0.000457521039916662,0.00123917671961809,"Blodgett","yellow_pine","ddbh_model",0.00419069654936782
"treat_cwd[Burn+Thin]",-0.0463602612478387,-0.156799572871988,0.0621841687087937,0.0560462594298172,0.000396108896070477,0.00109580029742949,"Blodgett","yellow_pine","ddbh_model",0.00314118319607437
"treat_cwd[Thin]",0.103763453431009,-0.0663335728714364,0.271602265903496,0.0865588247024467,0.000611757516859426,0.0015514167680319,"Blodgett","yellow_pine","ddbh_model",0.0074924301338689
"treat_mean[None]",0,0,0,0,0,0,"Blodgett","yellow_pine","ddbh_model",0
"treat_mean[Burn]",0.0815871365485685,-0.171606843527731,0.338538453271625,0.127963945016686,0.0009043896508536,0.0027404337355529,"Blodgett","yellow_pine","ddbh_model",0.0163747712242334
"treat_mean[Burn+Thin]",0.0243744707813627,-0.234703278326228,0.239065870826325,0.119952950804523,0.000847771669455923,0.0028598928367315,"Blodgett","yellow_pine","ddbh_model",0.0143887104067123
"treat_mean[Thin]",-0.138656839817547,-0.499590603751475,0.176495082214621,0.170645536511067,0.00120604328949725,0.00374056345199874,"Blodgett","yellow_pine","ddbh_model",0.0291198991311499
"treat_size[None]",0,0,0,0,0,0,"Blodgett","yellow_pine","ddbh_model",0
"treat_size[Burn]",-0.169306127594482,-0.338528315290768,0.00348467236342159,0.0877199479401324,0.000619963795896788,0.00155304485733409,"Blodgett","yellow_pine","ddbh_model",0.00769478926661954
"treat_size[Burn+Thin]",-0.141116593039984,-0.31771392788404,0.0337993269426232,0.0897287445918597,0.000634161036394919,0.00144404112017344,"Blodgett","yellow_pine","ddbh_model",0.00805124760603119
"treat_size[Thin]",0.321114562393751,-0.0361248807370442,0.692083047541418,0.185522502405993,0.00131118676557341,0.00343860038032459,"Blodgett","yellow_pine","ddbh_model",0.0344185988989817
"int_overall",-0.12576232957197,-0.344004025349613,0.0825812498785908,0.108190729688501,0.000764641760894612,0.00190565252444533,"Blodgett","white_pine","ddbh_model",0.0117052339905303
"d2_size",-0.252542914724828,-0.440662398259784,-0.0768844285378725,0.0921123478408291,0.00065100723561008,0.00115608289976302,"Blodgett","white_pine","ddbh_model",0.00848468462474989
"log_size",0.595141030690622,0.403349777960329,0.799721379844619,0.100934061094605,0.00071335500215067,0.00151146475510573,"Blodgett","white_pine","ddbh_model",0.0101876846890495
"betaCWD",0.0925223658238914,-0.0233686129575753,0.207525026384305,0.0593463752123039,0.000419432579627673,0.000819196184700521,"Blodgett","white_pine","ddbh_model",0.00352199225083956
"int_plot_sd",0.073886264301041,0.00255649942603201,0.240709372380145,0.0662950056286608,0.000468542267792885,0.000818222326735681,"Blodgett","white_pine","ddbh_model",0.00439502777130417
"int_tree_sd",0.300920058446945,0.239368008599097,0.370564512158879,0.0343033447881716,0.000242440087417123,0.00036314244608273,"Blodgett","white_pine","ddbh_model",0.00117671946365618
"obs_sd",1.30216935954047,1.14391253486949,1.46537027398161,0.08109098187548,0.000573113346702293,0.00141245674832575,"Blodgett","white_pine","ddbh_model",0.00657574734152943
"res_sd",0.229306658886262,0.0340220061194288,0.487481280881606,0.124445264812204,0.000879521255610065,0.00507575186496516,"Blodgett","white_pine","ddbh_model",0.0154866239341796
"treat_cwd[None]",0,0,0,0,0,0,"Blodgett","white_pine","ddbh_model",0
"treat_cwd[Burn]",0.0324116174908926,-0.130685902236624,0.191811739785067,0.0826890101001942,0.000584407466995435,0.00107740400270649,"Blodgett","white_pine","ddbh_model",0.00683747239135002
"treat_cwd[Burn+Thin]",-0.104153640732076,-0.264360804166312,0.0550583509025884,0.0818090164144927,0.000578188080885847,0.00104338156261739,"Blodgett","white_pine","ddbh_model",0.00669271516670674
"treat_cwd[Thin]",-0.0813718903966515,-0.222101178456209,0.0575668927312444,0.0717722413569192,0.000507252822607967,0.000931534932543924,"Blodgett","white_pine","ddbh_model",0.00515125462939586
"treat_mean[None]",0,0,0,0,0,0,"Blodgett","white_pine","ddbh_model",0
"treat_mean[Burn]",-0.337770192893715,-0.610084654209814,-0.0696875672721866,0.136814064319271,0.000966938178136301,0.00197659414940521,"Blodgett","white_pine","ddbh_model",0.0187180881955576
"treat_mean[Burn+Thin]",-0.195158053161179,-0.470804846606527,0.0827633148237057,0.140778371677582,0.00099495605885412,0.00191028150767232,"Blodgett","white_pine","ddbh_model",0.0198185499321914
"treat_mean[Thin]",0.106474221602334,-0.154458911247246,0.378277114839603,0.134868403328039,0.000953187151123885,0.00197818191496946,"Blodgett","white_pine","ddbh_model",0.0181894862162546
"treat_size[None]",0,0,0,0,0,0,"Blodgett","white_pine","ddbh_model",0
"treat_size[Burn]",0.00065352731488596,-0.220293571758147,0.22742728601879,0.113934919064021,0.000805239019935712,0.00139908444726909,"Blodgett","white_pine","ddbh_model",0.012981165782125
"treat_size[Burn+Thin]",-0.344871670143886,-0.561739313502215,-0.126286330317102,0.110415182275922,0.000780363157250562,0.00125488148176206,"Blodgett","white_pine","ddbh_model",0.0121915124770251
"treat_size[Thin]",-0.371882366859705,-0.592320584622297,-0.156767492695557,0.111459900983671,0.000787746743206886,0.00129708214691166,"Blodgett","white_pine","ddbh_model",0.0124233095272897
"int_overall",-1.30195760628864,-1.51539041270584,-1.10759718732871,0.101616826093594,0.00102123595263585,0.00211389783826117,"LaTour15","fir","ddbh_model_noBAcwdIrctnSize",0.0103259793453357
"d2_size",-0.497482726668699,-0.661747236898765,-0.339725284022013,0.0823911776881885,0.000828020674033731,0.00159025944565792,"LaTour15","fir","ddbh_model_noBAcwdIrctnSize",0.00678830616084665
"slope_size",0.612079335933242,0.420160868520184,0.81889517365972,0.101511444204397,0.00102017687828623,0.00210135176795986,"LaTour15","fir","ddbh_model_noBAcwdIrctnSize",0.0103045733044624
"betaCWD",-0.00857367672004748,-0.112704015796997,0.0946306438144555,0.0533510686156989,0.000536171335756059,0.000939226050447362,"LaTour15","fir","ddbh_model_noBAcwdIrctnSize",0.00284633652243701
"int_plot_sd",0.292237861922367,0.184611980365354,0.434127423992362,0.0638187975419186,0.000641370656900529,0.000834135028742542,"LaTour15","fir","ddbh_model_noBAcwdIrctnSize",0.0040728389196964
"int_tree_sd",0.306043439399631,0.23769179250336,0.375466137712222,0.0350307406344346,0.000352054410264652,0.000691703585241511,"LaTour15","fir","ddbh_model_noBAcwdIrctnSize",0.00122715278939703
"obs_sd",0.569532395896264,0.506193338532089,0.636818754700034,0.0336391747566131,0.000338069353266477,0.000706689842481108,"LaTour15","fir","ddbh_model_noBAcwdIrctnSize",0.00113159407830596
"res_sd",0.224066425040886,0.032009284335553,0.477578410296361,0.121679577449969,0.00122286400757089,0.00686889846742033,"LaTour15","fir","ddbh_model_noBAcwdIrctnSize",0.014805919568403
"treat_cwd[None]",0,0,0,0,0,0,"LaTour15","fir","ddbh_model_noBAcwdIrctnSize",0
"treat_cwd[Thin]",-0.0463381419823898,-0.171924167170247,0.0823857581594549,0.064232308835137,0.000645526391887437,0.00103614917314729,"LaTour15","fir","ddbh_model_noBAcwdIrctnSize",0.00412578949829242
"treat_cwd[NA]",0,0,0,0,0,0,"LaTour15","fir","ddbh_model_noBAcwdIrctnSize",0
"treat_cwd[NA]",0,0,0,0,0,0,"LaTour15","fir","ddbh_model_noBAcwdIrctnSize",0
"treat_mean[None]",0,0,0,0,0,0,"LaTour15","fir","ddbh_model_noBAcwdIrctnSize",0
"treat_mean[Thin]",0.42928394817278,0.162271822026051,0.720854741580503,0.139099334249976,0.001397930309228,0.00290467193719756,"LaTour15","fir","ddbh_model_noBAcwdIrctnSize",0.0193486247887865
"treat_mean[NA]",0,0,0,0,0,0,"LaTour15","fir","ddbh_model_noBAcwdIrctnSize",0
"treat_mean[NA]",0,0,0,0,0,0,"LaTour15","fir","ddbh_model_noBAcwdIrctnSize",0
"treat_size[None]",0,0,0,0,0,0,"LaTour15","fir","ddbh_model_noBAcwdIrctnSize",0
"treat_size[Thin]",-0.102928642749315,-0.268630108067168,0.058932311104972,0.0830648574498395,0.000834791068461594,0.00190718297903685,"LaTour15","fir","ddbh_model_noBAcwdIrctnSize",0.00689977054316216
"treat_size[NA]",0,0,0,0,0,0,"LaTour15","fir","ddbh_model_noBAcwdIrctnSize",0
"treat_size[NA]",0,0,0,0,0,0,"LaTour15","fir","ddbh_model_noBAcwdIrctnSize",0
"int_overall",-1.66109871496609,-2.08269029546614,-1.2240670266483,0.219688517800754,0.00214383832036859,0.00677209764342348,"Sequoia_FFS15","cedar","ddbh_model_noBAcwdIrctnSizePlotPrior",0.0482630448534922
"d2_size",-0.275881054390432,-0.570315167366955,0.0114888013020144,0.148492004680348,0.00144906458056584,0.00286994314146562,"Sequoia_FFS15","cedar","ddbh_model_noBAcwdIrctnSizePlotPrior",0.0220498754539885
"slope_size",0.301617691434308,0.000435113142103204,0.60197269146302,0.152508994487767,0.00148826452040742,0.0028876318688276,"Sequoia_FFS15","cedar","ddbh_model_noBAcwdIrctnSizePlotPrior",0.0232589933996697
"betaCWD",0.037397180067423,-0.0423147001400907,0.12084997467621,0.0410446574280937,0.000400535769104481,0.000591419767879332,"Sequoia_FFS15","cedar","ddbh_model_noBAcwdIrctnSizePlotPrior",0.00168466390338957
"int_plot_sd",0.190563312983756,0.131478308483796,0.248290977151068,0.0298258548898096,0.000291056680115245,0.00030809773297776,"Sequoia_FFS15","cedar","ddbh_model_noBAcwdIrctnSizePlotPrior",0.000889581619907979
"int_tree_sd",0.752683395811701,0.616470264439534,0.91458662506588,0.076193004273283,0.000743532178833385,0.00117491092264538,"Sequoia_FFS15","cedar","ddbh_model_noBAcwdIrctnSizePlotPrior",0.00580537390018852
"obs_sd",0.524876227583847,0.466165686672236,0.586893768358217,0.0305892732162682,0.000298506525373968,0.000537790338209812,"Sequoia_FFS15","cedar","ddbh_model_noBAcwdIrctnSizePlotPrior",0.000935703635899503
"res_sd",0.265164305894219,0.0468648750191723,0.552492319118618,0.137097779354786,0.00133787362198325,0.00774828693754745,"Sequoia_FFS15","cedar","ddbh_model_noBAcwdIrctnSizePlotPrior",0.0187958011040136
"treat_cwd[None]",0,0,0,0,0,0,"Sequoia_FFS15","cedar","ddbh_model_noBAcwdIrctnSizePlotPrior",0
"treat_cwd[Burn]",0.113255793378788,-0.0439314750515844,0.271205580210965,0.0807902798109143,0.000788394857891585,0.00124985914204374,"Sequoia_FFS15","cedar","ddbh_model_noBAcwdIrctnSizePlotPrior",0.00652706931192583
"treat_cwd[NA]",0,0,0,0,0,0,"Sequoia_FFS15","cedar","ddbh_model_noBAcwdIrctnSizePlotPrior",0
"treat_cwd[NA]",0,0,0,0,0,0,"Sequoia_FFS15","cedar","ddbh_model_noBAcwdIrctnSizePlotPrior",0
"treat_mean[None]",0,0,0,0,0,0,"Sequoia_FFS15","cedar","ddbh_model_noBAcwdIrctnSizePlotPrior",0
"treat_mean[Burn]",0.448566751126072,-0.172805396751489,1.06435963162388,0.317598075158867,0.00309929226532632,0.00917524957349982,"Sequoia_FFS15","cedar","ddbh_model_noBAcwdIrctnSizePlotPrior",0.100868537344617
"treat_mean[NA]",0,0,0,0,0,0,"Sequoia_FFS15","cedar","ddbh_model_noBAcwdIrctnSizePlotPrior",0
"treat_mean[NA]",0,0,0,0,0,0,"Sequoia_FFS15","cedar","ddbh_model_noBAcwdIrctnSizePlotPrior",0
"treat_size[None]",0,0,0,0,0,0,"Sequoia_FFS15","cedar","ddbh_model_noBAcwdIrctnSizePlotPrior",0
"treat_size[Burn]",-0.24049222788405,-0.63503234296395,0.15802858057431,0.202613696155336,0.00197721305782252,0.00313003377999603,"Sequoia_FFS15","cedar","ddbh_model_noBAcwdIrctnSizePlotPrior",0.0410523098697268
"treat_size[NA]",0,0,0,0,0,0,"Sequoia_FFS15","cedar","ddbh_model_noBAcwdIrctnSizePlotPrior",0
"treat_size[NA]",0,0,0,0,0,0,"Sequoia_FFS15","cedar","ddbh_model_noBAcwdIrctnSizePlotPrior",0
"int_overall",-1.49906562645675,-1.894848354132,-1.10221408066422,0.203100122456178,0.00290113430179235,0.00765274660953815,"Sequoia_FFS15","fir","ddbh_model_noBAcwdIrctnSizePlotPrior",0.0412496597417145
"d2_size",-0.426226562740385,-0.569939913725896,-0.28176146177952,0.0742938356609848,0.00106123222596438,0.00120825118724207,"Sequoia_FFS15","fir","ddbh_model_noBAcwdIrctnSizePlotPrior",0.00551957401722142
"slope_size",0.544774741376246,0.381489788890816,0.700256126432426,0.0834518978025304,0.00119204833722751,0.00144430905900585,"Sequoia_FFS15","fir","ddbh_model_noBAcwdIrctnSizePlotPrior",0.00696421924684398
"betaCWD",-0.0742339677379259,-0.141389879631936,-0.00691564932149516,0.0343970760865587,0.000491336667399638,0.000498181971100903,"Sequoia_FFS15","fir","ddbh_model_noBAcwdIrctnSizePlotPrior",0.00118315884330451
"int_plot_sd",0.193894489480474,0.140146213825873,0.250549636952353,0.0284956069749415,0.00040703856721324,0.000416553892922495,"Sequoia_FFS15","fir","ddbh_model_noBAcwdIrctnSizePlotPrior",0.000811999616870335
"int_tree_sd",0.631016966206526,0.571708460437713,0.697437160021898,0.0321653703516156,0.000459458409617952,0.000469412026664948,"Sequoia_FFS15","fir","ddbh_model_noBAcwdIrctnSizePlotPrior",0.00103461104985659
"obs_sd",0.575681452179224,0.538302498216917,0.613794284659443,0.0192513105573323,0.000274990663407329,0.000426606950916318,"Sequoia_FFS15","fir","ddbh_model_noBAcwdIrctnSizePlotPrior",0.000370612958174854
"res_sd",0.345601310080355,0.220482911990626,0.454564712478636,0.0591402812225182,0.000844774963192421,0.00227155992388919,"Sequoia_FFS15","fir","ddbh_model_noBAcwdIrctnSizePlotPrior",0.00349757286307854
"treat_cwd[None]",0,0,0,0,0,0,"Sequoia_FFS15","fir","ddbh_model_noBAcwdIrctnSizePlotPrior",0
"treat_cwd[Burn]",0.273990052623104,0.196738791754866,0.355080865190095,0.0404962858602184,0.000578459345979063,0.00062982571535623,"Sequoia_FFS15","fir","ddbh_model_noBAcwdIrctnSizePlotPrior",0.00163994916847252
"treat_cwd[NA]",0,0,0,0,0,0,"Sequoia_FFS15","fir","ddbh_model_noBAcwdIrctnSizePlotPrior",0
"treat_cwd[NA]",0,0,0,0,0,0,"Sequoia_FFS15","fir","ddbh_model_noBAcwdIrctnSizePlotPrior",0
"treat_mean[None]",0,0,0,0,0,0,"Sequoia_FFS15","fir","ddbh_model_noBAcwdIrctnSizePlotPrior",0
"treat_mean[Burn]",0.216473461591634,-0.252434778101549,0.67923812533798,0.238709851744155,0.0034097928189096,0.00887551582429467,"Sequoia_FFS15","fir","ddbh_model_noBAcwdIrctnSizePlotPrior",0.0569823933197165
"treat_mean[NA]",0,0,0,0,0,0,"Sequoia_FFS15","fir","ddbh_model_noBAcwdIrctnSizePlotPrior",0
"treat_mean[NA]",0,0,0,0,0,0,"Sequoia_FFS15","fir","ddbh_model_noBAcwdIrctnSizePlotPrior",0
"treat_size[None]",0,0,0,0,0,0,"Sequoia_FFS15","fir","ddbh_model_noBAcwdIrctnSizePlotPrior",0
"treat_size[Burn]",-0.396369321072817,-0.548787016583106,-0.246099079981643,0.0767914981712031,0.00109690947861723,0.00118760278734171,"Sequoia_FFS15","fir","ddbh_model_noBAcwdIrctnSizePlotPrior",0.00589693419137789
"treat_size[NA]",0,0,0,0,0,0,"Sequoia_FFS15","fir","ddbh_model_noBAcwdIrctnSizePlotPrior",0
"treat_size[NA]",0,0,0,0,0,0,"Sequoia_FFS15","fir","ddbh_model_noBAcwdIrctnSizePlotPrior",0
"int_overall",-1.18553299554763,-1.61031746489823,-0.784922872244484,0.210124552695107,0.00150469459444043,0.00656993144743716,"Sequoia_FFS15","white_pine","ddbh_model_noBAcwdIrctnSizePlotPrior",0.0441523276453188
"d2_size",-0.423879194398655,-0.662364355085721,-0.174543018086492,0.125536680575023,0.000898963791914985,0.00288466402099767,"Sequoia_FFS15","white_pine","ddbh_model_noBAcwdIrctnSizePlotPrior",0.0157594581697954
"slope_size",0.722747644719956,0.448505514776328,0.997412952140423,0.139965550385289,0.00100228842546647,0.0032869714185766,"Sequoia_FFS15","white_pine","ddbh_model_noBAcwdIrctnSizePlotPrior",0.0195903552946569
"betaCWD",-0.00678481600823363,-0.0736304654693135,0.0633058564611799,0.0348944746008329,0.000249878115785443,0.000493325349656458,"Sequoia_FFS15","white_pine","ddbh_model_noBAcwdIrctnSizePlotPrior",0.00121762435766817
"int_plot_sd",0.19025219429299,0.132805637410393,0.247752757242651,0.0293729512720416,0.000210338679773106,0.000262449273651058,"Sequoia_FFS15","white_pine","ddbh_model_noBAcwdIrctnSizePlotPrior",0.00086277026642973
"int_tree_sd",0.565455057585276,0.467930771447131,0.682590098119126,0.0547420956592845,0.000392006238063891,0.000756234965687987,"Sequoia_FFS15","white_pine","ddbh_model_noBAcwdIrctnSizePlotPrior",0.00299669703717025
"obs_sd",0.466657257492837,0.415618974905356,0.522104767936707,0.0270576804699784,0.000193759106297059,0.000367375888593563,"Sequoia_FFS15","white_pine","ddbh_model_noBAcwdIrctnSizePlotPrior",0.000732118072415451
"res_sd",0.145536319328301,0.0166184503317267,0.357355181379921,0.0918475866125318,0.000657717364846981,0.00380698023875603,"Sequoia_FFS15","white_pine","ddbh_model_noBAcwdIrctnSizePlotPrior",0.00843597916654653
"treat_cwd[None]",0,0,0,0,0,0,"Sequoia_FFS15","white_pine","ddbh_model_noBAcwdIrctnSizePlotPrior",0
"treat_cwd[Burn]",0.101958209718615,0.0023093187183373,0.200683657817988,0.0502626604744816,0.000359929158911226,0.000664140359263336,"Sequoia_FFS15","white_pine","ddbh_model_noBAcwdIrctnSizePlotPrior",0.00252633503797302
"treat_cwd[NA]",0,0,0,0,0,0,"Sequoia_FFS15","white_pine","ddbh_model_noBAcwdIrctnSizePlotPrior",0
"treat_cwd[NA]",0,0,0,0,0,0,"Sequoia_FFS15","white_pine","ddbh_model_noBAcwdIrctnSizePlotPrior",0
"treat_mean[None]",0,0,0,0,0,0,"Sequoia_FFS15","white_pine","ddbh_model_noBAcwdIrctnSizePlotPrior",0
"treat_mean[Burn]",0.0733579450470399,-0.450708344163261,0.593953362958747,0.265867546466502,0.00190386822898209,0.0093527049043609,"Sequoia_FFS15","white_pine","ddbh_model_noBAcwdIrctnSizePlotPrior",0.0706855522641176
"treat_mean[NA]",0,0,0,0,0,0,"Sequoia_FFS15","white_pine","ddbh_model_noBAcwdIrctnSizePlotPrior",0
"treat_mean[NA]",0,0,0,0,0,0,"Sequoia_FFS15","white_pine","ddbh_model_noBAcwdIrctnSizePlotPrior",0
"treat_size[None]",0,0,0,0,0,0,"Sequoia_FFS15","white_pine","ddbh_model_noBAcwdIrctnSizePlotPrior",0
"treat_size[Burn]",-0.384504332987751,-0.702748506118445,-0.0777547499915922,0.159957179912931,0.00114544778737097,0.00268831183263371,"Sequoia_FFS15","white_pine","ddbh_model_noBAcwdIrctnSizePlotPrior",0.0255862994056978
"treat_size[NA]",0,0,0,0,0,0,"Sequoia_FFS15","white_pine","ddbh_model_noBAcwdIrctnSizePlotPrior",0
"treat_size[NA]",0,0,0,0,0,0,"Sequoia_FFS15","white_pine","ddbh_model_noBAcwdIrctnSizePlotPrior",0
"int_overall",-1.53481959597121,-1.79023880976038,-1.27066046457523,0.132784533955991,0.00368136471473314,0.00653434654949784,"Sequoia_Tharp15","fir","ddbh_model_noBAcwdIrctnSizePlotPrior",0.0176317324579097
"d2_size",-0.298654779917941,-0.401631735487578,-0.202907408883286,0.0506867298374252,0.00140525656994475,0.00140525656994475,"Sequoia_Tharp15","fir","ddbh_model_noBAcwdIrctnSizePlotPrior",0.00256914458161213
"slope_size",0.171827102064859,0.0750003028409383,0.266745817174026,0.0481111763358631,0.00133385102670053,0.001237947755003,"Sequoia_Tharp15","fir","ddbh_model_noBAcwdIrctnSizePlotPrior",0.00231468528842051
"betaCWD",-0.071359320063988,-0.0966939370117413,-0.045956818754832,0.0126958026342098,0.000351982858623328,0.000351982858623328,"Sequoia_Tharp15","fir","ddbh_model_noBAcwdIrctnSizePlotPrior",0.000161183404526808
"int_plot_sd",0.184734837349593,0.126895443876452,0.243270265534067,0.029714848396513,0.000823824817028941,0.000823824817028942,"Sequoia_Tharp15","fir","ddbh_model_noBAcwdIrctnSizePlotPrior",0.000882972215227751
"int_tree_sd",0.711340947830899,0.666479818304365,0.763199856311441,0.0248104896933646,0.000687854666437842,0.000687854666437843,"Sequoia_Tharp15","fir","ddbh_model_noBAcwdIrctnSizePlotPrior",0.000615560398824551
"obs_sd",0.595097051425904,0.575497642504049,0.615250579885129,0.0103916938577054,0.000288102943575829,0.000288102943575829,"Sequoia_Tharp15","fir","ddbh_model_noBAcwdIrctnSizePlotPrior",0.000107987301232272
"res_sd",0.592856540908237,0.550346384209618,0.63263432447081,0.0213763812427551,0.000592646246450989,0.000675282307415409,"Sequoia_Tharp15","fir","ddbh_model_noBAcwdIrctnSizePlotPrior",0.000456949675035612
"treat_cwd[None]",0,0,0,0,0,0,"Sequoia_Tharp15","fir","ddbh_model_noBAcwdIrctnSizePlotPrior",0
"treat_cwd[Burn]",0.176743075878257,0.12649922500233,0.224218700672003,0.0243739125117764,0.000675750848442825,0.000646221496133898,"Sequoia_Tharp15","fir","ddbh_model_noBAcwdIrctnSizePlotPrior",0.00059408761113173
"treat_cwd[NA]",0,0,0,0,0,0,"Sequoia_Tharp15","fir","ddbh_model_noBAcwdIrctnSizePlotPrior",0
"treat_cwd[NA]",0,0,0,0,0,0,"Sequoia_Tharp15","fir","ddbh_model_noBAcwdIrctnSizePlotPrior",0
"treat_mean[None]",0,0,0,0,0,0,"Sequoia_Tharp15","fir","ddbh_model_noBAcwdIrctnSizePlotPrior",0
"treat_mean[Burn]",0.123638253242125,-0.277874977084218,0.503365630248969,0.198317579239984,0.00549822571028748,0.00844336199783854,"Sequoia_Tharp15","fir","ddbh_model_noBAcwdIrctnSizePlotPrior",0.0393298622356073
"treat_mean[NA]",0,0,0,0,0,0,"Sequoia_Tharp15","fir","ddbh_model_noBAcwdIrctnSizePlotPrior",0
"treat_mean[NA]",0,0,0,0,0,0,"Sequoia_Tharp15","fir","ddbh_model_noBAcwdIrctnSizePlotPrior",0
"treat_size[None]",0,0,0,0,0,0,"Sequoia_Tharp15","fir","ddbh_model_noBAcwdIrctnSizePlotPrior",0
"treat_size[Burn]",-0.140833483726632,-0.282693332783986,-0.00458751095983889,0.0702107676340287,0.00194654780087496,0.00194654780087496,"Sequoia_Tharp15","fir","ddbh_model_noBAcwdIrctnSizePlotPrior",0.00492955189175957
"treat_size[NA]",0,0,0,0,0,0,"Sequoia_Tharp15","fir","ddbh_model_noBAcwdIrctnSizePlotPrior",0
"treat_size[NA]",0,0,0,0,0,0,"Sequoia_Tharp15","fir","ddbh_model_noBAcwdIrctnSizePlotPrior",0
"int_overall",-1.88019414310246,-2.0741840087335,-1.69591580824745,0.0938430332074932,0.000962758535480485,0.00177736978605983,"STEF-VDT15","cedar","ddbh_model_noBAcwdIrctnSize",0.00880651488158267
"d2_size",-0.186857537179778,-0.26755189931053,-0.106576279373442,0.0409657391663775,0.000420277496332546,0.000462484566437924,"STEF-VDT15","cedar","ddbh_model_noBAcwdIrctnSize",0.00167819178544768
"slope_size",0.565455387949678,0.472550567378088,0.659603069196579,0.0478961287439373,0.000491378051077487,0.00054637989103566,"STEF-VDT15","cedar","ddbh_model_noBAcwdIrctnSize",0.00229403914865582
"betaCWD",-0.254996309923475,-0.312848501459817,-0.195539621149859,0.030140500220775,0.000309218733233418,0.000331380152866581,"STEF-VDT15","cedar","ddbh_model_noBAcwdIrctnSize",0.000908449753558538
"int_plot_sd",0.172112976561376,0.105169897504245,0.263989892415068,0.0406512973915133,0.000417051561574099,0.000436811267696132,"STEF-VDT15","cedar","ddbh_model_noBAcwdIrctnSize",0.00165252797961326
"int_tree_sd",0.44777407931793,0.41176512194133,0.484955828422469,0.0187218676369646,0.000192072200264135,0.00019646387175265,"STEF-VDT15","cedar","ddbh_model_noBAcwdIrctnSize",0.000350508327816022
"obs_sd",0.205831541854997,0.195217230509158,0.216542907313184,0.00542087616352392,5.56140889508102e-05,0.000123034787983962,"STEF-VDT15","cedar","ddbh_model_noBAcwdIrctnSize",2.93858983802618e-05
"res_sd",0.233621826894037,0.109089561947117,0.334809486623655,0.0569789145306955,0.000584560562802225,0.00209715852241061,"STEF-VDT15","cedar","ddbh_model_noBAcwdIrctnSize",0.0032465967010963
"treat_cwd[None]",0,0,0,0,0,0,"STEF-VDT15","cedar","ddbh_model_noBAcwdIrctnSize",0
"treat_cwd[Burn]",0.235267902936459,0.08386489076735,0.395245588545091,0.0790045498301178,0.0008105269202303,0.00113660647285357,"STEF-VDT15","cedar","ddbh_model_noBAcwdIrctnSize",0.00624171889385957
"treat_cwd[Burn+Thin]",0.193505479590775,0.0710562020249038,0.323536026443201,0.0644491626550649,0.000661199657874863,0.000683710531161421,"STEF-VDT15","cedar","ddbh_model_noBAcwdIrctnSize",0.00415369456693901
"treat_cwd[Thin]",0.00800268583070752,-0.0648199169799776,0.080936925417943,0.0370348077359951,0.000379949113312132,0.000393672772798992,"STEF-VDT15","cedar","ddbh_model_noBAcwdIrctnSize",0.00137157698404212
"treat_mean[None]",0,0,0,0,0,0,"STEF-VDT15","cedar","ddbh_model_noBAcwdIrctnSize",0
"treat_mean[Burn]",0.0935968267689828,-0.168201955043312,0.357732564186026,0.132425545116923,0.00135858592288973,0.00215747270056582,"STEF-VDT15","cedar","ddbh_model_noBAcwdIrctnSize",0.0175365249995142
"treat_mean[Burn+Thin]",0.732117309887806,0.477178650014279,0.990539673746937,0.129849251644702,0.00133215510063786,0.00197129725191305,"STEF-VDT15","cedar","ddbh_model_noBAcwdIrctnSize",0.0168608281526891
"treat_mean[Thin]",1.12567012164561,0.882790813303095,1.37328987462609,0.123334495452358,0.0012653186300297,0.00201547547081907,"STEF-VDT15","cedar","ddbh_model_noBAcwdIrctnSize",0.0152113977684877
"treat_size[None]",0,0,0,0,0,0,"STEF-VDT15","cedar","ddbh_model_noBAcwdIrctnSize",0
"treat_size[Burn]",-0.147834650039101,-0.25460987975458,-0.0434931959348955,0.0533154610018925,0.000546976300725011,0.00054475782394922,"STEF-VDT15","cedar","ddbh_model_noBAcwdIrctnSize",0.00284253838184432
"treat_size[Burn+Thin]",-0.233704583754812,-0.357511340531362,-0.10753208679927,0.0639701930413168,0.000656285791942459,0.000669438002429963,"STEF-VDT15","cedar","ddbh_model_noBAcwdIrctnSize",0.00409218559774334
"treat_size[Thin]",-0.368783058638159,-0.49235439119543,-0.248806192371748,0.0619467773858992,0.00063552707788032,0.000647259926802347,"STEF-VDT15","cedar","ddbh_model_noBAcwdIrctnSize",0.00383740322849815
"int_overall",-1.64436450101312,-1.82465095087064,-1.4252446644827,0.0964090885745719,0.000467647269432121,0.00418748521025972,"STEF-VDT15","fir","ddbh_model_noBAcwdIrctnSize",0.00929471235977965
"d2_size",-0.348253111676502,-0.44900854524646,-0.254981928266866,0.0501700513944972,0.000243357632447258,0.00150777701148417,"STEF-VDT15","fir","ddbh_model_noBAcwdIrctnSize",0.00251703405692649
"slope_size",0.482450139356121,0.383977279923257,0.588068290714487,0.0514342866909064,0.000249490002258307,0.0014916664787566,"STEF-VDT15","fir","ddbh_model_noBAcwdIrctnSize",0.00264548584740235
"betaCWD",0.112918464623431,0.0543638189999576,0.172656428749172,0.0303952668242614,0.000147436966205027,0.000846134311804731,"STEF-VDT15","fir","ddbh_model_noBAcwdIrctnSize",0.000923872245318046
"int_plot_sd",0.167756616346049,0.102321712099312,0.258799113369558,0.0398746255303346,0.000193418069028479,0.000865035194917985,"STEF-VDT15","fir","ddbh_model_noBAcwdIrctnSize",0.00158998576118441
"int_tree_sd",0.537212673777082,0.501237622818403,0.574388073598095,0.0187291192026567,9.08485038442861e-05,0.000381968426298494,"STEF-VDT15","fir","ddbh_model_noBAcwdIrctnSize",0.000350779906107324
"obs_sd",0.267263189782872,0.257753579163997,0.276914598597213,0.00490148541356128,2.37754168585498e-05,6.49098850169368e-05,"STEF-VDT15","fir","ddbh_model_noBAcwdIrctnSize",2.4024559259354e-05
"res_sd",0.0616310444121323,0.00485124642837432,0.157196816538162,0.0422031864833906,0.00020471311587005,0.00204281268326087,"STEF-VDT15","fir","ddbh_model_noBAcwdIrctnSize",0.00178110894935184
"treat_cwd[None]",0,0,0,0,0,0,"STEF-VDT15","fir","ddbh_model_noBAcwdIrctnSize",0
"treat_cwd[Burn]",0.260944370826186,0.0418212286185867,0.559620986169286,0.135115148945498,0.000655397031519513,0.00646677299599213,"STEF-VDT15","fir","ddbh_model_noBAcwdIrctnSize",0.0182561034745641
"treat_cwd[Burn+Thin]",-0.0361369259740972,-0.157283909560444,0.101713356831237,0.0671879955116118,0.00032590581556343,0.00202202681747513,"STEF-VDT15","fir","ddbh_model_noBAcwdIrctnSize",0.00451422674086837
"treat_cwd[Thin]",-0.120527441106001,-0.189402590349522,-0.0518309523329783,0.0350555715860811,0.000170042498824503,0.000832764535455236,"STEF-VDT15","fir","ddbh_model_noBAcwdIrctnSize",0.00122889309922686
"treat_mean[None]",0,0,0,0,0,0,"STEF-VDT15","fir","ddbh_model_noBAcwdIrctnSize",0
"treat_mean[Burn]",-0.208538887720611,-0.486270896681571,0.0599514117399492,0.141709918196399,0.000687385984825854,0.00535843565184995,"STEF-VDT15","fir","ddbh_model_noBAcwdIrctnSize",0.0200817009152301
"treat_mean[Burn+Thin]",0.598471404922783,0.352767598140063,0.841498023359915,0.126256014076133,0.000612424420820216,0.00429095449073426,"STEF-VDT15","fir","ddbh_model_noBAcwdIrctnSize",0.0159405810903927
"treat_mean[Thin]",0.894203900633947,0.633384219817432,1.13331639893124,0.123429206667062,0.000598712552099043,0.00497313661221852,"STEF-VDT15","fir","ddbh_model_noBAcwdIrctnSize",0.0152347690584603
"treat_size[None]",0,0,0,0,0,0,"STEF-VDT15","fir","ddbh_model_noBAcwdIrctnSize",0
"treat_size[Burn]",0.047564573794329,-0.0707354358175853,0.166058293678533,0.0612051331285961,0.000296885011631223,0.00164196938506355,"STEF-VDT15","fir","ddbh_model_noBAcwdIrctnSize",0.00374606832128917
"treat_size[Burn+Thin]",-0.141302165935059,-0.287323545226565,0.00693383992005803,0.0751614503266833,0.000364582297494119,0.00179598340376269,"STEF-VDT15","fir","ddbh_model_noBAcwdIrctnSize",0.00564924361521048
"treat_size[Thin]",-0.24501638078483,-0.370891844744956,-0.121175600581438,0.0636202371326364,0.000308599848993371,0.00143391710782666,"STEF-VDT15","fir","ddbh_model_noBAcwdIrctnSize",0.00404753457281289
"int_overall",-0.934014024558719,-1.22765504726953,-0.638360948527098,0.145796771781272,0.000630328520601794,0.00130960160295018,"STEF-VDT15","yellow_pine","ddbh_model_noBAcwdIrctnSize",0.0212566986618403
"d2_size",-0.509293150253375,-0.710184409486941,-0.310058819398327,0.101991545693128,0.000440943783083802,0.000742603960594108,"STEF-VDT15","yellow_pine","ddbh_model_noBAcwdIrctnSize",0.0104022753928734
"slope_size",0.852840475909061,0.632223096306916,1.08028251714056,0.114518049870256,0.000495100077148574,0.000857804215147975,"STEF-VDT15","yellow_pine","ddbh_model_noBAcwdIrctnSize",0.0131143837460864
"betaCWD",-0.113362203553358,-0.18959289216988,-0.0370115549680246,0.0386665824495896,0.000167168651365899,0.000207488736020316,"STEF-VDT15","yellow_pine","ddbh_model_noBAcwdIrctnSize",0.00149510459833091
"int_plot_sd",0.171959329925105,0.0145931691698621,0.388054503671549,0.0968852804864313,0.00041886767979143,0.000777390989651893,"STEF-VDT15","yellow_pine","ddbh_model_noBAcwdIrctnSize",0.00938675757493447
"int_tree_sd",0.491057028544172,0.408997313242231,0.58655333423156,0.0453503642041505,0.000196064889697555,0.000263574837741989,"STEF-VDT15","yellow_pine","ddbh_model_noBAcwdIrctnSize",0.00205665553344909
"obs_sd",0.215928590615881,0.18228190384519,0.248769508100442,0.0170943358990131,7.39045681619075e-05,0.000179767707985462,"STEF-VDT15","yellow_pine","ddbh_model_noBAcwdIrctnSize",0.000292216319828288
"res_sd",0.156906566878915,0.0201388330248131,0.283956490633761,0.0696413981679697,0.000301083206051449,0.00121307319528334,"STEF-VDT15","yellow_pine","ddbh_model_noBAcwdIrctnSize",0.00484992433878969
"treat_cwd[None]",0,0,0,0,0,0,"STEF-VDT15","yellow_pine","ddbh_model_noBAcwdIrctnSize",0
"treat_cwd[Burn]",-0.0642954475477755,-0.345848120349255,0.263598622454433,0.156132206149979,0.000675012082355667,0.0013804778766644,"STEF-VDT15","yellow_pine","ddbh_model_noBAcwdIrctnSize",0.0243772657972595
"treat_cwd[Burn+Thin]",0.208961225863105,0.0130560400683584,0.425779527360215,0.104658278557503,0.000452472966897028,0.000690421244628241,"STEF-VDT15","yellow_pine","ddbh_model_noBAcwdIrctnSize",0.0109533552706199
"treat_cwd[Thin]",-0.0433346099173798,-0.1418865164075,0.0542263535346541,0.049925317469308,0.000215843952623416,0.000266039791638148,"STEF-VDT15","yellow_pine","ddbh_model_noBAcwdIrctnSize",0.00249253732441119
"treat_mean[None]",0,0,0,0,0,0,"STEF-VDT15","yellow_pine","ddbh_model_noBAcwdIrctnSize",0
"treat_mean[Burn]",-0.490809983383043,-0.927014320125117,-0.0677983502006939,0.216859823174475,0.000937558012084134,0.00169269036397504,"STEF-VDT15","yellow_pine","ddbh_model_noBAcwdIrctnSize",0.0470281829072646
"treat_mean[Burn+Thin]",0.205141457607222,-0.208784037661115,0.607282304776541,0.206487064333511,0.000892713084073019,0.00177969453256386,"STEF-VDT15","yellow_pine","ddbh_model_noBAcwdIrctnSize",0.0426369077370715
"treat_mean[Thin]",0.7042910886357,0.279727899469925,1.12775432509243,0.21289028668144,0.000920396369651588,0.00176324483951837,"STEF-VDT15","yellow_pine","ddbh_model_noBAcwdIrctnSize",0.0453222741633057
"treat_size[None]",0,0,0,0,0,0,"STEF-VDT15","yellow_pine","ddbh_model_noBAcwdIrctnSize",0
"treat_size[Burn]",0.0413494021520964,-0.262670971834282,0.35446965992864,0.156415560561003,0.00067623711885356,0.00100983991668326,"STEF-VDT15","yellow_pine","ddbh_model_noBAcwdIrctnSize",0.0244658275856128
"treat_size[Burn+Thin]",-0.174185048149594,-0.49869265225221,0.150817027933367,0.165131142465983,0.000713917513153313,0.00098524029272788,"STEF-VDT15","yellow_pine","ddbh_model_noBAcwdIrctnSize",0.0272682942121208
"treat_size[Thin]",-0.571426888440893,-0.946000777043047,-0.200499210460057,0.189222439406175,0.000818072299121218,0.00119289272306453,"STEF-VDT15","yellow_pine","ddbh_model_noBAcwdIrctnSize",0.0358051315748236
"int_overall",-1.23550282293354,-1.43222243597487,-1.03865241955191,0.0998830546760201,0.00071525907143885,0.00193061916917869,"STEF-VDT15","white_pine","ddbh_model_noBAcwdIrctnSize",0.00997662461141282
"d2_size",-0.318194954021815,-0.469802972198103,-0.170397227636067,0.0759823106032296,0.000544106676594182,0.00161223364627764,"STEF-VDT15","white_pine","ddbh_model_noBAcwdIrctnSize",0.00577331152460566
"slope_size",0.749758115588021,0.555464579432044,0.955988170726027,0.10184157414229,0.000729283961039821,0.00223590330456368,"STEF-VDT15","white_pine","ddbh_model_noBAcwdIrctnSize",0.0103717062237796
"betaCWD",-0.045303177928504,-0.196704006332517,0.110277205435481,0.0781933381171142,0.000559939767518729,0.00149577182172756,"STEF-VDT15","white_pine","ddbh_model_noBAcwdIrctnSize",0.00611419812589734
"int_plot_sd",0.10664145755101,0.00604220675570628,0.252090865521525,0.0663769520746637,0.000475323039126708,0.00128356088634691,"STEF-VDT15","white_pine","ddbh_model_noBAcwdIrctnSize",0.0044058997667222
"int_tree_sd",0.39100290076213,0.323417265941978,0.466531507221703,0.0363137864123326,0.000260041758173717,0.000518273932952948,"STEF-VDT15","white_pine","ddbh_model_noBAcwdIrctnSize",0.00131869108360051
"obs_sd",0.35742735790676,0.321435879275873,0.391587135749024,0.0175981346720866,0.000126019628709197,0.000334802693541212,"STEF-VDT15","white_pine","ddbh_model_noBAcwdIrctnSize",0.000309694343936897
"res_sd",0.145082841399522,0.00972017977082033,0.342915141617655,0.0933222860207368,0.0006682776358838,0.00373314121100283,"STEF-VDT15","white_pine","ddbh_model_noBAcwdIrctnSize",0.00870904906813621
"treat_cwd[None]",0,0,0,0,0,0,"STEF-VDT15","white_pine","ddbh_model_noBAcwdIrctnSize",0
"treat_cwd[Burn]",-0.469345575116584,-0.933362038874377,0.000537871140234202,0.235471752556814,0.0016862050087491,0.00615052531919658,"STEF-VDT15","white_pine","ddbh_model_noBAcwdIrctnSize",0.0554469462521774
"treat_cwd[Burn+Thin]",-0.13262661497004,-0.383035520631727,0.141631317421652,0.13446433363434,0.000962894404149938,0.00248025656320184,"STEF-VDT15","white_pine","ddbh_model_noBAcwdIrctnSize",0.0180806570197271
"treat_cwd[Thin]",-0.0896830654286196,-0.25835231068939,0.0698850974057306,0.0837348317693084,0.000599622210320553,0.00153110605140798,"STEF-VDT15","white_pine","ddbh_model_noBAcwdIrctnSize",0.00701152205143438
"treat_mean[None]",0,0,0,0,0,0,"STEF-VDT15","white_pine","ddbh_model_noBAcwdIrctnSize",0
"treat_mean[Burn]",-0.0984325781982066,-0.486510324708042,0.239508429222652,0.184323790885945,0.00131993623884254,0.00409114803775585,"STEF-VDT15","white_pine","ddbh_model_noBAcwdIrctnSize",0.0339752598865656
"treat_mean[Burn+Thin]",0.32111045113538,0.0392348717168167,0.587511250916076,0.137864431597336,0.000987242387095609,0.00257606607186673,"STEF-VDT15","white_pine","ddbh_model_noBAcwdIrctnSize",0.0190066014996565
"treat_mean[Thin]",0.643160569185846,0.396870273295162,0.880954414497596,0.122617682450275,0.000878060948134215,0.00230412060236314,"STEF-VDT15","white_pine","ddbh_model_noBAcwdIrctnSize",0.0150350960494765
"treat_size[None]",0,0,0,0,0,0,"STEF-VDT15","white_pine","ddbh_model_noBAcwdIrctnSize",0
"treat_size[Burn]",-0.279001692901218,-0.612621423941704,0.0620333724208401,0.17237376025782,0.00123436248623293,0.00309800743836972,"STEF-VDT15","white_pine","ddbh_model_noBAcwdIrctnSize",0.0297127132254204
"treat_size[Burn+Thin]",-0.310596052393349,-0.552061297882491,-0.0692350624581045,0.123023128621807,0.000880964334029937,0.00213045942083869,"STEF-VDT15","white_pine","ddbh_model_noBAcwdIrctnSize",0.0151346901758977
"treat_size[Thin]",-0.175694335701741,-0.372629446435191,0.0116645834768254,0.097601686564367,0.000698922273946583,0.0017278905739055,"STEF-VDT15","white_pine","ddbh_model_noBAcwdIrctnSize",0.00952608922020894
"int_overall",-1.58139414022339,-1.85167818776631,-1.30514110728047,0.136665613506954,0.00177908397565922,0.00528166385561921,"Teakettle15","cedar","ddbh_model_noBAcwdIrctnSize",0.0186774899152321
"d2_size",-0.312329123547931,-0.380371299555195,-0.244099763884852,0.0349318829376996,0.00045473584451368,0.000557760235125798,"Teakettle15","cedar","ddbh_model_noBAcwdIrctnSize",0.00122023644557315
"slope_size",0.43434495204373,0.332313834022062,0.540145400779653,0.0531058173442613,0.000691320268698411,0.000888578044367863,"Teakettle15","cedar","ddbh_model_noBAcwdIrctnSize",0.00282022783580204
"betaCWD",-0.0825760083129789,-0.221488472338376,0.0503759692233588,0.0689075961898529,0.000897024474823913,0.00161052376057285,"Teakettle15","cedar","ddbh_model_noBAcwdIrctnSize",0.00474825681266383
"int_plot_sd",0.207533013125098,0.12520643033436,0.334471916457919,0.0540474049676615,0.000703577656709076,0.000838380869491786,"Teakettle15","cedar","ddbh_model_noBAcwdIrctnSize",0.0029211219837384
"int_tree_sd",0.316519924088669,0.260722857920241,0.36612664177735,0.0263152239473938,0.000342566005005421,0.000825146326314236,"Teakettle15","cedar","ddbh_model_noBAcwdIrctnSize",0.000692491011401488
"obs_sd",1.62314704498484,1.58356141103753,1.66409501732331,0.0209064207846017,0.000272155352409705,0.000364614714945753,"Teakettle15","cedar","ddbh_model_noBAcwdIrctnSize",0.000437078430022826
"res_sd",1.0205583505655,0.94662337431527,1.09820495224047,0.0384850778441657,0.000500990582324272,0.00170853838413302,"Teakettle15","cedar","ddbh_model_noBAcwdIrctnSize",0.00148110121667149
"treat_cwd[None]",0,0,0,0,0,0,"Teakettle15","cedar","ddbh_model_noBAcwdIrctnSize",0
"treat_cwd[Burn]",-0.0149296756460074,-0.186815729101715,0.154858316858883,0.0866755803226321,0.00112832432442936,0.00206892951753024,"Teakettle15","cedar","ddbh_model_noBAcwdIrctnSize",0.00751265622426505
"treat_cwd[Burn+Thin]",0.118126482191375,-0.0259453775684024,0.269355189314539,0.0761778524241375,0.000991667128769152,0.00174831905682144,"Teakettle15","cedar","ddbh_model_noBAcwdIrctnSize",0.00580306519995367
"treat_cwd[Thin]",-0.0362428223984476,-0.208526876793641,0.140115265571121,0.0892872793087024,0.00116232286799955,0.00195051750823045,"Teakettle15","cedar","ddbh_model_noBAcwdIrctnSize",0.00797221824635024
"treat_mean[None]",0,0,0,0,0,0,"Teakettle15","cedar","ddbh_model_noBAcwdIrctnSize",0
"treat_mean[Burn]",-0.226245249390161,-0.605439891203303,0.131306799199486,0.184360285941194,0.00239996310739307,0.00672910412177245,"Teakettle15","cedar","ddbh_model_noBAcwdIrctnSize",0.0339887150323188
"treat_mean[Burn+Thin]",0.333827707350796,0.00262084777648968,0.648792951188766,0.161709689406494,0.00210510244493421,0.00583966834005039,"Teakettle15","cedar","ddbh_model_noBAcwdIrctnSize",0.0261500236479448
"treat_mean[Thin]",0.691331629891794,0.356338927609696,1.0181120980384,0.167423569827448,0.00217948452858274,0.00548999425240522,"Teakettle15","cedar","ddbh_model_noBAcwdIrctnSize",0.0280306517337664
"treat_size[None]",0,0,0,0,0,0,"Teakettle15","cedar","ddbh_model_noBAcwdIrctnSize",0
"treat_size[Burn]",-0.125502082434194,-0.24080776071647,-0.0104761262947588,0.0580162005937029,0.000755242596555831,0.000907090536696409,"Teakettle15","cedar","ddbh_model_noBAcwdIrctnSize",0.00336587953132877
"treat_size[Burn+Thin]",-0.295911060048416,-0.398850592198989,-0.194275072233312,0.0521560042866953,0.000678955803730041,0.000814245190626935,"Teakettle15","cedar","ddbh_model_noBAcwdIrctnSize",0.00272024878315378
"treat_size[Thin]",-0.33403230114294,-0.454735827471389,-0.215309382096368,0.0604393014828267,0.000786786010093621,0.000907254210964218,"Teakettle15","cedar","ddbh_model_noBAcwdIrctnSize",0.00365290916373202
"int_overall",-1.52600893702355,-1.6791300190243,-1.36698628857724,0.0797848270774993,0.000927417114332647,0.00422263522134261,"Teakettle15","fir","ddbh_model_noBAcwdIrctnSize",0.00636561863178647
"d2_size",-0.247761557828475,-0.278678827033912,-0.216286404611888,0.0161999881275845,0.000188308313646075,0.00021901594441574,"Teakettle15","fir","ddbh_model_noBAcwdIrctnSize",0.000262439615333879
"slope_size",0.222385797630948,0.183476157857201,0.260417283838578,0.0195389618194185,0.000227120472041873,0.000273094922246149,"Teakettle15","fir","ddbh_model_noBAcwdIrctnSize",0.000381771028980694
"betaCWD",-0.221036182395548,-0.25588338577943,-0.187016679729326,0.017803570686899,0.000206948322833649,0.00028597977024472,"Teakettle15","fir","ddbh_model_noBAcwdIrctnSize",0.000316967129203409
"int_plot_sd",0.130242934556572,0.0861530155014407,0.202213565285255,0.0292740683095403,0.000340281140548681,0.000520181495000158,"Teakettle15","fir","ddbh_model_noBAcwdIrctnSize",0.000856971075391632
"int_tree_sd",0.416379264900191,0.400405633738963,0.431824052672754,0.00812712305647159,9.44695036505862e-05,0.000155189905591684,"Teakettle15","fir","ddbh_model_noBAcwdIrctnSize",6.60501291750321e-05
"obs_sd",1.08886442770948,1.06967564131291,1.10788761262241,0.00981459109907842,0.000114084595892158,0.00019860964733493,"Teakettle15","fir","ddbh_model_noBAcwdIrctnSize",9.63261984421094e-05
"res_sd",0.780283268627885,0.741010422464929,0.817223875817353,0.0194590641291299,0.000226191743008002,0.000853008812782285,"Teakettle15","fir","ddbh_model_noBAcwdIrctnSize",0.00037865517678159
"treat_cwd[None]",0,0,0,0,0,0,"Teakettle15","fir","ddbh_model_noBAcwdIrctnSize",0
"treat_cwd[Burn]",0.250154225389672,0.206093737268888,0.294518234494299,0.0224656158275408,0.000261139835300333,0.000355262798355624,"Teakettle15","fir","ddbh_model_noBAcwdIrctnSize",0.000504703894510652
"treat_cwd[Burn+Thin]",0.297109344844844,0.253432212751029,0.341011149536849,0.0227066294460585,0.000263941372419458,0.000338416678143199,"Teakettle15","fir","ddbh_model_noBAcwdIrctnSize",0.000515591020800611
"treat_cwd[Thin]",0.0415606495563869,-0.00379554328857203,0.0867579514195774,0.0231183584457604,0.000268727301458568,0.000367089867093443,"Teakettle15","fir","ddbh_model_noBAcwdIrctnSize",0.000534458497226661
"treat_mean[None]",0,0,0,0,0,0,"Teakettle15","fir","ddbh_model_noBAcwdIrctnSize",0
"treat_mean[Burn]",0.204497430800146,-0.0130976818047658,0.417632797412746,0.110257688969528,0.00128163300570647,0.00482597388731812,"Teakettle15","fir","ddbh_model_noBAcwdIrctnSize",0.0121567579769012
"treat_mean[Burn+Thin]",0.547485726767583,0.356864917503452,0.741592220817623,0.0969375764884227,0.00112680030464899,0.00439146501887685,"Teakettle15","fir","ddbh_model_noBAcwdIrctnSize",0.0093968937354488
"treat_mean[Thin]",0.523454735612669,0.331600770445909,0.71305792034382,0.0963523258905354,0.00111999736428382,0.00446408682519936,"Teakettle15","fir","ddbh_model_noBAcwdIrctnSize",0.00928377070451594
"treat_size[None]",0,0,0,0,0,0,"Teakettle15","fir","ddbh_model_noBAcwdIrctnSize",0
"treat_size[Burn]",-0.0345282006975764,-0.076463262256966,0.00818934733111122,0.02151079433748,0.00025004101083143,0.000268235945164969,"Teakettle15","fir","ddbh_model_noBAcwdIrctnSize",0.000462714273029362
"treat_size[Burn+Thin]",-0.161352911021573,-0.206453337858689,-0.11639767355782,0.0226466899899276,0.000263244637470273,0.000264826306850923,"Teakettle15","fir","ddbh_model_noBAcwdIrctnSize",0.000512872567499887
"treat_size[Thin]",-0.182009768834352,-0.220473937129428,-0.142478149222075,0.0197011925410398,0.000229006238461546,0.000244129603824573,"Teakettle15","fir","ddbh_model_noBAcwdIrctnSize",0.000388136987539122
"int_overall",-2.13066152284403,-2.54636446161202,-1.74998072239994,0.199867628574595,0.00115584501186341,0.00577682672695716,"Teakettle15","yellow_pine","ddbh_model_noBAcwdIrctnSize",0.0399470689520323
"d2_size",-0.504076995852327,-0.730867352909403,-0.288286582279264,0.112325370828233,0.000649583529376121,0.00209956020257816,"Teakettle15","yellow_pine","ddbh_model_noBAcwdIrctnSize",0.0126169889317001
"slope_size",0.259102492598638,0.0168324212592887,0.509370668979797,0.125168237837006,0.000723854505001245,0.00231740687254606,"Teakettle15","yellow_pine","ddbh_model_noBAcwdIrctnSize",0.0156670877632213
"betaCWD",-0.380064007717927,-0.761235426593389,-0.0605009611448853,0.177527651521609,0.00102665174917255,0.00632151772256449,"Teakettle15","yellow_pine","ddbh_model_noBAcwdIrctnSize",0.0315160670547778
"int_plot_sd",0.203740614083622,0.0551730937724148,0.389003956190553,0.0838784026378196,0.000485073215624863,0.001162888333975,"Teakettle15","yellow_pine","ddbh_model_noBAcwdIrctnSize",0.00703558642907218
"int_tree_sd",0.563586123098818,0.47185686539101,0.653567700106003,0.0460213862691712,0.000266144098159486,0.00122058386049651,"Teakettle15","yellow_pine","ddbh_model_noBAcwdIrctnSize",0.00211796799413626
"obs_sd",1.76529202204148,1.69675150380371,1.83670029966645,0.0356924613628441,0.000206411381981117,0.000433336036615851,"Teakettle15","yellow_pine","ddbh_model_noBAcwdIrctnSize",0.00127395179813812
"res_sd",0.592837103274209,0.271570568352783,0.898810703669452,0.163104543663929,0.000943242157575554,0.0115319125464478,"Teakettle15","yellow_pine","ddbh_model_noBAcwdIrctnSize",0.0266030921638185
"treat_cwd[None]",0,0,0,0,0,0,"Teakettle15","yellow_pine","ddbh_model_noBAcwdIrctnSize",0
"treat_cwd[Burn]",0.364408894530695,-0.0396751390521598,0.803905590059613,0.21261149763753,0.00122954347715909,0.00727352635454022,"Teakettle15","yellow_pine","ddbh_model_noBAcwdIrctnSize",0.0452036489276734
"treat_cwd[Burn+Thin]",0.0832165385529511,-0.319293953226559,0.51926893183315,0.212742125732464,0.00123029890630494,0.00675774911204682,"Teakettle15","yellow_pine","ddbh_model_noBAcwdIrctnSize",0.0452592120611675
"treat_cwd[Thin]",0.319855754614263,-0.0582658124278894,0.742229723215762,0.202893007724948,0.00117334093866691,0.00683822609735274,"Teakettle15","yellow_pine","ddbh_model_noBAcwdIrctnSize",0.0411655725836758
"treat_mean[None]",0,0,0,0,0,0,"Teakettle15","yellow_pine","ddbh_model_noBAcwdIrctnSize",0
"treat_mean[Burn]",0.207236827466764,-0.263757457014505,0.726418989027296,0.248335804011741,0.00143613902051643,0.00609621607177777,"Teakettle15","yellow_pine","ddbh_model_noBAcwdIrctnSize",0.0616706715541578
"treat_mean[Burn+Thin]",0.634968942241916,0.198278337590473,1.11869061461067,0.229692702026891,0.00132832498085163,0.00616836912757141,"Teakettle15","yellow_pine","ddbh_model_noBAcwdIrctnSize",0.0527587373644141
"treat_mean[Thin]",0.566475536450822,0.119418906704365,1.04321214993419,0.229566951772998,0.00132759776051716,0.00593740074347251,"Teakettle15","yellow_pine","ddbh_model_noBAcwdIrctnSize",0.052700985346346
"treat_size[None]",0,0,0,0,0,0,"Teakettle15","yellow_pine","ddbh_model_noBAcwdIrctnSize",0
"treat_size[Burn]",-0.230588330531918,-0.522713266074524,0.0579884929572005,0.148525995433817,0.000858933646126455,0.00220817831691688,"Teakettle15","yellow_pine","ddbh_model_noBAcwdIrctnSize",0.0220599713196062
"treat_size[Burn+Thin]",-0.287491011195195,-0.542425016885288,-0.032965816476915,0.129918451444393,0.000751325240220057,0.00206135941338217,"Teakettle15","yellow_pine","ddbh_model_noBAcwdIrctnSize",0.0168788040257091
"treat_size[Thin]",-0.20139780585372,-0.450803858833743,0.0490190015919076,0.127925783024954,0.000739801533908372,0.00220561357123806,"Teakettle15","yellow_pine","ddbh_model_noBAcwdIrctnSize",0.0163650059625476
"int_overall",-1.57042823535504,-1.84257052003181,-1.32304985592342,0.131869151671478,0.00302449000683575,0.00354439074629295,"Teakettle15","white_pine","ddbh_model_noBAcwdIrctnSize",0.0173894731625553
"d2_size",-0.550284695455759,-0.638433723602972,-0.463611501579356,0.0441806686629186,0.00101330742764777,0.000959193029644986,"Teakettle15","white_pine","ddbh_model_noBAcwdIrctnSize",0.0019519314835026
"slope_size",0.73740993146015,0.617731802132355,0.860754663523138,0.0632448736031057,0.00145055523427286,0.00145055523427286,"Teakettle15","white_pine","ddbh_model_noBAcwdIrctnSize",0.00399991403707282
"betaCWD",-0.238931150405043,-0.40206109405758,-0.0912908192004141,0.0803029871066694,0.0018417922534927,0.00224762399375094,"Teakettle15","white_pine","ddbh_model_noBAcwdIrctnSize",0.00644856973825391
"int_plot_sd",0.191066969965204,0.110378015798145,0.309380805196684,0.051899558348979,0.00119034431931989,0.00123666438667586,"Teakettle15","white_pine","ddbh_model_noBAcwdIrctnSize",0.00269356415681908
"int_tree_sd",0.19953269119286,0.104352839030429,0.275070328953506,0.0449408072243601,0.00103074161489892,0.00178272463492235,"Teakettle15","white_pine","ddbh_model_noBAcwdIrctnSize",0.0020196761539771
"obs_sd",1.71071138151479,1.64901192073505,1.77365631348355,0.0323329221690177,0.000741572981644832,0.000741572981644832,"Teakettle15","white_pine","ddbh_model_noBAcwdIrctnSize",0.00104541785598776
"res_sd",0.948712347619543,0.855815976788651,1.04465223869359,0.047800375261862,0.00109632734775354,0.00187563548192721,"Teakettle15","white_pine","ddbh_model_noBAcwdIrctnSize",0.00228487587517483
"treat_cwd[None]",0,0,0,0,0,0,"Teakettle15","white_pine","ddbh_model_noBAcwdIrctnSize",0
"treat_cwd[Burn]",0.0444470936379209,-0.157997515865379,0.252622956175767,0.10401668207737,0.00238567861777837,0.00263994201640112,"Teakettle15","white_pine","ddbh_model_noBAcwdIrctnSize",0.0108194701503847
"treat_cwd[Burn+Thin]",0.200821157273211,0.00380725458677717,0.411790390653111,0.104950020582786,0.002407085239015,0.00263228702144604,"Teakettle15","white_pine","ddbh_model_noBAcwdIrctnSize",0.0110145068203272
"treat_cwd[Thin]",0.137260835666143,-0.0242058521113473,0.315498381491197,0.08929461601367,0.00204802010458368,0.002370658290669,"Teakettle15","white_pine","ddbh_model_noBAcwdIrctnSize",0.00797352844902877
"treat_mean[None]",0,0,0,0,0,0,"Teakettle15","white_pine","ddbh_model_noBAcwdIrctnSize",0
"treat_mean[Burn]",0.0615981722084593,-0.292818173163028,0.41295992896224,0.173497362229304,0.00397925543331141,0.00426510558512447,"Teakettle15","white_pine","ddbh_model_noBAcwdIrctnSize",0.0301013347005263
"treat_mean[Burn+Thin]",0.555444867105804,0.244219244605441,0.876500080190277,0.155418926685992,0.00356461677865327,0.00367745675895387,"Teakettle15","white_pine","ddbh_model_noBAcwdIrctnSize",0.0241550427722258
"treat_mean[Thin]",0.546321813725259,0.245146359833086,0.856413493511511,0.152923588449348,0.00350738485242379,0.00378648232354425,"Teakettle15","white_pine","ddbh_model_noBAcwdIrctnSize",0.0233856239042256
"treat_size[None]",0,0,0,0,0,0,"Teakettle15","white_pine","ddbh_model_noBAcwdIrctnSize",0
"treat_size[Burn]",-0.229870299838088,-0.362270932587519,-0.102005643976328,0.0666045222012625,0.00152761058408598,0.00152761058408598,"Teakettle15","white_pine","ddbh_model_noBAcwdIrctnSize",0.00443616237765847
"treat_size[Burn+Thin]",-0.416619701545326,-0.550440975646145,-0.276375064676975,0.0711598265455585,0.00163208894231294,0.00163208894231295,"Teakettle15","white_pine","ddbh_model_noBAcwdIrctnSize",0.00506372091399397
"treat_size[Thin]",-0.434560069202799,-0.541022146141895,-0.32575646674218,0.055786724300517,0.00127949856370775,0.00127949856370775,"Teakettle15","white_pine","ddbh_model_noBAcwdIrctnSize",0.00311215860818189
"int_overall",-1.53339840272345,-1.98421321774582,-1.08796813022092,0.227982960951298,0.00163257803320921,0.00179926973238233,"Sequoia_Tharp15","white_pine","ddbh_model_noBAcwdIrctnSizePlotPrior",0.0519762304841211
"d2_size",-0.303197430209092,-0.669928947389812,0.0702180140852448,0.187092124218293,0.00133976017729888,0.00137582046134537,"Sequoia_Tharp15","white_pine","ddbh_model_noBAcwdIrctnSizePlotPrior",0.0350034629445132
"slope_size",0.161004904786222,-0.237984705436611,0.540230117128797,0.198178016923629,0.0014191458683774,0.00148206661258039,"Sequoia_Tharp15","white_pine","ddbh_model_noBAcwdIrctnSizePlotPrior",0.0392745263917822
"betaCWD",-0.0307919913602418,-0.149135258124889,0.0843266463625151,0.0592726837867068,0.000424449621654861,0.000424449621654861,"Sequoia_Tharp15","white_pine","ddbh_model_noBAcwdIrctnSizePlotPrior",0.00351325104327893
"int_plot_sd",0.192590396298835,0.133021940733565,0.250698202197466,0.0298391994748996,0.000213677466894885,0.000213677466894885,"Sequoia_Tharp15","white_pine","ddbh_model_noBAcwdIrctnSizePlotPrior",0.000890377825302849
"int_tree_sd",0.755890395928749,0.573230729384698,0.99196750085325,0.106896236171245,0.000765480219564301,0.000779686584029862,"Sequoia_Tharp15","white_pine","ddbh_model_noBAcwdIrctnSizePlotPrior",0.0114268053075786
"obs_sd",0.605037747891483,0.518338691278609,0.698270070659068,0.0462276837575011,0.000331034831347596,0.000377275850048247,"Sequoia_Tharp15","white_pine","ddbh_model_noBAcwdIrctnSizePlotPrior",0.00213699874558353
"res_sd",0.536095206349515,0.359037973969156,0.709090229041996,0.0894570072870271,0.000640598509660708,0.000897068292702087,"Sequoia_Tharp15","white_pine","ddbh_model_noBAcwdIrctnSizePlotPrior",0.00800255615275122
"treat_cwd[None]",0,0,0,0,0,0,"Sequoia_Tharp15","white_pine","ddbh_model_noBAcwdIrctnSizePlotPrior",0
"treat_cwd[Burn]",0.0446028208976686,-0.107637704299389,0.199321521237826,0.0777813880749451,0.000556989807632171,0.000556989807632172,"Sequoia_Tharp15","white_pine","ddbh_model_noBAcwdIrctnSizePlotPrior",0.00604994433086521
"treat_cwd[NA]",0,0,0,0,0,0,"Sequoia_Tharp15","white_pine","ddbh_model_noBAcwdIrctnSizePlotPrior",0
"treat_cwd[NA]",0,0,0,0,0,0,"Sequoia_Tharp15","white_pine","ddbh_model_noBAcwdIrctnSizePlotPrior",0
"treat_mean[None]",0,0,0,0,0,0,"Sequoia_Tharp15","white_pine","ddbh_model_noBAcwdIrctnSizePlotPrior",0
"treat_mean[Burn]",0.410937212980674,-0.214929277733091,1.0489770196053,0.323281973465413,0.0023150109385802,0.00249533592655659,"Sequoia_Tharp15","white_pine","ddbh_model_noBAcwdIrctnSizePlotPrior",0.104511234367692
"treat_mean[NA]",0,0,0,0,0,0,"Sequoia_Tharp15","white_pine","ddbh_model_noBAcwdIrctnSizePlotPrior",0
"treat_mean[NA]",0,0,0,0,0,0,"Sequoia_Tharp15","white_pine","ddbh_model_noBAcwdIrctnSizePlotPrior",0
"treat_size[None]",0,0,0,0,0,0,"Sequoia_Tharp15","white_pine","ddbh_model_noBAcwdIrctnSizePlotPrior",0
"treat_size[Burn]",-0.012835042962596,-0.439842310357643,0.405662927473689,0.215557214861802,0.00154359769876974,0.00154359769876974,"Sequoia_Tharp15","white_pine","ddbh_model_noBAcwdIrctnSizePlotPrior",0.0464649128789771
"treat_size[NA]",0,0,0,0,0,0,"Sequoia_Tharp15","white_pine","ddbh_model_noBAcwdIrctnSizePlotPrior",0
"treat_size[NA]",0,0,0,0,0,0,"Sequoia_Tharp15","white_pine","ddbh_model_noBAcwdIrctnSizePlotPrior",0
"int_overall",-1.18443669076736,-1.5676812675751,-0.823755149408351,0.180800466412609,0.000898393649371647,0.00794633151832135,"UPFUb","fir","ddbh_model_noBAcwdIrctnSizeTreePrior",0.032688808655017
"d2_size",-0.381350299630219,-0.473105427271896,-0.294887635316973,0.0458086810605498,0.000227622356111461,0.000961565235409779,"UPFUb","fir","ddbh_model_noBAcwdIrctnSizeTreePrior",0.00209843526050717
"slope_size",0.564087625798558,0.475925128537925,0.657969593246201,0.0465376337017086,0.00023124450618941,0.000833024523765321,"UPFUb","fir","ddbh_model_noBAcwdIrctnSizeTreePrior",0.0021657513505544
"betaCWD",-0.184324903385594,-0.57167981532017,0.287336742283476,0.206951299264279,0.00102833657831356,0.0112267442140283,"UPFUb","fir","ddbh_model_noBAcwdIrctnSizeTreePrior",0.0428288402671732
"int_plot_sd",0.338129830360989,0.129528948110099,0.882085197237208,0.216453502319749,0.00107555282199621,0.00839181785670478,"UPFUb","fir","ddbh_model_noBAcwdIrctnSizeTreePrior",0.0468521186664856
"int_tree_sd",0.422605669014962,0.376190987826697,0.461987786433722,0.0219726459251259,0.000109181607496385,0.000692510223187805,"UPFUb","fir","ddbh_model_noBAcwdIrctnSizeTreePrior",0.000482797168950952
"obs_sd",1.12187387624928,1.05461234006044,1.19321277654534,0.0352862220883233,0.000175336482606863,0.000506978985596176,"UPFUb","fir","ddbh_model_noBAcwdIrctnSizeTreePrior",0.00124511746926648
"res_sd",0.223313546086223,0.0200750525872285,0.566388682308132,0.148273072633875,0.000736765725609899,0.0106458508791051,"UPFUb","fir","ddbh_model_noBAcwdIrctnSizeTreePrior",0.0219849040682904
"treat_cwd[None]",0,0,0,0,0,0,"UPFUb","fir","ddbh_model_noBAcwdIrctnSizeTreePrior",0
"treat_cwd[Thin]",0.378046141631882,-0.237735829106134,0.987672784773685,0.314110338561011,0.00156080755190745,0.016046805992014,"UPFUb","fir","ddbh_model_noBAcwdIrctnSizeTreePrior",0.098665304790913
"treat_cwd[NA]",0,0,0,0,0,0,"UPFUb","fir","ddbh_model_noBAcwdIrctnSizeTreePrior",0
"treat_cwd[NA]",0,0,0,0,0,0,"UPFUb","fir","ddbh_model_noBAcwdIrctnSizeTreePrior",0
"treat_mean[None]",0,0,0,0,0,0,"UPFUb","fir","ddbh_model_noBAcwdIrctnSizeTreePrior",0
"treat_mean[Thin]",0.474335940384616,-0.0461688542903569,1.07876458011485,0.266150557204223,0.00132249642444685,0.0104319802138482,"UPFUb","fir","ddbh_model_noBAcwdIrctnSizeTreePrior",0.0708361191001184
"treat_mean[NA]",0,0,0,0,0,0,"UPFUb","fir","ddbh_model_noBAcwdIrctnSizeTreePrior",0
"treat_mean[NA]",0,0,0,0,0,0,"UPFUb","fir","ddbh_model_noBAcwdIrctnSizeTreePrior",0
"treat_size[None]",0,0,0,0,0,0,"UPFUb","fir","ddbh_model_noBAcwdIrctnSizeTreePrior",0
"treat_size[Thin]",-0.345102778865509,-0.442834769351504,-0.2473649394334,0.0500429169958693,0.00024866218388243,0.000649463962288517,"UPFUb","fir","ddbh_model_noBAcwdIrctnSizeTreePrior",0.00250429354145546
"treat_size[NA]",0,0,0,0,0,0,"UPFUb","fir","ddbh_model_noBAcwdIrctnSizeTreePrior",0
"treat_size[NA]",0,0,0,0,0,0,"UPFUb","fir","ddbh_model_noBAcwdIrctnSizeTreePrior",0
