"Point.est.","Upper.C.I.","site","pft","model","param"
1.00142311838072,1.00810097798638,"Blodgett","cedar","ddbh_model","int_overall"
1.00173002437437,1.00911142609172,"Blodgett","cedar","ddbh_model","d2_size"
1.00256609392362,1.01201655763108,"Blodgett","cedar","ddbh_model","log_size"
1.00016437542693,1.00168900592755,"Blodgett","cedar","ddbh_model","betaCWD"
1.00136029475179,1.005422461031,"Blodgett","cedar","ddbh_model","int_plot_sd"
1.000136610861,1.00099761470969,"Blodgett","cedar","ddbh_model","int_tree_sd"
0.999964436596571,1.00082850663816,"Blodgett","cedar","ddbh_model","obs_sd"
1.00122657716267,1.00258135828819,"Blodgett","cedar","ddbh_model","res_sd"
1.00004094188567,1.00116418495391,"Blodgett","cedar","ddbh_model","treat_cwd[Burn]"
1.00018680201579,1.00120396962622,"Blodgett","cedar","ddbh_model","treat_cwd[Burn+Thin]"
1.00135165383526,1.00705218450952,"Blodgett","cedar","ddbh_model","treat_cwd[Thin]"
1.00096707811574,1.00459961674822,"Blodgett","cedar","ddbh_model","treat_mean[Burn]"
1.00125128287815,1.00725378356013,"Blodgett","cedar","ddbh_model","treat_mean[Burn+Thin]"
1.00260622666915,1.01376094319705,"Blodgett","cedar","ddbh_model","treat_mean[Thin]"
1.00359990829341,1.01567809654912,"Blodgett","cedar","ddbh_model","treat_size[Burn]"
0.999852155298784,1.00006900863443,"Blodgett","cedar","ddbh_model","treat_size[Burn+Thin]"
1.00049038374969,1.00240519898802,"Blodgett","cedar","ddbh_model","treat_size[Thin]"
1.00242864973175,1.00395484710311,"Blodgett","fir","ddbh_model","int_overall"
1.01244795644276,1.05315111797823,"Blodgett","fir","ddbh_model","d2_size"
1.00882309412367,1.03611407830115,"Blodgett","fir","ddbh_model","log_size"
1.00112309423412,1.00581775907202,"Blodgett","fir","ddbh_model","betaCWD"
1.00096056842422,1.00105743466681,"Blodgett","fir","ddbh_model","int_plot_sd"
1.00120774400398,1.00593713512473,"Blodgett","fir","ddbh_model","int_tree_sd"
1.00070792724863,1.00375980506896,"Blodgett","fir","ddbh_model","obs_sd"
1.00824569113689,1.03580967754537,"Blodgett","fir","ddbh_model","res_sd"
1.00124759581089,1.00492199057055,"Blodgett","fir","ddbh_model","treat_cwd[Burn]"
1.00190796785026,1.00968726877089,"Blodgett","fir","ddbh_model","treat_cwd[Burn+Thin]"
1.00063790060694,1.0034050393176,"Blodgett","fir","ddbh_model","treat_cwd[Thin]"
1.0093250308368,1.04499809275045,"Blodgett","fir","ddbh_model","treat_mean[Burn]"
1.00492902197499,1.02261567466093,"Blodgett","fir","ddbh_model","treat_mean[Burn+Thin]"
1.01786269517842,1.07966768525041,"Blodgett","fir","ddbh_model","treat_mean[Thin]"
1.00019461054581,1.00119889257321,"Blodgett","fir","ddbh_model","treat_size[Burn]"
0.99997851150312,0.999997299468445,"Blodgett","fir","ddbh_model","treat_size[Burn+Thin]"
1.00119039751082,1.00570527144036,"Blodgett","fir","ddbh_model","treat_size[Thin]"
1.00130959253983,1.0066193445779,"Blodgett","yellow_pine","ddbh_model","int_overall"
1.00571201745019,1.02802734351336,"Blodgett","yellow_pine","ddbh_model","d2_size"
1.00529709399764,1.02586466298086,"Blodgett","yellow_pine","ddbh_model","log_size"
1.00057550144653,1.00306715881897,"Blodgett","yellow_pine","ddbh_model","betaCWD"
1.00180796531407,1.00264723347298,"Blodgett","yellow_pine","ddbh_model","int_plot_sd"
1.00042372940081,1.00229924413727,"Blodgett","yellow_pine","ddbh_model","int_tree_sd"
1.00020339988218,1.00121059729621,"Blodgett","yellow_pine","ddbh_model","obs_sd"
1.00392861210075,1.01952845984371,"Blodgett","yellow_pine","ddbh_model","res_sd"
1.00076650753897,1.00403482077746,"Blodgett","yellow_pine","ddbh_model","treat_cwd[Burn]"
1.00011683013309,1.00013535224896,"Blodgett","yellow_pine","ddbh_model","treat_cwd[Burn+Thin]"
1.00013060380709,1.00083557742775,"Blodgett","yellow_pine","ddbh_model","treat_cwd[Thin]"
1.00170389729419,1.00597700977924,"Blodgett","yellow_pine","ddbh_model","treat_mean[Burn]"
1.00086396931717,1.00223772539999,"Blodgett","yellow_pine","ddbh_model","treat_mean[Burn+Thin]"
1.00110097343038,1.00138784945595,"Blodgett","yellow_pine","ddbh_model","treat_mean[Thin]"
1.00007466772246,1.00035889792035,"Blodgett","yellow_pine","ddbh_model","treat_size[Burn]"
1.00088071945632,1.00428735253261,"Blodgett","yellow_pine","ddbh_model","treat_size[Burn+Thin]"
1.00232301112617,1.00988109555163,"Blodgett","yellow_pine","ddbh_model","treat_size[Thin]"
1.00101019303252,1.00271556051659,"Blodgett","white_pine","ddbh_model","int_overall"
1.000504783899,1.00269419295859,"Blodgett","white_pine","ddbh_model","d2_size"
0.999971159155069,1.00006115470584,"Blodgett","white_pine","ddbh_model","log_size"
0.999971682450908,1.00000468555971,"Blodgett","white_pine","ddbh_model","betaCWD"
1.00012102964621,1.00023425927165,"Blodgett","white_pine","ddbh_model","int_plot_sd"
1.00006108288046,1.00011476656955,"Blodgett","white_pine","ddbh_model","int_tree_sd"
1.00061217429441,1.00277013466627,"Blodgett","white_pine","ddbh_model","obs_sd"
1.00407483303494,1.02025202776678,"Blodgett","white_pine","ddbh_model","res_sd"
0.999964853683546,0.999967303928326,"Blodgett","white_pine","ddbh_model","treat_cwd[Burn]"
0.999988853875406,1.00005824802273,"Blodgett","white_pine","ddbh_model","treat_cwd[Burn+Thin]"
1.00011675132765,1.00078249350407,"Blodgett","white_pine","ddbh_model","treat_cwd[Thin]"
0.999967177360835,1.0000138808892,"Blodgett","white_pine","ddbh_model","treat_mean[Burn]"
0.999965098240718,0.999965449282029,"Blodgett","white_pine","ddbh_model","treat_mean[Burn+Thin]"
1.00008831811567,1.00009621731514,"Blodgett","white_pine","ddbh_model","treat_mean[Thin]"
1.00057595213179,1.00291712508428,"Blodgett","white_pine","ddbh_model","treat_size[Burn]"
1.00095168117497,1.00447074530801,"Blodgett","white_pine","ddbh_model","treat_size[Burn+Thin]"
1.00005683721284,1.00047884730548,"Blodgett","white_pine","ddbh_model","treat_size[Thin]"
1.00040198874553,1.00118803276857,"LaTour15","fir","ddbh_model_noBAcwdIrctnSize","int_overall"
1.00228438582407,1.01159605319413,"LaTour15","fir","ddbh_model_noBAcwdIrctnSize","d2_size"
1.00109274753978,1.00569479889661,"LaTour15","fir","ddbh_model_noBAcwdIrctnSize","slope_size"
1.00055801954937,1.00305063524775,"LaTour15","fir","ddbh_model_noBAcwdIrctnSize","betaCWD"
1.00060900405771,1.00081152126321,"LaTour15","fir","ddbh_model_noBAcwdIrctnSize","int_plot_sd"
1.00116726384582,1.00222476862353,"LaTour15","fir","ddbh_model_noBAcwdIrctnSize","int_tree_sd"
1.00013589727874,1.00032249533047,"LaTour15","fir","ddbh_model_noBAcwdIrctnSize","obs_sd"
1.00040042745376,1.00082867149062,"LaTour15","fir","ddbh_model_noBAcwdIrctnSize","res_sd"
1.00090534206679,1.00338152938436,"LaTour15","fir","ddbh_model_noBAcwdIrctnSize","treat_cwd[Thin]"
1.00033898501113,1.00044898777788,"LaTour15","fir","ddbh_model_noBAcwdIrctnSize","treat_mean[Thin]"
1.00008892335978,1.00065686487076,"LaTour15","fir","ddbh_model_noBAcwdIrctnSize","treat_size[Thin]"
1.00507833657791,1.02487534728513,"Sequoia_FFS15","cedar","ddbh_model_noBAcwdIrctnSizePlotPrior","int_overall"
1.00063618594782,1.00074655081724,"Sequoia_FFS15","cedar","ddbh_model_noBAcwdIrctnSizePlotPrior","d2_size"
1.00028750056484,1.00180627721633,"Sequoia_FFS15","cedar","ddbh_model_noBAcwdIrctnSizePlotPrior","slope_size"
1.00029093486586,1.00084216143251,"Sequoia_FFS15","cedar","ddbh_model_noBAcwdIrctnSizePlotPrior","betaCWD"
1.00044443646996,1.00155697013679,"Sequoia_FFS15","cedar","ddbh_model_noBAcwdIrctnSizePlotPrior","int_plot_sd"
1.00025683346359,1.00163407299218,"Sequoia_FFS15","cedar","ddbh_model_noBAcwdIrctnSizePlotPrior","int_tree_sd"
1.00063677400487,1.0029766156049,"Sequoia_FFS15","cedar","ddbh_model_noBAcwdIrctnSizePlotPrior","obs_sd"
1.00921784760897,1.03712655646404,"Sequoia_FFS15","cedar","ddbh_model_noBAcwdIrctnSizePlotPrior","res_sd"
1.00034025688373,1.00205190980009,"Sequoia_FFS15","cedar","ddbh_model_noBAcwdIrctnSizePlotPrior","treat_cwd[Burn]"
1.00098734406205,1.0042960351275,"Sequoia_FFS15","cedar","ddbh_model_noBAcwdIrctnSizePlotPrior","treat_mean[Burn]"
1.00024819744151,1.00160542576496,"Sequoia_FFS15","cedar","ddbh_model_noBAcwdIrctnSizePlotPrior","treat_size[Burn]"
1.0009841476172,1.00389748081639,"Sequoia_FFS15","fir","ddbh_model_noBAcwdIrctnSizePlotPrior","int_overall"
1.00032640171867,1.00239588908984,"Sequoia_FFS15","fir","ddbh_model_noBAcwdIrctnSizePlotPrior","d2_size"
1.0005585838943,1.0035634458147,"Sequoia_FFS15","fir","ddbh_model_noBAcwdIrctnSizePlotPrior","slope_size"
1.00032749592255,1.00146366153437,"Sequoia_FFS15","fir","ddbh_model_noBAcwdIrctnSizePlotPrior","betaCWD"
1.00058720974311,1.00098266654509,"Sequoia_FFS15","fir","ddbh_model_noBAcwdIrctnSizePlotPrior","int_plot_sd"
1.0003744643609,1.00267038638482,"Sequoia_FFS15","fir","ddbh_model_noBAcwdIrctnSizePlotPrior","int_tree_sd"
1.00002893810993,1.00035013215523,"Sequoia_FFS15","fir","ddbh_model_noBAcwdIrctnSizePlotPrior","obs_sd"
0.999948118979385,1.00001044535279,"Sequoia_FFS15","fir","ddbh_model_noBAcwdIrctnSizePlotPrior","res_sd"
1.00019519958245,1.00163746544078,"Sequoia_FFS15","fir","ddbh_model_noBAcwdIrctnSizePlotPrior","treat_cwd[Burn]"
1.00365415478937,1.01759512333805,"Sequoia_FFS15","fir","ddbh_model_noBAcwdIrctnSizePlotPrior","treat_mean[Burn]"
0.999899860439661,1.0003174729667,"Sequoia_FFS15","fir","ddbh_model_noBAcwdIrctnSizePlotPrior","treat_size[Burn]"
1.00030366035576,1.0016582720459,"Sequoia_FFS15","white_pine","ddbh_model_noBAcwdIrctnSizePlotPrior","int_overall"
1.00232142707017,1.01157000602759,"Sequoia_FFS15","white_pine","ddbh_model_noBAcwdIrctnSizePlotPrior","d2_size"
1.00277893440929,1.01330051781141,"Sequoia_FFS15","white_pine","ddbh_model_noBAcwdIrctnSizePlotPrior","slope_size"
1.00180457422953,1.00787400260749,"Sequoia_FFS15","white_pine","ddbh_model_noBAcwdIrctnSizePlotPrior","betaCWD"
0.999951446563174,0.999960580152276,"Sequoia_FFS15","white_pine","ddbh_model_noBAcwdIrctnSizePlotPrior","int_plot_sd"
1.00185269799146,1.0084410847614,"Sequoia_FFS15","white_pine","ddbh_model_noBAcwdIrctnSizePlotPrior","int_tree_sd"
1.00211738586707,1.00988977855393,"Sequoia_FFS15","white_pine","ddbh_model_noBAcwdIrctnSizePlotPrior","obs_sd"
1.00738856523738,1.03598967196871,"Sequoia_FFS15","white_pine","ddbh_model_noBAcwdIrctnSizePlotPrior","res_sd"
1.00139253515688,1.00713502092055,"Sequoia_FFS15","white_pine","ddbh_model_noBAcwdIrctnSizePlotPrior","treat_cwd[Burn]"
1.00010487313088,1.00060377910277,"Sequoia_FFS15","white_pine","ddbh_model_noBAcwdIrctnSizePlotPrior","treat_mean[Burn]"
1.00128037660913,1.00219483132773,"Sequoia_FFS15","white_pine","ddbh_model_noBAcwdIrctnSizePlotPrior","treat_size[Burn]"
1.00428246904347,1.02187015008918,"Sequoia_Tharp15","fir","ddbh_model_noBAcwdIrctnSizePlotPrior","int_overall"
1.00043707769598,1.00502477631281,"Sequoia_Tharp15","fir","ddbh_model_noBAcwdIrctnSizePlotPrior","d2_size"
1.00191395105681,1.01174530762073,"Sequoia_Tharp15","fir","ddbh_model_noBAcwdIrctnSizePlotPrior","slope_size"
1.00097451143687,1.00666569721961,"Sequoia_Tharp15","fir","ddbh_model_noBAcwdIrctnSizePlotPrior","betaCWD"
1.00166601636179,1.00415217246916,"Sequoia_Tharp15","fir","ddbh_model_noBAcwdIrctnSizePlotPrior","int_plot_sd"
0.999570629779334,1.0001562801867,"Sequoia_Tharp15","fir","ddbh_model_noBAcwdIrctnSizePlotPrior","int_tree_sd"
1.00536857530618,1.01030631088668,"Sequoia_Tharp15","fir","ddbh_model_noBAcwdIrctnSizePlotPrior","obs_sd"
1.00478859113745,1.02285513274588,"Sequoia_Tharp15","fir","ddbh_model_noBAcwdIrctnSizePlotPrior","res_sd"
1.00238157080341,1.00288121642194,"Sequoia_Tharp15","fir","ddbh_model_noBAcwdIrctnSizePlotPrior","treat_cwd[Burn]"
1.00587296066881,1.02888775858784,"Sequoia_Tharp15","fir","ddbh_model_noBAcwdIrctnSizePlotPrior","treat_mean[Burn]"
1.0016819054908,1.0055490941093,"Sequoia_Tharp15","fir","ddbh_model_noBAcwdIrctnSizePlotPrior","treat_size[Burn]"
1.00016673460508,1.00036516321127,"STEF-VDT15","cedar","ddbh_model_noBAcwdIrctnSize","int_overall"
0.999963122278456,0.999963163664319,"STEF-VDT15","cedar","ddbh_model_noBAcwdIrctnSize","d2_size"
0.99992057132954,0.999999487990012,"STEF-VDT15","cedar","ddbh_model_noBAcwdIrctnSize","slope_size"
1.00071389566239,1.00372094325523,"STEF-VDT15","cedar","ddbh_model_noBAcwdIrctnSize","betaCWD"
1.00029820439265,1.00175701211499,"STEF-VDT15","cedar","ddbh_model_noBAcwdIrctnSize","int_plot_sd"
1.00060065480772,1.00321570872311,"STEF-VDT15","cedar","ddbh_model_noBAcwdIrctnSize","int_tree_sd"
1.0027481269311,1.01358791301511,"STEF-VDT15","cedar","ddbh_model_noBAcwdIrctnSize","obs_sd"
1.00701409294437,1.02873699720503,"STEF-VDT15","cedar","ddbh_model_noBAcwdIrctnSize","res_sd"
1.00054879393318,1.00234742532265,"STEF-VDT15","cedar","ddbh_model_noBAcwdIrctnSize","treat_cwd[Burn]"
1.00044429349166,1.00065381356526,"STEF-VDT15","cedar","ddbh_model_noBAcwdIrctnSize","treat_cwd[Burn+Thin]"
1.00005560395184,1.00056908230828,"STEF-VDT15","cedar","ddbh_model_noBAcwdIrctnSize","treat_cwd[Thin]"
0.999977668820345,0.999980120091421,"STEF-VDT15","cedar","ddbh_model_noBAcwdIrctnSize","treat_mean[Burn]"
0.999974644451582,1.00026151480972,"STEF-VDT15","cedar","ddbh_model_noBAcwdIrctnSize","treat_mean[Burn+Thin]"
0.999989081604042,1.00008800890662,"STEF-VDT15","cedar","ddbh_model_noBAcwdIrctnSize","treat_mean[Thin]"
1.00028401513985,1.00127468106274,"STEF-VDT15","cedar","ddbh_model_noBAcwdIrctnSize","treat_size[Burn]"
0.999957355195838,0.999981825710396,"STEF-VDT15","cedar","ddbh_model_noBAcwdIrctnSize","treat_size[Burn+Thin]"
0.999929814365882,0.999962016563012,"STEF-VDT15","cedar","ddbh_model_noBAcwdIrctnSize","treat_size[Thin]"
1.00358257973941,1.01638258033794,"STEF-VDT15","fir","ddbh_model_noBAcwdIrctnSize","int_overall"
1.00169660704887,1.00172312156305,"STEF-VDT15","fir","ddbh_model_noBAcwdIrctnSize","d2_size"
1.00103604201294,1.00513875667262,"STEF-VDT15","fir","ddbh_model_noBAcwdIrctnSize","slope_size"
1.00247956470161,1.01222477214813,"STEF-VDT15","fir","ddbh_model_noBAcwdIrctnSize","betaCWD"
1.00126716988602,1.0040627403441,"STEF-VDT15","fir","ddbh_model_noBAcwdIrctnSize","int_plot_sd"
1.00022993343843,1.00098196900536,"STEF-VDT15","fir","ddbh_model_noBAcwdIrctnSize","int_tree_sd"
1.0005010580438,1.00090406982097,"STEF-VDT15","fir","ddbh_model_noBAcwdIrctnSize","obs_sd"
1.00243794174071,1.00684840009029,"STEF-VDT15","fir","ddbh_model_noBAcwdIrctnSize","res_sd"
1.00801715557331,1.03427164023891,"STEF-VDT15","fir","ddbh_model_noBAcwdIrctnSize","treat_cwd[Burn]"
1.00275589609807,1.00420629201354,"STEF-VDT15","fir","ddbh_model_noBAcwdIrctnSize","treat_cwd[Burn+Thin]"
1.00165810509767,1.00701724342007,"STEF-VDT15","fir","ddbh_model_noBAcwdIrctnSize","treat_cwd[Thin]"
1.00103083837266,1.00110944145394,"STEF-VDT15","fir","ddbh_model_noBAcwdIrctnSize","treat_mean[Burn]"
1.00695286333702,1.01595835392779,"STEF-VDT15","fir","ddbh_model_noBAcwdIrctnSize","treat_mean[Burn+Thin]"
1.00538907455415,1.02557831996437,"STEF-VDT15","fir","ddbh_model_noBAcwdIrctnSize","treat_mean[Thin]"
1.00511626127733,1.02514012202943,"STEF-VDT15","fir","ddbh_model_noBAcwdIrctnSize","treat_size[Burn]"
1.00098299065537,1.00151288597767,"STEF-VDT15","fir","ddbh_model_noBAcwdIrctnSize","treat_size[Burn+Thin]"
1.00055273812174,1.0018627206624,"STEF-VDT15","fir","ddbh_model_noBAcwdIrctnSize","treat_size[Thin]"
1.00026757148031,1.00137579145398,"STEF-VDT15","yellow_pine","ddbh_model_noBAcwdIrctnSize","int_overall"
1.0000473629945,1.00006575026504,"STEF-VDT15","yellow_pine","ddbh_model_noBAcwdIrctnSize","d2_size"
0.99999028854833,1.00002122774742,"STEF-VDT15","yellow_pine","ddbh_model_noBAcwdIrctnSize","slope_size"
1.00010988108124,1.00012288943517,"STEF-VDT15","yellow_pine","ddbh_model_noBAcwdIrctnSize","betaCWD"
1.00023035314412,1.00078247846342,"STEF-VDT15","yellow_pine","ddbh_model_noBAcwdIrctnSize","int_plot_sd"
1.00001656557903,1.00002177351271,"STEF-VDT15","yellow_pine","ddbh_model_noBAcwdIrctnSize","int_tree_sd"
1.00000720959522,1.00002997695359,"STEF-VDT15","yellow_pine","ddbh_model_noBAcwdIrctnSize","obs_sd"
1.00024649231368,1.00062839466134,"STEF-VDT15","yellow_pine","ddbh_model_noBAcwdIrctnSize","res_sd"
1.00101349664476,1.00444612623641,"STEF-VDT15","yellow_pine","ddbh_model_noBAcwdIrctnSize","treat_cwd[Burn]"
1.00000473410472,1.00008690257295,"STEF-VDT15","yellow_pine","ddbh_model_noBAcwdIrctnSize","treat_cwd[Burn+Thin]"
1.00009537827785,1.00015409109434,"STEF-VDT15","yellow_pine","ddbh_model_noBAcwdIrctnSize","treat_cwd[Thin]"
1.00005820908024,1.0003100446978,"STEF-VDT15","yellow_pine","ddbh_model_noBAcwdIrctnSize","treat_mean[Burn]"
1.00042822923583,1.00202932173107,"STEF-VDT15","yellow_pine","ddbh_model_noBAcwdIrctnSize","treat_mean[Burn+Thin]"
1.00008221716015,1.00046230286934,"STEF-VDT15","yellow_pine","ddbh_model_noBAcwdIrctnSize","treat_mean[Thin]"
1.00080883179854,1.00223806749357,"STEF-VDT15","yellow_pine","ddbh_model_noBAcwdIrctnSize","treat_size[Burn]"
1.00006081549682,1.00007776566506,"STEF-VDT15","yellow_pine","ddbh_model_noBAcwdIrctnSize","treat_size[Burn+Thin]"
1.00011013980747,1.00056169852298,"STEF-VDT15","yellow_pine","ddbh_model_noBAcwdIrctnSize","treat_size[Thin]"
1.00033344315305,1.00168136169739,"STEF-VDT15","white_pine","ddbh_model_noBAcwdIrctnSize","int_overall"
1.00106281318238,1.00294774938382,"STEF-VDT15","white_pine","ddbh_model_noBAcwdIrctnSize","d2_size"
1.00140486887408,1.00718642877841,"STEF-VDT15","white_pine","ddbh_model_noBAcwdIrctnSize","slope_size"
1.00124663026892,1.00158375762776,"STEF-VDT15","white_pine","ddbh_model_noBAcwdIrctnSize","betaCWD"
1.00094185624346,1.00324693919386,"STEF-VDT15","white_pine","ddbh_model_noBAcwdIrctnSize","int_plot_sd"
1.00042167285052,1.00231340659538,"STEF-VDT15","white_pine","ddbh_model_noBAcwdIrctnSize","int_tree_sd"
1.00009050968769,1.00042208439033,"STEF-VDT15","white_pine","ddbh_model_noBAcwdIrctnSize","obs_sd"
1.00218771491883,1.0063253964061,"STEF-VDT15","white_pine","ddbh_model_noBAcwdIrctnSize","res_sd"
1.00270548085188,1.00754301673838,"STEF-VDT15","white_pine","ddbh_model_noBAcwdIrctnSize","treat_cwd[Burn]"
1.00176236946639,1.00472505483431,"STEF-VDT15","white_pine","ddbh_model_noBAcwdIrctnSize","treat_cwd[Burn+Thin]"
1.00054425309559,1.00077123181821,"STEF-VDT15","white_pine","ddbh_model_noBAcwdIrctnSize","treat_cwd[Thin]"
1.00155704007486,1.00156945159906,"STEF-VDT15","white_pine","ddbh_model_noBAcwdIrctnSize","treat_mean[Burn]"
1.00203606934652,1.01016475614489,"STEF-VDT15","white_pine","ddbh_model_noBAcwdIrctnSize","treat_mean[Burn+Thin]"
1.00111133538379,1.00176521935633,"STEF-VDT15","white_pine","ddbh_model_noBAcwdIrctnSize","treat_mean[Thin]"
1.00229645130599,1.00950917846687,"STEF-VDT15","white_pine","ddbh_model_noBAcwdIrctnSize","treat_size[Burn]"
1.00047540958755,1.00224823396493,"STEF-VDT15","white_pine","ddbh_model_noBAcwdIrctnSize","treat_size[Burn+Thin]"
1.0002218304985,1.00089574486397,"STEF-VDT15","white_pine","ddbh_model_noBAcwdIrctnSize","treat_size[Thin]"
1.01097607136618,1.01217121136118,"Teakettle15","cedar","ddbh_model_noBAcwdIrctnSize","int_overall"
1.00016368774535,1.00139215681431,"Teakettle15","cedar","ddbh_model_noBAcwdIrctnSize","d2_size"
0.999908840072397,1.00007473386369,"Teakettle15","cedar","ddbh_model_noBAcwdIrctnSize","slope_size"
1.00093171549555,1.00500722925968,"Teakettle15","cedar","ddbh_model_noBAcwdIrctnSize","betaCWD"
1.00126680283085,1.00438395665367,"Teakettle15","cedar","ddbh_model_noBAcwdIrctnSize","int_plot_sd"
1.00124705829854,1.00155556837144,"Teakettle15","cedar","ddbh_model_noBAcwdIrctnSize","int_tree_sd"
0.999950552365218,1.00042490573702,"Teakettle15","cedar","ddbh_model_noBAcwdIrctnSize","obs_sd"
1.00737254206385,1.0292379646486,"Teakettle15","cedar","ddbh_model_noBAcwdIrctnSize","res_sd"
1.00014916632385,1.00125413255684,"Teakettle15","cedar","ddbh_model_noBAcwdIrctnSize","treat_cwd[Burn]"
1.00093950609149,1.00530908536446,"Teakettle15","cedar","ddbh_model_noBAcwdIrctnSize","treat_cwd[Burn+Thin]"
1.00128467662088,1.00472385860696,"Teakettle15","cedar","ddbh_model_noBAcwdIrctnSize","treat_cwd[Thin]"
1.00558312941931,1.00705198044804,"Teakettle15","cedar","ddbh_model_noBAcwdIrctnSize","treat_mean[Burn]"
1.00426554244988,1.00475949220124,"Teakettle15","cedar","ddbh_model_noBAcwdIrctnSize","treat_mean[Burn+Thin]"
1.00644816354522,1.01000073860237,"Teakettle15","cedar","ddbh_model_noBAcwdIrctnSize","treat_mean[Thin]"
1.00037167553013,1.00230711224518,"Teakettle15","cedar","ddbh_model_noBAcwdIrctnSize","treat_size[Burn]"
1.00039340002691,1.00158002693183,"Teakettle15","cedar","ddbh_model_noBAcwdIrctnSize","treat_size[Burn+Thin]"
1.00004370107081,1.00026822223051,"Teakettle15","cedar","ddbh_model_noBAcwdIrctnSize","treat_size[Thin]"
1.00554460623043,1.02683247625453,"Teakettle15","fir","ddbh_model_noBAcwdIrctnSize","int_overall"
1.00017733952969,1.00017830205586,"Teakettle15","fir","ddbh_model_noBAcwdIrctnSize","d2_size"
1.00045378735185,1.00289863130225,"Teakettle15","fir","ddbh_model_noBAcwdIrctnSize","slope_size"
1.00024865271264,1.00121403624451,"Teakettle15","fir","ddbh_model_noBAcwdIrctnSize","betaCWD"
0.999949913825758,0.999988487770623,"Teakettle15","fir","ddbh_model_noBAcwdIrctnSize","int_plot_sd"
0.999867336550406,0.999900696730771,"Teakettle15","fir","ddbh_model_noBAcwdIrctnSize","int_tree_sd"
0.999876132295701,0.999999945575559,"Teakettle15","fir","ddbh_model_noBAcwdIrctnSize","obs_sd"
1.00189781298361,1.00611571092713,"Teakettle15","fir","ddbh_model_noBAcwdIrctnSize","res_sd"
1.00007365452772,1.00076968683953,"Teakettle15","fir","ddbh_model_noBAcwdIrctnSize","treat_cwd[Burn]"
1.00002775095142,1.00046506598447,"Teakettle15","fir","ddbh_model_noBAcwdIrctnSize","treat_cwd[Burn+Thin]"
1.00020210726563,1.00126091500263,"Teakettle15","fir","ddbh_model_noBAcwdIrctnSize","treat_cwd[Thin]"
1.0011947400422,1.00469426502237,"Teakettle15","fir","ddbh_model_noBAcwdIrctnSize","treat_mean[Burn]"
1.00386402435099,1.01699855093639,"Teakettle15","fir","ddbh_model_noBAcwdIrctnSize","treat_mean[Burn+Thin]"
1.00325649301363,1.01667262499057,"Teakettle15","fir","ddbh_model_noBAcwdIrctnSize","treat_mean[Thin]"
1.00041278746103,1.00254258167139,"Teakettle15","fir","ddbh_model_noBAcwdIrctnSize","treat_size[Burn]"
1.00060828320889,1.00358496608868,"Teakettle15","fir","ddbh_model_noBAcwdIrctnSize","treat_size[Burn+Thin]"
1.00068964725296,1.00406722664184,"Teakettle15","fir","ddbh_model_noBAcwdIrctnSize","treat_size[Thin]"
1.00010869725928,1.00091630815894,"Teakettle15","yellow_pine","ddbh_model_noBAcwdIrctnSize","int_overall"
1.0044249586259,1.01741052446339,"Teakettle15","yellow_pine","ddbh_model_noBAcwdIrctnSize","d2_size"
1.00571520358475,1.02827059493954,"Teakettle15","yellow_pine","ddbh_model_noBAcwdIrctnSize","slope_size"
1.00024733367266,1.00101582881147,"Teakettle15","yellow_pine","ddbh_model_noBAcwdIrctnSize","betaCWD"
0.999882052456852,1.00008927340551,"Teakettle15","yellow_pine","ddbh_model_noBAcwdIrctnSize","int_plot_sd"
1.00271168122991,1.00809977043997,"Teakettle15","yellow_pine","ddbh_model_noBAcwdIrctnSize","int_tree_sd"
1.0005257659973,1.00239744682869,"Teakettle15","yellow_pine","ddbh_model_noBAcwdIrctnSize","obs_sd"
1.01822810662137,1.02415897781825,"Teakettle15","yellow_pine","ddbh_model_noBAcwdIrctnSize","res_sd"
1.00152525989114,1.00383341644801,"Teakettle15","yellow_pine","ddbh_model_noBAcwdIrctnSize","treat_cwd[Burn]"
1.0009616223493,1.00311856770858,"Teakettle15","yellow_pine","ddbh_model_noBAcwdIrctnSize","treat_cwd[Burn+Thin]"
1.00080079504963,1.00435964214259,"Teakettle15","yellow_pine","ddbh_model_noBAcwdIrctnSize","treat_cwd[Thin]"
1.0001898599869,1.00147876039771,"Teakettle15","yellow_pine","ddbh_model_noBAcwdIrctnSize","treat_mean[Burn]"
1.00034132966455,1.0012344027547,"Teakettle15","yellow_pine","ddbh_model_noBAcwdIrctnSize","treat_mean[Burn+Thin]"
1.00127006825074,1.00625656098188,"Teakettle15","yellow_pine","ddbh_model_noBAcwdIrctnSize","treat_mean[Thin]"
1.00145857918726,1.00793797441393,"Teakettle15","yellow_pine","ddbh_model_noBAcwdIrctnSize","treat_size[Burn]"
1.00140507321663,1.00676615698281,"Teakettle15","yellow_pine","ddbh_model_noBAcwdIrctnSize","treat_size[Burn+Thin]"
1.000745997104,1.00427776415185,"Teakettle15","yellow_pine","ddbh_model_noBAcwdIrctnSize","treat_size[Thin]"
0.99978191869189,1.00086342872374,"Teakettle15","white_pine","ddbh_model_noBAcwdIrctnSize","int_overall"
1.00126327496018,1.0082425128879,"Teakettle15","white_pine","ddbh_model_noBAcwdIrctnSize","d2_size"
1.00376310143161,1.01946911256625,"Teakettle15","white_pine","ddbh_model_noBAcwdIrctnSize","slope_size"
1.00341967933556,1.01187705211242,"Teakettle15","white_pine","ddbh_model_noBAcwdIrctnSize","betaCWD"
1.00029914462768,1.00248277613725,"Teakettle15","white_pine","ddbh_model_noBAcwdIrctnSize","int_plot_sd"
1.00403484749217,1.01171502147329,"Teakettle15","white_pine","ddbh_model_noBAcwdIrctnSize","int_tree_sd"
1.00024422280442,1.00240573164234,"Teakettle15","white_pine","ddbh_model_noBAcwdIrctnSize","obs_sd"
1.00241153567162,1.00550089282744,"Teakettle15","white_pine","ddbh_model_noBAcwdIrctnSize","res_sd"
1.00322775217824,1.01314585479123,"Teakettle15","white_pine","ddbh_model_noBAcwdIrctnSize","treat_cwd[Burn]"
1.00072493598606,1.00074151445596,"Teakettle15","white_pine","ddbh_model_noBAcwdIrctnSize","treat_cwd[Burn+Thin]"
1.00261738597874,1.00398630916516,"Teakettle15","white_pine","ddbh_model_noBAcwdIrctnSize","treat_cwd[Thin]"
1.00112799239656,1.00753471204641,"Teakettle15","white_pine","ddbh_model_noBAcwdIrctnSize","treat_mean[Burn]"
1.00119489617332,1.0042304827967,"Teakettle15","white_pine","ddbh_model_noBAcwdIrctnSize","treat_mean[Burn+Thin]"
0.999867127145784,1.0003694656083,"Teakettle15","white_pine","ddbh_model_noBAcwdIrctnSize","treat_mean[Thin]"
1.00051119962181,1.00360604582558,"Teakettle15","white_pine","ddbh_model_noBAcwdIrctnSize","treat_size[Burn]"
0.99947751431253,0.999483570745225,"Teakettle15","white_pine","ddbh_model_noBAcwdIrctnSize","treat_size[Burn+Thin]"
1.00121100486803,1.00812025237403,"Teakettle15","white_pine","ddbh_model_noBAcwdIrctnSize","treat_size[Thin]"
1.00025430312214,1.00099474403726,"Sequoia_Tharp15","white_pine","ddbh_model_noBAcwdIrctnSizePlotPrior","int_overall"
1.00006543257431,1.00044619166046,"Sequoia_Tharp15","white_pine","ddbh_model_noBAcwdIrctnSizePlotPrior","d2_size"
0.999953234913787,0.999967811844615,"Sequoia_Tharp15","white_pine","ddbh_model_noBAcwdIrctnSizePlotPrior","slope_size"
0.999998493977055,0.999999759122428,"Sequoia_Tharp15","white_pine","ddbh_model_noBAcwdIrctnSizePlotPrior","betaCWD"
1.00009785570996,1.00009907507801,"Sequoia_Tharp15","white_pine","ddbh_model_noBAcwdIrctnSizePlotPrior","int_plot_sd"
1.00010779126579,1.00037096652608,"Sequoia_Tharp15","white_pine","ddbh_model_noBAcwdIrctnSizePlotPrior","int_tree_sd"
0.999989135752708,0.999994429891019,"Sequoia_Tharp15","white_pine","ddbh_model_noBAcwdIrctnSizePlotPrior","obs_sd"
1.00022084941476,1.0002278704956,"Sequoia_Tharp15","white_pine","ddbh_model_noBAcwdIrctnSizePlotPrior","res_sd"
1.00000235335285,1.00006782063314,"Sequoia_Tharp15","white_pine","ddbh_model_noBAcwdIrctnSizePlotPrior","treat_cwd[Burn]"
1.00016036999699,1.00100935960442,"Sequoia_Tharp15","white_pine","ddbh_model_noBAcwdIrctnSizePlotPrior","treat_mean[Burn]"
1.00003457676415,1.00025795753934,"Sequoia_Tharp15","white_pine","ddbh_model_noBAcwdIrctnSizePlotPrior","treat_size[Burn]"
1.00431059422571,1.00761353088302,"UPFUb","fir","ddbh_model_noBAcwdIrctnSizeTreePrior","int_overall"
1.00008358504849,1.00044530010214,"UPFUb","fir","ddbh_model_noBAcwdIrctnSizeTreePrior","d2_size"
1.00015689064432,1.0007567291209,"UPFUb","fir","ddbh_model_noBAcwdIrctnSizeTreePrior","slope_size"
1.02865481427144,1.03473441831116,"UPFUb","fir","ddbh_model_noBAcwdIrctnSizeTreePrior","betaCWD"
1.05781386432905,1.11113909844724,"UPFUb","fir","ddbh_model_noBAcwdIrctnSizeTreePrior","int_plot_sd"
1.00056890572627,1.00199180141781,"UPFUb","fir","ddbh_model_noBAcwdIrctnSizeTreePrior","int_tree_sd"
1.00069059412413,1.00200064307163,"UPFUb","fir","ddbh_model_noBAcwdIrctnSizeTreePrior","obs_sd"
1.00061382874095,1.00317020090664,"UPFUb","fir","ddbh_model_noBAcwdIrctnSizeTreePrior","res_sd"
1.05820660487009,1.07610861425129,"UPFUb","fir","ddbh_model_noBAcwdIrctnSizeTreePrior","treat_cwd[Thin]"
1.00718994518875,1.01117913227449,"UPFUb","fir","ddbh_model_noBAcwdIrctnSizeTreePrior","treat_mean[Thin]"
1.00000518307171,1.0000236627058,"UPFUb","fir","ddbh_model_noBAcwdIrctnSizeTreePrior","treat_size[Thin]"
