"TreeID","start_year","end_year","PlotID","n_obs","PFT"
"2.0",1,7,"9",4,"white_pine"
"3.0",1,7,"9",4,"white_pine"
"4.0",1,7,"9",4,"white_pine"
"5.0",1,7,"9",4,"fir"
"7.0",1,7,"9",4,"fir"
"8.0",1,7,"9",4,"white_pine"
"9.0",1,7,"9",4,"fir"
"11.0",1,7,"9",4,"fir"
"12.0",1,7,"9",4,"fir"
"13.0",1,7,"9",4,"fir"
"14.0",1,7,"9",4,"white_pine"
"15.0",1,7,"9",4,"cedar"
"16.0",1,7,"9",4,"yellow_pine"
"17.0",1,7,"9",4,"white_pine"
"19.0",1,5,"9",3,"fir"
"20.0",1,7,"9",4,"cedar"
"21.0",1,7,"9",4,"fir"
"22.0",3,7,"9",3,"fir"
"23.0",1,7,"9",4,"fir"
"24.0",1,5,"9",3,"cedar"
"26.0",3,7,"9",3,"fir"
"27.0",3,7,"9",3,"cedar"
"28.0",1,7,"9",4,"cedar"
"31.0",1,5,"9",3,"cedar"
"32.0",1,7,"9",4,"fir"
"33.0",1,7,"9",4,"fir"
"34.0",1,7,"9",4,"fir"
"35.0",1,7,"9",4,"fir"
"36.0",1,7,"9",4,"fir"
"37.0",1,7,"9",4,"fir"
"38.0",1,7,"9",4,"fir"
"40.0",3,7,"9",3,"cedar"
"41.0",1,7,"9",4,"cedar"
"42.0",1,7,"9",4,"yellow_pine"
"43.0",1,7,"9",4,"white_pine"
"44.0",1,7,"9",4,"fir"
"45.0",5,7,"9",2,"fir"
"46.0",1,7,"9",4,"cedar"
"47.0",1,7,"9",4,"cedar"
"48.0",1,7,"9",4,"fir"
"49.0",1,7,"9",4,"fir"
"51.0",1,7,"9",4,"cedar"
"52.0",1,7,"9",4,"fir"
"53.0",3,7,"9",3,"fir"
"54.0",1,7,"9",4,"fir"
"55.0",1,7,"9",4,"fir"
"56.0",1,7,"9",4,"fir"
"57.0",1,7,"9",4,"white_pine"
"58.0",1,7,"9",4,"cedar"
"60.0",1,7,"9",4,"white_pine"
"62.0",1,7,"9",4,"fir"
"64.0",1,7,"9",4,"fir"
"65.0",1,7,"9",4,"cedar"
"66.0",1,7,"9",4,"fir"
"67.0",1,7,"8",4,"cedar"
"68.0",1,7,"8",4,"white_pine"
"69.0",1,7,"8",4,"cedar"
"71.0",1,7,"8",4,"white_pine"
"73.0",1,3,"8",2,"white_pine"
"75.0",1,7,"8",4,"white_pine"
"76.0",1,7,"8",4,"white_pine"
"77.0",1,5,"8",3,"cedar"
"78.0",3,7,"8",3,"white_pine"
"80.0",1,7,"8",4,"yellow_pine"
"81.0",1,7,"8",4,"cedar"
"82.0",1,7,"8",4,"cedar"
"83.0",1,7,"8",4,"fir"
"84.0",3,7,"8",3,"fir"
"85.0",1,7,"8",4,"yellow_pine"
"86.0",1,7,"8",4,"fir"
"87.0",1,7,"8",4,"yellow_pine"
"88.0",1,7,"8",4,"yellow_pine"
"89.0",1,7,"8",4,"cedar"
"90.0",1,7,"8",4,"cedar"
"92.0",1,7,"8",4,"fir"
"93.0",1,7,"8",4,"cedar"
"94.0",1,7,"8",4,"cedar"
"95.0",1,7,"8",4,"fir"
"96.0",1,7,"8",4,"fir"
"99.0",1,7,"8",4,"white_pine"
"100.0",1,7,"8",4,"fir"
"101.0",1,7,"8",4,"fir"
"102.0",1,7,"8",4,"fir"
"103.0",1,7,"8",4,"white_pine"
"104.0",1,7,"8",4,"white_pine"
"105.0",1,7,"8",4,"white_pine"
"106.0",1,7,"8",4,"white_pine"
"107.0",1,7,"8",4,"white_pine"
"109.0",1,7,"8",4,"white_pine"
"110.0",1,7,"8",4,"white_pine"
"111.0",1,7,"8",4,"fir"
"112.0",1,7,"8",3,"cedar"
"113.0",1,7,"8",4,"white_pine"
"114.0",1,7,"8",4,"cedar"
"115.0",1,7,"8",4,"deciduous_oak"
"116.0",1,7,"8",4,"cedar"
"117.0",1,7,"8",4,"deciduous_oak"
"119.0",1,5,"8",3,"cedar"
"120.0",1,7,"8",4,"cedar"
"123.0",1,3,"8",2,"cedar"
"124.0",1,7,"8",4,"cedar"
"125.0",1,7,"8",4,"cedar"
"126.0",1,7,"8",4,"cedar"
"127.0",1,7,"8",4,"cedar"
"128.0",1,7,"8",4,"cedar"
"129.0",1,7,"8",4,"yellow_pine"
"130.0",3,7,"8",3,"fir"
"133.0",1,7,"8",4,"fir"
"134.0",1,7,"8",4,"cedar"
"135.0",1,7,"8",4,"fir"
"136.0",1,7,"8",4,"fir"
"137.0",1,7,"8",4,"cedar"
"138.0",1,7,"8",4,"fir"
"139.0",1,7,"8",4,"fir"
"140.0",1,7,"8",4,"fir"
"141.0",1,7,"8",4,"fir"
"142.0",1,7,"8",4,"fir"
"143.0",1,7,"8",4,"fir"
"144.0",1,7,"8",4,"fir"
"145.0",1,7,"8",4,"fir"
"146.0",1,7,"8",4,"fir"
"147.0",1,7,"8",4,"fir"
"148.0",1,7,"8",4,"fir"
"149.0",1,5,"8",3,"other_hardwood"
"151.0",1,7,"7",4,"cedar"
"153.0",1,7,"7",4,"cedar"
"154.0",1,7,"7",4,"fir"
"155.0",1,7,"7",4,"cedar"
"156.0",1,7,"7",4,"fir"
"157.0",5,7,"7",2,"fir"
"159.0",1,7,"7",4,"cedar"
"166.0",1,7,"7",4,"fir"
"170.0",1,7,"7",4,"fir"
"171.0",1,7,"7",4,"cedar"
"172.0",1,7,"7",4,"fir"
"173.0",1,7,"7",4,"fir"
"174.0",1,7,"7",4,"fir"
"177.0",1,7,"7",4,"fir"
"178.0",1,7,"7",4,"cedar"
"181.0",1,7,"7",4,"fir"
"182.0",1,7,"7",4,"cedar"
"184.0",1,7,"7",4,"cedar"
"186.0",1,7,"7",4,"fir"
"187.0",1,7,"7",4,"white_pine"
"189.0",1,7,"7",4,"fir"
"190.0",1,7,"7",4,"fir"
"191.0",1,7,"7",4,"cedar"
"193.0",5,7,"7",2,"cedar"
"194.0",1,7,"7",4,"cedar"
"195.0",1,7,"7",4,"fir"
"196.0",1,7,"7",4,"fir"
"200.0",1,7,"7",4,"fir"
"204.0",1,7,"7",4,"cedar"
"205.0",1,7,"7",4,"fir"
"206.0",1,7,"7",4,"cedar"
"207.0",1,7,"7",4,"fir"
"208.0",1,7,"7",4,"cedar"
"209.0",1,7,"7",4,"cedar"
"210.0",1,7,"7",4,"deciduous_oak"
"211.0",1,7,"7",4,"cedar"
"212.0",1,7,"7",4,"cedar"
"215.0",1,7,"7",4,"cedar"
"216.0",1,7,"7",4,"cedar"
"217.0",1,7,"7",4,"cedar"
"218.0",1,7,"7",4,"cedar"
"221.0",1,7,"7",4,"fir"
"222.0",1,7,"7",4,"fir"
"225.0",1,7,"7",3,"cedar"
"226.0",1,7,"7",4,"fir"
"227.0",1,7,"7",4,"fir"
"230.0",1,7,"7",4,"cedar"
"231.0",1,7,"7",4,"fir"
"232.0",1,5,"7",3,"fir"
"235.0",1,7,"7",4,"cedar"
"237.0",1,7,"7",4,"cedar"
"238.0",1,7,"7",4,"cedar"
"240.0",1,7,"7",4,"fir"
"242.0",1,7,"7",4,"cedar"
"246.0",1,7,"7",4,"fir"
"247.0",1,7,"7",4,"fir"
"248.0",1,7,"7",4,"fir"
"249.0",1,7,"7",4,"fir"
"255.0",1,7,"7",4,"yellow_pine"
"256.0",1,7,"7",4,"cedar"
"258.0",5,7,"7",2,"fir"
"261.0",1,7,"7",4,"fir"
"262.0",1,7,"7",4,"cedar"
"263.0",1,7,"7",4,"white_pine"
"265.0",1,7,"7",4,"cedar"
"267.0",1,7,"7",4,"cedar"
"269.0",1,7,"7",4,"fir"
"270.0",1,7,"7",4,"fir"
"271.0",1,7,"7",4,"cedar"
"273.0",1,7,"7",4,"cedar"
"274.0",3,7,"7",3,"fir"
"277.0",1,7,"7",4,"cedar"
"281.0",1,7,"7",4,"fir"
"282.0",1,7,"7",4,"fir"
"285.0",1,7,"7",4,"cedar"
"291.0",1,7,"7",4,"cedar"
"294.0",1,7,"7",4,"cedar"
"295.0",1,7,"7",4,"fir"
"298.0",1,7,"7",4,"cedar"
"299.0",1,7,"7",4,"fir"
"301.0",1,7,"7",4,"fir"
"302.0",1,7,"7",4,"cedar"
"305.0",1,7,"7",4,"fir"
"306.0",1,7,"7",4,"fir"
"307.0",1,7,"7",4,"deciduous_oak"
"310.0",1,7,"7",4,"cedar"
"311.0",1,7,"7",4,"fir"
"312.0",1,7,"7",4,"cedar"
"315.0",1,7,"7",4,"cedar"
"317.0",1,7,"7",4,"fir"
"318.0",1,7,"7",4,"cedar"
"319.0",1,7,"7",4,"cedar"
"320.0",1,7,"7",4,"cedar"
"321.0",1,7,"7",4,"cedar"
"322.0",1,7,"7",4,"cedar"
"323.0",1,7,"7",4,"fir"
"325.0",1,7,"7",4,"fir"
"326.0",1,7,"7",4,"cedar"
"333.0",1,7,"7",4,"fir"
"334.0",1,7,"7",4,"cedar"
"337.0",3,7,"7",3,"fir"
"339.0",3,7,"7",3,"fir"
"340.0",1,7,"7",4,"fir"
"341.0",1,7,"7",4,"fir"
"342.0",1,7,"7",4,"fir"
"343.0",1,7,"7",4,"cedar"
"344.0",1,7,"7",4,"fir"
"345.0",1,7,"7",4,"fir"
"346.0",1,7,"7",4,"cedar"
"347.0",1,7,"7",4,"cedar"
"348.0",1,5,"7",3,"cedar"
"349.0",1,7,"7",4,"cedar"
"350.0",1,7,"7",4,"yellow_pine"
"352.0",1,7,"7",4,"cedar"
"353.0",1,7,"7",4,"fir"
"354.0",1,7,"7",4,"fir"
"356.0",1,7,"7",4,"fir"
"357.0",1,7,"7",4,"cedar"
"358.0",1,7,"7",4,"cedar"
"359.0",1,7,"7",4,"cedar"
"360.0",1,7,"7",4,"fir"
"364.0",1,7,"7",4,"fir"
"365.0",1,7,"7",4,"white_pine"
"369.0",1,7,"7",4,"cedar"
"370.0",1,7,"7",4,"fir"
"373.0",1,7,"7",4,"fir"
"374.0",1,7,"7",4,"cedar"
"375.0",1,7,"7",4,"yellow_pine"
"376.0",1,7,"7",4,"cedar"
"382.0",1,7,"7",4,"cedar"
"383.0",1,7,"7",4,"fir"
"384.0",1,7,"7",4,"cedar"
"386.0",1,7,"7",4,"fir"
"387.0",1,7,"7",4,"fir"
"388.0",1,7,"7",4,"cedar"
"389.0",1,7,"7",4,"fir"
"391.0",1,7,"7",4,"fir"
"392.0",1,7,"7",4,"fir"
"394.0",1,7,"7",4,"cedar"
"397.0",1,7,"7",4,"fir"
"398.0",1,7,"7",4,"fir"
"399.0",1,7,"7",4,"cedar"
"402.0",1,7,"7",4,"fir"
"404.0",1,3,"7",2,"fir"
"405.0",1,5,"7",3,"fir"
"406.0",1,7,"7",4,"cedar"
"407.0",1,7,"7",4,"fir"
"408.0",1,7,"7",4,"cedar"
"411.0",1,7,"7",4,"cedar"
"413.0",1,7,"7",4,"fir"
"414.0",3,7,"7",3,"fir"
"417.0",1,7,"7",4,"cedar"
"418.0",1,7,"7",4,"cedar"
"420.0",1,7,"7",4,"fir"
"421.0",1,7,"7",4,"fir"
"422.0",1,7,"7",4,"fir"
"424.0",1,5,"7",3,"white_pine"
"425.0",1,7,"7",4,"fir"
"429.0",1,7,"7",4,"fir"
"430.0",1,7,"7",4,"fir"
"431.0",1,7,"7",4,"fir"
"432.0",1,7,"7",4,"fir"
"433.0",1,7,"7",4,"fir"
"436.0",1,7,"7",4,"fir"
"437.0",1,7,"7",4,"cedar"
"438.0",1,7,"7",4,"cedar"
"441.0",1,7,"7",4,"fir"
"443.0",1,5,"7",3,"white_pine"
"444.0",1,7,"7",4,"cedar"
"447.0",1,7,"7",4,"cedar"
"450.0",1,7,"7",4,"fir"
"451.0",1,7,"7",4,"cedar"
"455.0",3,7,"7",3,"cedar"
"456.0",1,7,"7",4,"fir"
"457.0",1,7,"7",4,"fir"
"458.0",1,7,"7",4,"yellow_pine"
"463.0",1,5,"7",3,"fir"
"466.0",1,7,"7",4,"cedar"
"467.0",1,5,"7",3,"fir"
"469.0",1,7,"7",4,"fir"
"471.0",1,7,"7",4,"fir"
"472.0",1,7,"7",4,"fir"
"474.0",1,7,"7",4,"cedar"
"475.0",1,7,"7",4,"fir"
"477.0",1,7,"7",4,"cedar"
"478.0",1,7,"7",4,"fir"
"479.0",1,7,"7",4,"fir"
"481.0",1,7,"7",4,"fir"
"482.0",1,5,"7",3,"fir"
"484.0",1,7,"7",4,"fir"
"485.0",1,7,"7",4,"cedar"
"487.0",1,7,"7",4,"fir"
"488.0",1,7,"7",4,"fir"
"491.0",1,7,"7",4,"fir"
"492.0",1,7,"7",4,"cedar"
"494.0",1,7,"7",4,"fir"
"496.0",1,7,"7",4,"fir"
"498.0",1,7,"7",4,"fir"
"499.0",1,7,"7",4,"cedar"
"500.0",1,7,"7",4,"fir"
"501.0",1,7,"7",4,"fir"
"503.0",1,7,"7",4,"cedar"
"504.0",1,7,"7",4,"fir"
"505.0",1,7,"7",4,"cedar"
"507.0",1,7,"7",4,"cedar"
"508.0",1,7,"7",4,"fir"
"513.0",1,7,"7",4,"fir"
"516.0",1,7,"7",4,"cedar"
"517.0",1,7,"7",4,"white_pine"
"519.0",1,7,"7",4,"cedar"
"522.0",1,7,"7",4,"cedar"
"524.0",1,7,"7",4,"white_pine"
"525.0",1,7,"7",4,"white_pine"
"526.0",1,7,"7",4,"white_pine"
"527.0",1,7,"7",4,"white_pine"
"528.0",1,7,"7",4,"fir"
"529.0",1,7,"7",4,"cedar"
"530.0",1,7,"7",4,"fir"
"533.0",1,7,"7",4,"cedar"
"534.0",1,7,"7",4,"cedar"
"535.0",1,7,"7",4,"cedar"
"536.0",1,7,"7",4,"white_pine"
"538.0",1,7,"7",4,"cedar"
"539.0",1,7,"7",4,"cedar"
"540.0",1,7,"7",4,"white_pine"
"541.0",1,7,"7",4,"cedar"
"543.0",1,3,"12",2,"cedar"
"544.0",1,7,"12",4,"fir"
"545.0",1,7,"12",4,"fir"
"548.0",1,7,"12",4,"cedar"
"551.0",1,5,"12",3,"fir"
"552.0",1,7,"12",4,"yellow_pine"
"553.0",1,7,"12",4,"fir"
"554.0",1,7,"12",4,"fir"
"555.0",1,7,"12",4,"fir"
"559.0",1,7,"12",4,"cedar"
"562.0",1,7,"12",4,"fir"
"564.0",1,7,"12",4,"cedar"
"565.0",1,7,"12",4,"fir"
"566.0",1,7,"12",4,"yellow_pine"
"568.0",1,7,"12",4,"yellow_pine"
"569.0",1,7,"12",4,"cedar"
"570.0",1,7,"12",4,"yellow_pine"
"571.0",1,7,"12",4,"fir"
"574.0",1,7,"12",4,"cedar"
"575.0",1,7,"12",4,"fir"
"576.0",1,7,"12",4,"fir"
"577.0",1,7,"12",4,"fir"
"578.0",1,7,"12",4,"fir"
"581.0",5,7,"12",2,"cedar"
"584.0",1,7,"12",4,"cedar"
"585.0",1,7,"12",4,"fir"
"586.0",1,7,"12",4,"cedar"
"587.0",1,7,"12",4,"fir"
"588.0",1,7,"12",4,"cedar"
"589.0",1,7,"12",4,"fir"
"590.0",1,5,"12",3,"cedar"
"591.0",1,7,"12",4,"cedar"
"592.0",1,5,"12",3,"fir"
"595.0",1,7,"12",4,"fir"
"596.0",1,7,"12",4,"cedar"
"601.0",1,7,"12",4,"cedar"
"602.0",1,7,"12",4,"cedar"
"603.0",1,7,"12",4,"cedar"
"604.0",1,7,"12",4,"cedar"
"607.0",1,5,"12",3,"fir"
"608.0",1,7,"12",4,"fir"
"609.0",1,7,"12",4,"fir"
"611.0",1,5,"12",3,"white_pine"
"614.0",1,7,"12",4,"fir"
"617.0",1,7,"12",4,"white_pine"
"618.0",1,7,"12",4,"white_pine"
"623.0",1,7,"12",4,"fir"
"624.0",1,7,"12",4,"fir"
"625.0",1,7,"12",4,"fir"
"627.0",1,7,"12",4,"fir"
"628.0",1,5,"12",3,"fir"
"630.0",1,7,"12",4,"fir"
"631.0",1,7,"12",4,"fir"
"632.0",1,7,"12",4,"fir"
"639.0",1,7,"12",4,"cedar"
"640.0",1,7,"12",4,"fir"
"642.0",1,7,"12",4,"cedar"
"643.0",1,7,"12",4,"cedar"
"644.0",3,7,"12",3,"fir"
"645.0",1,7,"12",4,"fir"
"648.0",1,7,"12",4,"cedar"
"649.0",1,7,"12",4,"other_hardwood"
"650.0",1,7,"12",4,"fir"
"651.0",1,7,"12",4,"fir"
"654.0",1,7,"12",4,"cedar"
"661.0",1,7,"12",4,"cedar"
"662.0",5,7,"12",2,"fir"
"663.0",1,7,"12",4,"cedar"
"665.0",1,7,"12",4,"fir"
"669.0",1,7,"12",4,"cedar"
"670.0",5,7,"12",2,"fir"
"671.0",1,7,"12",4,"fir"
"672.0",1,7,"12",4,"cedar"
"673.0",1,7,"12",4,"fir"
"674.0",1,7,"12",4,"cedar"
"675.0",1,7,"12",4,"cedar"
"676.0",1,7,"12",4,"cedar"
"677.0",1,7,"12",4,"fir"
"678.0",1,7,"12",4,"cedar"
"680.0",1,7,"12",4,"yellow_pine"
"681.0",1,7,"12",4,"cedar"
"682.0",1,7,"12",4,"yellow_pine"
"684.0",1,7,"12",4,"cedar"
"685.0",1,7,"12",4,"cedar"
"689.0",1,7,"12",4,"cedar"
"690.0",1,7,"12",4,"cedar"
"691.0",1,7,"12",4,"cedar"
"692.0",1,7,"12",4,"cedar"
"694.0",1,7,"12",4,"cedar"
"695.0",1,7,"12",4,"cedar"
"698.0",1,3,"12",2,"cedar"
"699.0",1,7,"12",4,"cedar"
"700.0",1,7,"12",4,"cedar"
"701.0",1,7,"12",4,"cedar"
"704.0",1,7,"12",4,"cedar"
"705.0",1,7,"12",4,"fir"
"709.0",1,7,"12",4,"cedar"
"711.0",1,7,"12",4,"fir"
"713.0",1,7,"12",4,"cedar"
"715.0",1,7,"12",4,"cedar"
"716.0",1,7,"12",4,"cedar"
"718.0",1,7,"12",4,"cedar"
"719.0",1,7,"12",4,"cedar"
"721.0",1,7,"12",4,"cedar"
"723.0",5,7,"12",2,"cedar"
"726.0",1,7,"12",4,"yellow_pine"
"727.0",1,7,"12",4,"yellow_pine"
"728.0",3,7,"12",3,"fir"
"731.0",1,7,"12",4,"cedar"
"734.0",1,7,"12",4,"cedar"
"735.0",1,7,"12",4,"yellow_pine"
"736.0",3,7,"12",3,"fir"
"740.0",1,7,"12",4,"yellow_pine"
"741.0",1,7,"12",4,"cedar"
"742.0",1,7,"12",4,"cedar"
"743.0",1,7,"12",4,"cedar"
"745.0",1,7,"12",4,"cedar"
"746.0",1,7,"12",4,"cedar"
"751.0",1,7,"12",4,"cedar"
"759.0",1,7,"12",4,"cedar"
"762.0",1,7,"12",4,"fir"
"763.0",1,7,"12",4,"fir"
"764.0",1,7,"12",4,"fir"
"765.0",1,3,"12",2,"white_pine"
"768.0",1,7,"12",4,"fir"
"771.0",1,7,"12",4,"cedar"
"772.0",1,7,"12",4,"yellow_pine"
"773.0",1,7,"12",4,"cedar"
"774.0",1,7,"12",4,"yellow_pine"
"775.0",1,5,"12",3,"yellow_pine"
"777.0",1,7,"12",4,"yellow_pine"
"784.0",1,7,"12",4,"cedar"
"785.0",1,7,"12",4,"fir"
"788.0",1,7,"12",4,"cedar"
"789.0",1,7,"12",4,"fir"
"791.0",1,7,"12",4,"white_pine"
"794.0",1,7,"12",4,"fir"
"797.0",1,7,"12",4,"cedar"
"798.0",1,7,"12",4,"fir"
"799.0",1,3,"12",2,"fir"
"802.0",1,7,"12",4,"fir"
"803.0",1,3,"12",2,"fir"
"805.0",1,7,"12",4,"cedar"
"806.0",1,7,"12",4,"yellow_pine"
"811.0",1,7,"12",4,"cedar"
"812.0",1,7,"12",4,"cedar"
"815.0",1,7,"12",4,"cedar"
"818.0",1,7,"12",4,"cedar"
"820.0",1,7,"12",4,"fir"
"823.0",1,7,"12",4,"cedar"
"824.0",1,7,"12",4,"fir"
"827.0",1,7,"12",4,"cedar"
"829.0",1,7,"12",4,"cedar"
"830.0",1,7,"12",4,"cedar"
"831.0",1,7,"12",4,"cedar"
"832.0",1,7,"12",4,"cedar"
"833.0",1,7,"12",4,"cedar"
"834.0",1,7,"12",4,"cedar"
"835.0",1,7,"12",4,"yellow_pine"
"838.0",1,7,"12",4,"fir"
"839.0",1,7,"12",4,"cedar"
"840.0",1,7,"12",4,"fir"
"842.0",1,7,"12",4,"fir"
"843.0",1,7,"12",4,"yellow_pine"
"844.0",1,7,"12",4,"white_pine"
"846.0",1,7,"12",4,"fir"
"847.0",1,7,"12",4,"fir"
"850.0",1,7,"12",4,"white_pine"
"851.0",1,7,"12",4,"cedar"
"854.0",3,7,"12",3,"cedar"
"855.0",1,7,"12",4,"fir"
"856.0",1,7,"12",4,"fir"
"860.0",1,7,"12",4,"cedar"
"861.0",1,7,"12",4,"cedar"
"862.0",1,7,"12",4,"fir"
"864.0",1,7,"12",4,"fir"
"868.0",3,7,"12",3,"cedar"
"869.0",1,7,"12",4,"cedar"
"871.0",1,7,"12",4,"deciduous_oak"
"874.0",1,7,"12",4,"cedar"
"878.0",1,7,"12",4,"fir"
"885.0",1,7,"12",4,"cedar"
"886.0",1,7,"12",4,"cedar"
"888.0",1,7,"12",4,"cedar"
"891.0",1,7,"12",4,"fir"
"893.0",1,7,"12",4,"cedar"
"894.0",1,7,"12",4,"cedar"
"895.0",1,7,"12",4,"fir"
"899.0",1,5,"12",3,"fir"
"902.0",1,7,"12",4,"cedar"
"903.0",1,7,"12",4,"cedar"
"905.0",1,7,"12",4,"cedar"
"907.0",1,7,"12",4,"fir"
"908.0",1,7,"12",4,"fir"
"909.0",1,3,"12",2,"cedar"
"911.0",3,7,"12",3,"cedar"
"914.0",1,7,"12",4,"fir"
"915.0",1,7,"12",4,"cedar"
"920.0",1,7,"12",4,"cedar"
"921.0",1,7,"12",4,"yellow_pine"
"924.0",1,7,"12",4,"cedar"
"925.0",1,7,"12",4,"fir"
"928.0",1,5,"12",3,"cedar"
"930.0",1,7,"12",4,"cedar"
"932.0",1,7,"12",4,"cedar"
"935.0",1,7,"12",4,"fir"
"936.0",1,7,"12",4,"fir"
"937.0",1,7,"12",4,"cedar"
"941.0",1,7,"12",4,"cedar"
"942.0",1,3,"12",2,"cedar"
"943.0",1,7,"12",4,"cedar"
"944.0",1,7,"12",4,"white_pine"
"946.0",1,5,"12",3,"cedar"
"949.0",1,7,"12",4,"cedar"
"950.0",1,7,"12",4,"cedar"
"951.0",1,7,"12",4,"cedar"
"953.0",1,7,"12",4,"other_hardwood"
"958.0",1,7,"12",4,"cedar"
"960.0",1,3,"12",2,"other_hardwood"
"961.0",1,7,"12",4,"fir"
"963.0",1,7,"12",4,"fir"
"964.0",1,7,"12",4,"fir"
"965.0",1,7,"12",4,"cedar"
"966.0",1,7,"12",4,"fir"
"967.0",1,7,"12",4,"fir"
"970.0",3,7,"12",3,"fir"
"973.0",1,7,"12",4,"cedar"
"974.0",1,5,"12",3,"cedar"
"976.0",1,7,"12",4,"cedar"
"977.0",1,7,"12",4,"fir"
"978.0",1,7,"12",4,"cedar"
"979.0",1,7,"12",4,"cedar"
"981.0",1,7,"12",4,"cedar"
"985.0",1,7,"12",4,"cedar"
"987.0",1,7,"12",4,"cedar"
"988.0",1,7,"12",4,"cedar"
"990.0",1,7,"12",4,"cedar"
"991.0",1,7,"12",4,"cedar"
"992.0",1,7,"12",4,"fir"
"994.0",1,7,"12",4,"fir"
"995.0",1,7,"12",4,"fir"
"998.0",1,7,"12",4,"cedar"
"1000.0",1,7,"11",4,"deciduous_oak"
"1001.0",1,7,"11",4,"fir"
"1002.0",1,7,"11",4,"cedar"
"1003.0",1,7,"11",4,"fir"
"1004.0",1,7,"11",4,"fir"
"1005.0",1,7,"11",4,"fir"
"1006.0",1,7,"11",4,"fir"
"1007.0",1,7,"11",4,"cedar"
"1008.0",1,7,"11",4,"yellow_pine"
"1009.0",1,7,"11",4,"fir"
"1010.0",1,7,"11",4,"fir"
"1011.0",1,7,"11",4,"cedar"
"1012.0",1,7,"11",4,"fir"
"1013.0",1,7,"11",4,"cedar"
"1014.0",1,7,"11",4,"cedar"
"1015.0",1,7,"11",4,"yellow_pine"
"1016.0",1,7,"11",4,"yellow_pine"
"1017.0",1,7,"11",4,"fir"
"1018.0",1,7,"11",4,"fir"
"1019.0",1,7,"11",4,"fir"
"1021.0",1,5,"11",3,"cedar"
"1022.0",1,7,"11",4,"cedar"
"1023.0",5,7,"11",2,"cedar"
"1024.0",1,7,"11",4,"cedar"
"1025.0",1,7,"11",4,"cedar"
"1026.0",1,7,"11",4,"cedar"
"1027.0",1,7,"11",4,"cedar"
"1028.0",1,7,"11",4,"cedar"
"1029.0",1,5,"11",3,"cedar"
"1030.0",1,7,"11",4,"cedar"
"1032.0",1,7,"11",4,"cedar"
"1033.0",1,7,"11",4,"fir"
"1034.0",1,7,"11",4,"cedar"
"1035.0",1,7,"11",4,"fir"
"1036.0",1,7,"11",4,"fir"
"1037.0",1,3,"11",2,"other_hardwood"
"1038.0",1,3,"11",2,"other_hardwood"
"1042.0",1,7,"11",4,"cedar"
"1043.0",1,7,"11",4,"cedar"
"1044.0",1,7,"11",4,"cedar"
"1045.0",1,7,"11",4,"fir"
"1046.0",1,7,"11",4,"cedar"
"1047.0",1,7,"11",4,"fir"
"1048.0",1,7,"11",4,"cedar"
"1049.0",1,7,"11",4,"white_pine"
"1050.0",1,7,"11",4,"white_pine"
"1051.0",1,7,"11",4,"cedar"
"1052.0",1,7,"11",4,"fir"
"1053.0",1,7,"11",4,"white_pine"
"1054.0",1,7,"11",4,"white_pine"
"1055.0",1,7,"11",4,"cedar"
"1056.0",1,7,"11",4,"fir"
"1057.0",1,7,"11",4,"white_pine"
"1058.0",1,7,"11",4,"cedar"
"1059.0",1,7,"11",4,"fir"
"1060.0",1,7,"11",4,"fir"
"1061.0",1,7,"11",4,"fir"
"1062.0",1,7,"11",4,"fir"
"1063.0",1,7,"11",4,"white_pine"
"1064.0",1,7,"11",4,"fir"
"1065.0",1,7,"11",4,"fir"
"1066.0",1,5,"11",3,"fir"
"1067.0",1,7,"11",4,"white_pine"
"1068.0",1,7,"11",4,"fir"
"1069.0",1,7,"11",4,"fir"
"1070.0",1,7,"11",4,"fir"
"1071.0",1,7,"11",4,"fir"
"1073.0",1,7,"11",4,"fir"
"1074.0",1,7,"11",4,"white_pine"
"1075.0",1,7,"11",4,"fir"
"1076.0",1,7,"11",4,"fir"
"1077.0",1,7,"11",4,"fir"
"1078.0",1,7,"11",4,"fir"
"1079.0",1,7,"11",4,"fir"
"1080.0",1,7,"11",4,"fir"
"1082.0",1,7,"11",4,"fir"
"1083.0",1,7,"11",4,"white_pine"
"1084.0",3,7,"11",3,"fir"
"1086.0",1,7,"10",4,"fir"
"1087.0",1,7,"10",4,"fir"
"1088.0",1,7,"10",4,"fir"
"1089.0",1,7,"10",4,"fir"
"1090.0",1,7,"10",4,"yellow_pine"
"1091.0",1,7,"10",4,"yellow_pine"
"1092.0",1,7,"10",4,"fir"
"1093.0",1,7,"10",4,"cedar"
"1094.0",1,7,"10",4,"cedar"
"1095.0",1,7,"10",4,"cedar"
"1096.0",1,7,"10",4,"cedar"
"1097.0",1,7,"10",4,"cedar"
"1098.0",1,7,"10",4,"cedar"
"1099.0",1,7,"10",4,"cedar"
"1100.0",1,7,"10",4,"fir"
"1101.0",1,7,"10",4,"fir"
"1102.0",3,7,"10",3,"fir"
"1104.0",1,7,"10",4,"cedar"
"1105.0",1,7,"10",4,"fir"
"1106.0",1,7,"10",4,"fir"
"1107.0",1,7,"10",4,"cedar"
"1108.0",1,7,"10",4,"white_pine"
"1109.0",1,7,"10",4,"white_pine"
"1110.0",1,7,"10",4,"fir"
"1111.0",1,7,"10",4,"white_pine"
"1112.0",1,7,"10",4,"yellow_pine"
"1113.0",1,7,"10",4,"white_pine"
"1114.0",1,7,"10",4,"white_pine"
"1115.0",1,7,"10",4,"yellow_pine"
"1116.0",1,7,"10",4,"fir"
"1117.0",1,7,"10",4,"white_pine"
"1118.0",1,7,"10",4,"fir"
"1119.0",1,7,"10",4,"white_pine"
"1120.0",1,7,"10",4,"fir"
"1121.0",1,7,"10",4,"fir"
"1122.0",1,7,"10",4,"white_pine"
"1123.0",1,7,"10",4,"cedar"
"1125.0",1,7,"10",4,"fir"
"1126.0",1,7,"10",4,"fir"
"1127.0",1,7,"10",4,"fir"
"1128.0",1,7,"10",4,"cedar"
"1129.0",1,7,"10",4,"fir"
"1130.0",1,7,"10",4,"fir"
"1131.0",1,7,"10",4,"cedar"
"1132.0",1,7,"10",4,"cedar"
"1134.0",1,7,"10",4,"deciduous_oak"
"1135.0",1,7,"10",4,"white_pine"
"1136.0",1,7,"10",4,"deciduous_oak"
"1137.0",1,7,"10",4,"fir"
"1139.0",1,7,"10",4,"cedar"
"1140.0",1,7,"10",4,"fir"
"1141.0",1,7,"10",4,"fir"
"1142.0",1,7,"10",4,"fir"
"1143.0",1,7,"10",4,"fir"
"1144.0",1,7,"10",4,"cedar"
"1145.0",1,7,"10",4,"white_pine"
"1146.0",1,7,"10",4,"cedar"
"1147.0",1,7,"10",4,"fir"
"1148.0",1,7,"10",4,"fir"
"1149.0",1,7,"10",4,"fir"
"1150.0",1,7,"10",4,"fir"
"1151.0",1,7,"10",4,"fir"
"1156.0",3,7,"15",3,"cedar"
"1157.0",3,7,"15",3,"yellow_pine"
"1158.0",5,7,"15",2,"cedar"
"1159.0",3,7,"15",3,"cedar"
"1160.0",3,7,"15",3,"cedar"
"1161.0",3,7,"15",3,"fir"
"1162.0",3,7,"15",3,"fir"
"1163.0",3,7,"15",3,"fir"
"1164.0",3,7,"15",3,"fir"
"1165.0",3,7,"15",3,"fir"
"1166.0",3,7,"15",3,"fir"
"1167.0",3,7,"15",3,"cedar"
"1168.0",3,7,"15",3,"fir"
"1169.0",3,7,"15",3,"fir"
"1170.0",3,7,"15",3,"cedar"
"1171.0",3,7,"15",3,"cedar"
"1172.0",3,7,"15",3,"fir"
"1173.0",3,7,"15",3,"cedar"
"1174.0",3,7,"15",3,"fir"
"1175.0",3,7,"15",3,"fir"
"1176.0",3,7,"15",3,"fir"
"1177.0",3,7,"15",3,"fir"
"1178.0",3,7,"15",3,"fir"
"1179.0",3,7,"15",3,"yellow_pine"
"1180.0",3,7,"15",3,"fir"
"1181.0",3,7,"15",3,"fir"
"1182.0",3,7,"15",3,"cedar"
"1183.0",3,7,"15",3,"cedar"
"1184.0",3,7,"15",3,"fir"
"1185.0",3,7,"15",3,"fir"
"1186.0",3,7,"15",3,"yellow_pine"
"1187.0",3,7,"15",3,"cedar"
"1188.0",3,7,"15",3,"cedar"
"1189.0",3,7,"15",3,"yellow_pine"
"1190.0",3,5,"15",2,"cedar"
"1191.0",3,7,"15",3,"cedar"
"1192.0",3,7,"15",3,"white_pine"
"1193.0",3,7,"15",3,"cedar"
"1194.0",3,5,"15",2,"white_pine"
"1195.0",3,7,"15",3,"fir"
"1197.0",3,7,"15",3,"cedar"
"1198.0",3,7,"15",3,"white_pine"
"1199.0",3,7,"15",3,"cedar"
"1200.0",3,7,"15",3,"fir"
"1201.0",3,7,"15",3,"cedar"
"1202.0",3,7,"15",3,"cedar"
"1203.0",3,7,"15",3,"cedar"
"1204.0",3,7,"15",3,"fir"
"1205.0",3,7,"15",3,"cedar"
"1206.0",3,7,"15",3,"yellow_pine"
"1207.0",3,7,"15",3,"fir"
"1208.0",3,5,"15",2,"white_pine"
"1210.0",3,7,"15",3,"white_pine"
"1215.0",5,7,"15",2,"white_pine"
"1216.0",5,7,"15",2,"cedar"
"1217.0",3,5,"14",2,"cedar"
"1218.0",3,7,"14",3,"cedar"
"1220.0",3,7,"14",3,"fir"
"1221.0",3,7,"14",3,"fir"
"1225.0",3,5,"14",2,"fir"
"1227.0",3,5,"14",2,"fir"
"1228.0",3,5,"14",2,"fir"
"1230.0",3,7,"14",3,"fir"
"1234.0",3,7,"14",3,"yellow_pine"
"1236.0",3,7,"14",3,"cedar"
"1237.0",3,7,"14",3,"fir"
"1240.0",3,7,"14",3,"fir"
"1241.0",3,7,"14",3,"cedar"
"1243.0",3,7,"14",3,"fir"
"1245.0",3,7,"14",3,"cedar"
"1246.0",3,7,"14",3,"cedar"
"1248.0",3,5,"14",2,"fir"
"1249.0",3,7,"14",3,"fir"
"1252.0",3,7,"14",3,"white_pine"
"1255.0",3,7,"14",3,"cedar"
"1256.0",3,7,"14",3,"cedar"
"1258.0",3,7,"14",3,"cedar"
"1264.0",3,7,"14",3,"fir"
"1266.0",3,7,"14",3,"fir"
"1267.0",3,7,"14",3,"cedar"
"1268.0",3,5,"14",2,"fir"
"1269.0",3,7,"14",3,"cedar"
"1270.0",3,7,"14",3,"cedar"
"1272.0",3,7,"14",3,"cedar"
"1273.0",3,7,"14",3,"fir"
"1274.0",3,7,"14",3,"cedar"
"1275.0",3,7,"14",3,"cedar"
"1276.0",3,5,"14",2,"fir"
"1278.0",3,7,"14",3,"yellow_pine"
"1280.0",3,7,"14",3,"cedar"
"1282.0",3,7,"14",3,"cedar"
"1285.0",3,7,"14",3,"cedar"
"1286.0",5,7,"14",2,"cedar"
"1287.0",3,7,"14",3,"cedar"
"1289.0",3,7,"14",3,"cedar"
"1290.0",3,7,"14",3,"cedar"
"1292.0",3,7,"14",3,"cedar"
"1297.0",3,7,"14",3,"cedar"
"1298.0",3,7,"14",3,"fir"
"1300.0",3,7,"14",3,"cedar"
"1301.0",3,7,"14",3,"cedar"
"1304.0",3,7,"14",3,"cedar"
"1305.0",3,7,"14",3,"fir"
"1309.0",5,7,"14",2,"cedar"
"1310.0",3,7,"14",3,"fir"
"1311.0",3,7,"14",3,"cedar"
"1312.0",3,7,"14",3,"fir"
"1313.0",3,7,"14",3,"fir"
"1316.0",3,7,"14",3,"fir"
"1317.0",3,7,"14",3,"cedar"
"1318.0",3,7,"14",3,"cedar"
"1319.0",3,7,"14",3,"yellow_pine"
"1320.0",3,7,"14",3,"yellow_pine"
"1321.0",3,7,"14",3,"cedar"
"1322.0",3,5,"14",2,"cedar"
"1327.0",3,7,"14",3,"cedar"
"1328.0",3,5,"14",2,"cedar"
"1329.0",3,7,"14",3,"fir"
"1330.0",3,7,"14",3,"fir"
"1331.0",3,7,"14",3,"fir"
"1332.0",3,7,"14",3,"cedar"
"1333.0",3,7,"14",3,"cedar"
"1334.0",3,7,"14",3,"cedar"
"1335.0",3,7,"14",3,"cedar"
"1338.0",3,7,"14",3,"cedar"
"1339.0",3,7,"14",3,"fir"
"1341.0",3,7,"14",3,"cedar"
"1342.0",3,7,"14",3,"cedar"
"1343.0",3,7,"14",3,"cedar"
"1345.0",3,5,"14",2,"cedar"
"1346.0",3,7,"14",3,"cedar"
"1348.0",3,5,"14",2,"cedar"
"1350.0",3,7,"14",3,"fir"
"1351.0",3,7,"14",3,"cedar"
"1354.0",3,7,"14",3,"cedar"
"1356.0",3,7,"14",3,"white_pine"
"1357.0",3,7,"14",3,"fir"
"1358.0",3,7,"14",3,"cedar"
"1359.0",3,7,"14",3,"cedar"
"1360.0",3,7,"14",3,"cedar"
"1364.0",3,7,"14",3,"cedar"
"1367.0",3,7,"14",3,"fir"
"1369.0",3,7,"14",3,"cedar"
"1372.0",3,7,"14",3,"cedar"
"1373.0",3,7,"14",3,"cedar"
"1375.0",3,7,"14",3,"cedar"
"1377.0",3,7,"14",3,"white_pine"
"1378.0",3,7,"14",3,"cedar"
"1379.0",3,7,"14",3,"cedar"
"1380.0",3,7,"14",3,"cedar"
"1383.0",3,7,"14",3,"fir"
"1384.0",3,7,"14",3,"fir"
"1385.0",3,7,"14",3,"fir"
"1388.0",3,7,"14",3,"cedar"
"1389.0",3,7,"14",3,"fir"
"1392.0",3,7,"14",3,"cedar"
"1393.0",3,7,"14",3,"fir"
"1394.0",3,7,"14",3,"fir"
"1395.0",3,7,"14",3,"fir"
"1396.0",3,5,"14",2,"fir"
"1397.0",3,7,"14",3,"fir"
"1398.0",3,7,"14",3,"cedar"
"1399.0",3,7,"14",3,"cedar"
"1401.0",3,5,"14",2,"white_pine"
"1402.0",3,7,"14",3,"fir"
"1403.0",3,7,"14",3,"fir"
"1405.0",3,5,"14",2,"fir"
"1409.0",3,5,"14",2,"fir"
"1412.0",3,7,"14",3,"fir"
"1413.0",3,7,"14",3,"fir"
"1414.0",3,7,"14",3,"fir"
"1417.0",3,7,"14",3,"yellow_pine"
"1418.0",3,7,"14",3,"fir"
"1419.0",3,5,"14",2,"fir"
"1422.0",3,7,"14",3,"cedar"
"1423.0",3,7,"14",3,"fir"
"1424.0",3,7,"14",3,"cedar"
"1425.0",3,7,"14",3,"cedar"
"1426.0",3,5,"14",2,"white_pine"
"1428.0",3,7,"14",3,"fir"
"1430.0",3,7,"14",3,"fir"
"1431.0",3,7,"14",3,"yellow_pine"
"1433.0",3,7,"14",3,"cedar"
"1436.0",3,7,"14",3,"cedar"
"1437.0",3,7,"14",3,"cedar"
"1439.0",3,7,"14",3,"cedar"
"1441.0",3,7,"14",3,"cedar"
"1442.0",3,7,"14",3,"cedar"
"1443.0",3,7,"14",3,"fir"
"1445.0",3,7,"14",3,"cedar"
"1446.0",3,7,"14",3,"fir"
"1450.0",3,7,"14",3,"cedar"
"1451.0",3,5,"14",2,"fir"
"1454.0",3,7,"14",3,"cedar"
"1456.0",3,5,"14",2,"fir"
"1458.0",3,5,"14",2,"fir"
"1459.0",3,5,"14",2,"fir"
"1460.0",3,7,"14",3,"cedar"
"1461.0",3,7,"14",3,"cedar"
"1463.0",3,7,"14",3,"cedar"
"1465.0",3,7,"14",3,"fir"
"1466.0",3,7,"14",3,"cedar"
"1467.0",3,7,"14",3,"fir"
"1469.0",3,7,"14",3,"cedar"
"1470.0",3,7,"14",3,"cedar"
"1471.0",3,7,"14",3,"cedar"
"1472.0",3,7,"14",3,"cedar"
"1473.0",3,7,"14",3,"fir"
"1474.0",3,7,"14",3,"cedar"
"1476.0",3,7,"14",3,"fir"
"1477.0",3,7,"14",3,"cedar"
"1479.0",3,7,"14",3,"fir"
"1480.0",3,7,"14",3,"fir"
"1481.0",3,7,"14",3,"fir"
"1482.0",3,7,"14",3,"cedar"
"1483.0",3,7,"14",3,"cedar"
"1484.0",3,7,"14",3,"fir"
"1485.0",3,7,"14",3,"white_pine"
"1486.0",3,5,"14",2,"fir"
"1487.0",3,5,"14",2,"fir"
"1488.0",3,7,"14",3,"fir"
"1489.0",3,7,"14",3,"fir"
"1490.0",3,7,"14",3,"cedar"
"1493.0",3,7,"14",3,"cedar"
"1495.0",3,7,"14",3,"fir"
"1496.0",3,7,"14",3,"white_pine"
"1497.0",3,7,"14",3,"fir"
"1500.0",3,7,"14",3,"fir"
"1503.0",3,7,"14",3,"cedar"
"1504.0",3,7,"14",3,"fir"
"1505.0",3,7,"14",3,"white_pine"
"1507.0",3,5,"14",2,"fir"
"1508.0",3,5,"14",2,"fir"
"1510.0",3,7,"14",3,"fir"
"1511.0",3,7,"14",3,"fir"
"1512.0",3,7,"14",3,"fir"
"1513.0",3,7,"14",3,"fir"
"1515.0",3,5,"14",2,"fir"
"1516.0",3,7,"14",3,"fir"
"1518.0",3,7,"14",3,"fir"
"1519.0",3,7,"14",3,"fir"
"1522.0",3,7,"14",3,"fir"
"1523.0",3,5,"14",2,"fir"
"1524.0",3,7,"14",3,"fir"
"1526.0",3,7,"14",3,"fir"
"1527.0",3,7,"14",3,"cedar"
"1528.0",3,7,"14",3,"fir"
"1529.0",3,7,"14",3,"fir"
"1530.0",3,7,"14",3,"cedar"
"1532.0",3,7,"14",3,"fir"
"1533.0",3,7,"14",3,"cedar"
"1534.0",3,7,"14",3,"cedar"
"1535.0",3,7,"14",3,"fir"
"1536.0",3,7,"14",3,"cedar"
"1538.0",3,5,"14",2,"fir"
"1539.0",3,5,"14",2,"fir"
"1540.0",3,7,"14",3,"cedar"
"1541.0",3,7,"14",3,"fir"
"1542.0",3,5,"14",2,"fir"
"1543.0",3,5,"14",2,"fir"
"1544.0",3,7,"14",3,"fir"
"1546.0",3,7,"14",3,"fir"
"1547.0",3,7,"14",3,"fir"
"1548.0",3,7,"14",3,"fir"
"1549.0",3,7,"14",3,"fir"
"1550.0",3,7,"14",3,"cedar"
"1551.0",3,5,"14",2,"fir"
"1552.0",3,7,"14",3,"cedar"
"1554.0",3,7,"14",3,"fir"
"1555.0",3,7,"14",3,"fir"
"1557.0",3,5,"14",2,"fir"
"1558.0",3,7,"14",3,"cedar"
"1559.0",3,7,"14",3,"fir"
"1561.0",3,7,"14",3,"fir"
"1562.0",3,7,"14",3,"fir"
"1563.0",3,7,"14",3,"fir"
"1564.0",3,7,"14",3,"fir"
"1565.0",3,7,"14",3,"fir"
"1568.0",3,7,"14",3,"fir"
"1572.0",3,7,"13",3,"cedar"
"1573.0",3,7,"13",3,"cedar"
"1574.0",3,7,"13",3,"yellow_pine"
"1575.0",3,7,"13",3,"white_pine"
"1576.0",3,7,"13",3,"cedar"
"1577.0",3,7,"13",3,"cedar"
"1578.0",3,7,"13",3,"cedar"
"1579.0",3,7,"13",3,"fir"
"1580.0",3,7,"13",3,"white_pine"
"1581.0",3,7,"13",3,"white_pine"
"1582.0",3,7,"13",3,"white_pine"
"1583.0",3,7,"13",3,"white_pine"
"1584.0",3,7,"13",3,"white_pine"
"1585.0",3,7,"13",3,"white_pine"
"1586.0",3,7,"13",3,"white_pine"
"1587.0",3,7,"13",3,"white_pine"
"1588.0",3,7,"13",3,"fir"
"1589.0",3,7,"13",3,"fir"
"1590.0",3,7,"13",3,"fir"
"1591.0",3,7,"13",3,"fir"
"1592.0",3,7,"13",3,"white_pine"
"1593.0",3,7,"13",3,"cedar"
"1595.0",3,5,"13",2,"fir"
"1597.0",3,7,"13",3,"cedar"
"1598.0",3,5,"13",2,"cedar"
"1601.0",3,7,"13",3,"fir"
"1602.0",3,7,"13",3,"white_pine"
"1603.0",3,7,"13",3,"fir"
"1604.0",3,7,"13",3,"cedar"
"1607.0",3,5,"13",2,"cedar"
"1612.0",3,7,"13",3,"cedar"
"1613.0",3,7,"13",3,"cedar"
"1614.0",3,7,"13",3,"cedar"
"1616.0",3,7,"13",3,"fir"
"1617.0",3,7,"13",3,"fir"
"1618.0",3,7,"13",3,"fir"
"1619.0",3,7,"13",3,"cedar"
"1620.0",3,7,"13",3,"cedar"
"1621.0",3,7,"13",3,"cedar"
"1622.0",3,7,"13",3,"cedar"
"1625.0",3,7,"13",3,"cedar"
"1628.0",3,7,"13",3,"cedar"
"1631.0",3,5,"13",2,"cedar"
"1632.0",3,7,"13",3,"cedar"
"1634.0",3,7,"18",3,"cedar"
"1635.0",3,7,"18",3,"cedar"
"1636.0",3,5,"18",2,"cedar"
"1637.0",3,7,"18",3,"cedar"
"1638.0",3,7,"18",3,"cedar"
"1639.0",3,7,"18",3,"cedar"
"1640.0",3,7,"18",3,"cedar"
"1641.0",3,7,"18",3,"cedar"
"1642.0",5,7,"18",2,"cedar"
"1643.0",3,7,"18",3,"fir"
"1644.0",3,7,"18",3,"fir"
"1646.0",3,7,"18",3,"cedar"
"1647.0",3,7,"18",3,"cedar"
"1648.0",3,7,"18",3,"cedar"
"1649.0",3,7,"18",3,"yellow_pine"
"1650.0",3,7,"18",3,"cedar"
"1651.0",3,7,"18",3,"cedar"
"1652.0",3,7,"18",3,"fir"
"1653.0",3,7,"18",3,"cedar"
"1654.0",3,7,"18",3,"cedar"
"1656.0",3,7,"18",3,"cedar"
"1657.0",3,7,"18",3,"fir"
"1658.0",3,7,"18",3,"fir"
"1659.0",3,7,"18",3,"cedar"
"1660.0",3,7,"18",3,"cedar"
"1661.0",3,5,"18",2,"fir"
"1662.0",3,7,"18",3,"fir"
"1663.0",3,7,"18",3,"cedar"
"1664.0",3,7,"18",3,"fir"
"1665.0",3,7,"18",3,"cedar"
"1666.0",3,5,"18",2,"fir"
"1667.0",3,7,"18",3,"fir"
"1668.0",3,7,"18",3,"fir"
"1669.0",3,7,"18",3,"fir"
"1670.0",3,7,"18",3,"fir"
"1671.0",3,7,"18",3,"fir"
"1672.0",3,7,"18",3,"fir"
"1673.0",3,7,"18",3,"fir"
"1674.0",3,7,"18",3,"cedar"
"1675.0",3,7,"18",3,"cedar"
"1676.0",3,7,"18",3,"cedar"
"1678.0",3,7,"18",3,"cedar"
"1679.0",3,7,"18",3,"fir"
"1680.0",3,7,"18",3,"fir"
"1682.0",3,7,"18",3,"fir"
"1684.0",3,7,"18",3,"cedar"
"1685.0",3,7,"18",3,"fir"
"1686.0",3,7,"18",3,"white_pine"
"1688.0",3,7,"18",3,"fir"
"1689.0",3,7,"18",3,"yellow_pine"
"1690.0",3,7,"18",3,"yellow_pine"
"1691.0",3,7,"18",3,"yellow_pine"
"1692.0",3,7,"18",3,"fir"
"1693.0",3,7,"18",3,"fir"
"1694.0",3,7,"17",3,"yellow_pine"
"1695.0",3,7,"17",3,"cedar"
"1697.0",3,7,"17",3,"fir"
"1698.0",3,7,"17",3,"fir"
"1699.0",3,7,"17",3,"cedar"
"1700.0",3,7,"17",3,"fir"
"1701.0",3,7,"17",3,"fir"
"1702.0",3,7,"17",3,"fir"
"1703.0",3,7,"17",3,"cedar"
"1704.0",3,7,"17",3,"yellow_pine"
"1705.0",3,7,"17",3,"yellow_pine"
"1706.0",3,7,"17",3,"white_pine"
"1707.0",3,7,"17",3,"yellow_pine"
"1708.0",3,7,"17",3,"cedar"
"1709.0",3,5,"17",2,"cedar"
"1710.0",3,7,"17",3,"fir"
"1711.0",3,7,"17",3,"cedar"
"1712.0",3,7,"17",3,"fir"
"1713.0",3,7,"17",3,"cedar"
"1714.0",3,7,"17",3,"fir"
"1715.0",3,7,"17",3,"cedar"
"1716.0",3,7,"17",3,"fir"
"1717.0",3,7,"17",3,"cedar"
"1718.0",3,7,"17",3,"yellow_pine"
"1719.0",3,7,"17",3,"cedar"
"1720.0",3,7,"17",3,"fir"
"1721.0",3,7,"17",3,"yellow_pine"
"1722.0",3,7,"17",3,"fir"
"1723.0",3,5,"17",2,"white_pine"
"1724.0",3,5,"17",2,"white_pine"
"1725.0",3,7,"17",3,"yellow_pine"
"1726.0",3,7,"17",3,"yellow_pine"
"1727.0",3,7,"17",3,"cedar"
"1728.0",3,7,"17",3,"cedar"
"1729.0",3,7,"17",3,"cedar"
"1730.0",3,5,"17",2,"fir"
"1731.0",3,7,"17",3,"cedar"
"1733.0",3,7,"17",3,"fir"
"1734.0",3,7,"17",3,"fir"
"1735.0",3,7,"17",3,"yellow_pine"
"1737.0",3,7,"17",3,"fir"
"1738.0",3,7,"17",3,"cedar"
"1739.0",3,7,"17",3,"yellow_pine"
"1740.0",3,7,"17",3,"cedar"
"1741.0",3,7,"17",3,"yellow_pine"
"1742.0",3,7,"17",3,"fir"
"1743.0",3,7,"17",3,"fir"
"1744.0",3,5,"17",2,"fir"
"1745.0",3,7,"17",3,"fir"
"1746.0",3,7,"17",3,"fir"
"1747.0",3,7,"17",3,"fir"
"1748.0",3,7,"17",3,"cedar"
"1749.0",3,7,"17",3,"fir"
"1750.0",3,7,"17",3,"cedar"
"1751.0",3,7,"17",3,"fir"
"1752.0",3,7,"17",3,"cedar"
"1754.0",3,7,"16",3,"cedar"
"1755.0",3,7,"16",3,"fir"
"1756.0",3,7,"16",3,"cedar"
"1757.0",3,7,"16",3,"cedar"
"1759.0",3,7,"16",3,"cedar"
"1760.0",3,7,"16",3,"cedar"
"1763.0",3,7,"16",3,"cedar"
"1764.0",3,7,"16",3,"fir"
"1765.0",3,7,"16",3,"cedar"
"1767.0",3,7,"16",3,"cedar"
"1769.0",3,7,"16",3,"cedar"
"1770.0",3,7,"16",3,"cedar"
"1772.0",3,7,"16",3,"cedar"
"1773.0",3,7,"16",3,"cedar"
"1774.0",3,7,"16",3,"cedar"
"1775.0",3,7,"16",3,"fir"
"1777.0",5,7,"16",2,"cedar"
"1778.0",3,7,"16",3,"cedar"
"1779.0",3,7,"16",3,"fir"
"1780.0",3,7,"16",3,"cedar"
"1781.0",3,7,"16",3,"fir"
"1782.0",3,7,"16",3,"cedar"
"1783.0",3,7,"16",3,"cedar"
"1784.0",3,7,"16",3,"cedar"
"1786.0",3,7,"16",3,"cedar"
"1787.0",3,7,"16",3,"cedar"
"1788.0",3,7,"16",3,"cedar"
"1789.0",3,7,"16",3,"cedar"
"1790.0",3,7,"16",3,"cedar"
"1791.0",3,7,"16",3,"cedar"
"1792.0",3,7,"16",3,"cedar"
"1793.0",3,7,"16",3,"cedar"
"1794.0",3,7,"16",3,"cedar"
"1795.0",3,7,"16",3,"cedar"
"1796.0",3,7,"16",3,"cedar"
"1797.0",3,7,"16",3,"cedar"
"1798.0",3,7,"16",3,"fir"
"1799.0",3,7,"16",3,"cedar"
"1800.0",3,7,"16",3,"fir"
"1801.0",3,7,"16",3,"cedar"
"1802.0",3,7,"16",3,"cedar"
"1803.0",3,7,"16",3,"fir"
"1805.0",3,7,"16",3,"fir"
"1806.0",3,7,"16",3,"fir"
"1807.0",3,7,"16",3,"fir"
"1808.0",3,5,"16",2,"fir"
"1809.0",3,7,"16",3,"yellow_pine"
"1810.0",3,7,"16",3,"fir"
"1811.0",3,7,"16",3,"fir"
"1812.0",3,7,"16",3,"cedar"
"1813.0",3,7,"16",3,"fir"
"1814.0",3,7,"16",3,"yellow_pine"
"1815.0",3,7,"16",3,"cedar"
"1816.0",3,7,"16",3,"fir"
"1817.0",3,7,"16",3,"fir"
"1818.0",3,7,"16",3,"white_pine"
"1819.0",3,7,"16",3,"cedar"
"1820.0",3,7,"16",3,"cedar"
"1821.0",3,7,"16",3,"cedar"
"1822.0",3,7,"16",3,"fir"
"1823.0",3,7,"16",3,"fir"
"1826.0",3,5,"16",2,"cedar"
"1829.0",3,7,"16",3,"fir"
"1832.0",3,5,"16",2,"fir"
"1833.0",3,5,"16",2,"fir"
"1836.0",3,5,"16",2,"fir"
"1838.0",3,7,"16",3,"fir"
"1839.0",3,5,"16",2,"fir"
"1842.0",3,5,"16",2,"fir"
"1844.0",3,7,"16",3,"cedar"
"1845.0",3,7,"16",3,"fir"
"1846.0",3,7,"16",3,"fir"
"1848.0",3,7,"16",3,"fir"
"1849.0",3,7,"16",3,"fir"
"1851.0",3,7,"16",3,"fir"
"1853.0",3,7,"16",3,"fir"
"1854.0",3,7,"16",3,"fir"
"1855.0",3,7,"16",3,"cedar"
"1856.0",3,7,"16",3,"fir"
"1857.0",3,7,"16",3,"cedar"
"1858.0",3,7,"16",3,"fir"
"1861.0",3,7,"16",3,"cedar"
"1862.0",3,7,"16",3,"fir"
"1866.0",3,7,"16",3,"cedar"
"1867.0",3,7,"16",3,"cedar"
"1868.0",3,7,"16",3,"cedar"
"1870.0",3,7,"16",3,"cedar"
"1872.0",3,7,"16",3,"cedar"
"1873.0",3,7,"16",3,"fir"
"1874.0",3,7,"16",3,"fir"
"1875.0",3,7,"16",3,"fir"
"1876.0",3,7,"16",3,"cedar"
"1878.0",3,7,"16",3,"fir"
"1879.0",3,5,"16",2,"fir"
"1881.0",3,7,"16",3,"fir"
"1883.0",3,7,"16",3,"fir"
"1884.0",3,5,"16",2,"fir"
"1885.0",3,7,"16",3,"cedar"
"1886.0",3,7,"16",3,"white_pine"
"1887.0",3,7,"16",3,"fir"
"1888.0",3,7,"16",3,"fir"
"1891.0",3,7,"16",3,"fir"
"1892.0",3,7,"16",3,"fir"
"1893.0",3,7,"16",3,"cedar"
"1894.0",3,7,"16",3,"fir"
"1895.0",3,7,"16",3,"fir"
"1897.0",3,7,"16",3,"cedar"
"1898.0",3,5,"16",2,"fir"
"1899.0",3,7,"16",3,"fir"
"1900.0",3,7,"16",3,"cedar"
"1901.0",3,7,"16",3,"cedar"
"1902.0",3,5,"16",2,"fir"
"1904.0",3,5,"16",2,"fir"
"1906.0",3,7,"16",3,"cedar"
"1907.0",3,7,"16",3,"cedar"
"1908.0",3,7,"16",3,"fir"
"1909.0",3,7,"16",3,"cedar"
"1913.0",3,7,"16",3,"yellow_pine"
"1914.0",3,7,"16",3,"fir"
"1915.0",3,7,"16",3,"fir"
"1917.0",3,7,"1",3,"cedar"
"1918.0",3,7,"1",3,"fir"
"1919.0",3,7,"1",3,"white_pine"
"1920.0",3,7,"1",3,"white_pine"
"1921.0",3,7,"1",3,"fir"
"1922.0",3,7,"1",3,"white_pine"
"1923.0",3,7,"1",3,"fir"
"1924.0",3,7,"1",3,"white_pine"
"1925.0",3,7,"1",3,"white_pine"
"1926.0",3,7,"1",3,"white_pine"
"1927.0",3,7,"1",3,"fir"
"1929.0",3,7,"1",3,"fir"
"1930.0",3,7,"1",3,"fir"
"1931.0",3,7,"1",3,"cedar"
"1932.0",3,7,"1",3,"fir"
"1935.0",3,7,"1",3,"fir"
"1936.0",3,7,"1",3,"fir"
"1937.0",3,7,"1",3,"fir"
"1938.0",3,7,"1",3,"fir"
"1939.0",3,7,"1",3,"fir"
"1940.0",3,7,"1",3,"fir"
"1941.0",3,7,"1",3,"fir"
"1942.0",3,7,"1",3,"fir"
"1943.0",3,7,"1",3,"fir"
"1944.0",3,7,"1",3,"fir"
"1945.0",3,7,"1",3,"fir"
"1946.0",3,7,"1",3,"fir"
"1947.0",3,7,"1",3,"fir"
"1948.0",3,7,"1",3,"fir"
"1949.0",3,7,"1",3,"fir"
"1950.0",3,7,"1",3,"fir"
"1951.0",3,7,"1",3,"fir"
"1952.0",3,7,"1",3,"fir"
"1953.0",3,7,"1",3,"fir"
"1954.0",3,7,"1",3,"fir"
"1955.0",3,7,"1",3,"fir"
"1956.0",3,7,"2",3,"white_pine"
"1957.0",3,7,"2",3,"fir"
"1958.0",3,7,"2",3,"fir"
"1959.0",3,7,"2",3,"fir"
"1960.0",3,7,"2",3,"fir"
"1962.0",3,5,"2",2,"fir"
"1963.0",3,7,"2",3,"cedar"
"1964.0",3,7,"2",3,"cedar"
"1965.0",3,7,"2",3,"cedar"
"1966.0",3,7,"2",3,"cedar"
"1967.0",3,7,"2",3,"cedar"
"1968.0",3,7,"2",3,"cedar"
"1969.0",3,7,"2",3,"cedar"
"1970.0",3,7,"2",3,"cedar"
"1971.0",3,7,"2",3,"fir"
"1972.0",3,7,"2",3,"fir"
"1973.0",3,7,"2",3,"fir"
"1974.0",3,7,"2",3,"fir"
"1975.0",3,7,"2",3,"white_pine"
"1976.0",3,7,"2",3,"white_pine"
"1977.0",3,7,"2",3,"white_pine"
"1978.0",3,7,"2",3,"white_pine"
"1979.0",3,7,"2",3,"fir"
"1980.0",3,7,"2",3,"fir"
"1982.0",3,7,"2",3,"fir"
"1983.0",3,7,"2",3,"white_pine"
"1984.0",3,7,"2",3,"cedar"
"1985.0",3,7,"2",3,"fir"
"1986.0",3,7,"2",3,"fir"
"1987.0",3,7,"2",3,"fir"
"1989.0",3,5,"2",2,"cedar"
"1990.0",3,7,"2",3,"fir"
"1997.0",3,5,"2",2,"yellow_pine"
"2001.0",3,7,"16",3,"yellow_pine"
"2002.0",3,7,"16",3,"fir"
"2004.0",3,7,"16",2,"yellow_pine"
"2006.0",3,7,"16",3,"cedar"
"2007.0",3,7,"16",3,"fir"
"2008.0",3,7,"16",3,"fir"
"2010.0",3,7,"16",3,"cedar"
"2011.0",3,7,"16",3,"fir"
"2012.0",3,7,"16",3,"yellow_pine"
"2013.0",3,7,"16",3,"yellow_pine"
"2015.0",3,7,"16",3,"fir"
"2019.0",3,7,"16",3,"fir"
"2020.0",3,7,"16",3,"fir"
"2021.0",3,7,"16",3,"cedar"
"2022.0",5,7,"16",2,"fir"
"2024.0",3,7,"16",3,"white_pine"
"2025.0",3,7,"16",3,"fir"
"2026.0",3,7,"16",3,"cedar"
"2027.0",3,7,"16",3,"cedar"
"2030.0",3,7,"16",3,"fir"
"2033.0",5,7,"16",2,"fir"
"2036.0",3,7,"16",3,"fir"
"2038.0",5,7,"16",2,"cedar"
"2039.0",3,7,"16",3,"fir"
"2040.0",3,7,"16",3,"fir"
"2041.0",3,7,"16",3,"fir"
"2044.0",3,7,"16",3,"cedar"
"2045.0",3,7,"16",3,"cedar"
"2046.0",3,5,"16",2,"fir"
"2047.0",3,7,"16",3,"cedar"
"2048.0",3,7,"16",3,"fir"
"2050.0",3,7,"16",3,"cedar"
"2051.0",3,7,"16",3,"cedar"
"2052.0",3,7,"16",3,"fir"
"2053.0",3,7,"16",3,"fir"
"2054.0",3,7,"16",3,"cedar"
"2055.0",3,7,"16",3,"fir"
"2056.0",3,7,"16",3,"fir"
"2057.0",3,7,"16",3,"cedar"
"2058.0",3,7,"16",3,"fir"
"2061.0",3,7,"16",3,"fir"
"2062.0",3,7,"16",3,"fir"
"2063.0",3,7,"16",3,"fir"
"2064.0",3,7,"16",3,"fir"
"2065.0",3,7,"16",3,"cedar"
"2067.0",3,7,"16",3,"cedar"
"2069.0",3,7,"16",3,"fir"
"2070.0",3,7,"16",3,"fir"
"2073.0",3,7,"16",3,"fir"
"2074.0",3,7,"16",3,"fir"
"2076.0",3,7,"16",3,"fir"
"2077.0",3,5,"16",2,"fir"
"2078.0",3,7,"16",3,"cedar"
"2080.0",3,7,"16",3,"fir"
"2084.0",3,7,"16",3,"white_pine"
"2087.0",3,7,"16",3,"white_pine"
"2088.0",3,7,"16",3,"fir"
"2089.0",3,7,"16",3,"fir"
"2090.0",3,7,"16",3,"fir"
"2091.0",3,7,"16",3,"cedar"
"2094.0",3,7,"16",3,"fir"
"2095.0",3,7,"16",3,"fir"
"2096.0",3,7,"16",3,"cedar"
"2097.0",3,7,"16",3,"white_pine"
"2099.0",3,7,"16",3,"fir"
"2100.0",3,7,"16",3,"fir"
"2102.0",3,7,"16",3,"fir"
"2103.0",3,7,"16",3,"cedar"
"2106.0",3,7,"16",3,"fir"
"2107.0",3,7,"16",3,"cedar"
"2108.0",3,7,"16",3,"fir"
"2110.0",3,7,"16",3,"fir"
"2112.0",3,5,"16",2,"fir"
"2113.0",3,7,"16",3,"fir"
"2117.0",3,7,"16",3,"cedar"
"2119.0",3,7,"16",3,"fir"
"2120.0",3,7,"16",3,"fir"
"2121.0",3,7,"16",3,"fir"
"2123.0",3,7,"16",3,"cedar"
"2126.0",3,5,"22",2,"cedar"
"2127.0",3,7,"22",3,"white_pine"
"2129.0",3,7,"22",3,"fir"
"2131.0",3,7,"22",3,"fir"
"2132.0",3,7,"22",3,"fir"
"2133.0",3,7,"22",3,"fir"
"2134.0",3,7,"22",3,"fir"
"2135.0",3,7,"22",3,"cedar"
"2136.0",3,7,"22",3,"fir"
"2138.0",3,7,"22",3,"white_pine"
"2139.0",3,7,"22",3,"white_pine"
"2140.0",3,7,"22",3,"fir"
"2141.0",3,7,"22",3,"fir"
"2143.0",3,7,"22",3,"white_pine"
"2144.0",3,7,"22",3,"fir"
"2146.0",3,7,"22",3,"yellow_pine"
"2147.0",3,7,"22",3,"yellow_pine"
"2150.0",3,5,"22",2,"cedar"
"2151.0",3,5,"22",2,"cedar"
"2152.0",3,5,"22",2,"cedar"
"2153.0",3,7,"22",3,"cedar"
"2154.0",3,7,"22",3,"fir"
"2156.0",3,7,"22",3,"white_pine"
"2157.0",3,7,"22",3,"fir"
"2158.0",3,7,"22",3,"fir"
"2159.0",3,7,"22",3,"cedar"
"2160.0",3,7,"22",3,"fir"
"2162.0",3,7,"22",3,"fir"
"2163.0",3,7,"22",3,"fir"
"2164.0",3,7,"22",3,"cedar"
"2166.0",3,7,"22",3,"cedar"
"2167.0",3,7,"22",3,"fir"
"2170.0",3,7,"22",3,"fir"
"2173.0",3,7,"22",3,"fir"
"2175.0",3,5,"22",2,"fir"
"2176.0",3,7,"22",3,"fir"
"2177.0",3,7,"22",3,"fir"
"2178.0",3,5,"22",2,"white_pine"
"2179.0",3,7,"22",3,"fir"
"2180.0",3,7,"22",3,"fir"
"2183.0",3,7,"22",3,"fir"
"2184.0",3,5,"22",2,"fir"
"2185.0",3,7,"22",3,"fir"
"2186.0",3,7,"22",3,"fir"
"2187.0",3,7,"22",3,"fir"
"2188.0",3,7,"22",3,"fir"
"2189.0",3,7,"22",3,"white_pine"
"2190.0",3,7,"22",3,"white_pine"
"2191.0",3,7,"22",3,"fir"
"2192.0",3,7,"22",3,"white_pine"
"2193.0",3,7,"22",3,"white_pine"
"2194.0",3,7,"22",3,"cedar"
"2196.0",3,7,"22",3,"white_pine"
"2197.0",3,7,"22",3,"white_pine"
"2198.0",3,7,"22",3,"white_pine"
"2199.0",3,7,"23",3,"fir"
"2201.0",3,7,"23",3,"cedar"
"2202.0",3,7,"23",3,"white_pine"
"2203.0",3,7,"23",3,"white_pine"
"2204.0",3,7,"23",3,"fir"
"2205.0",3,5,"23",2,"white_pine"
"2206.0",3,5,"23",2,"fir"
"2208.0",3,7,"23",3,"fir"
"2211.0",3,7,"23",3,"fir"
"2212.0",3,7,"23",3,"fir"
"2213.0",3,5,"23",2,"cedar"
"2216.0",5,7,"23",2,"cedar"
"2217.0",3,5,"23",2,"cedar"
"2218.0",3,7,"23",3,"cedar"
"2219.0",3,5,"23",2,"fir"
"2220.0",3,7,"23",3,"fir"
"2221.0",3,7,"23",3,"fir"
"2223.0",3,7,"23",3,"fir"
"2224.0",3,7,"23",3,"fir"
"2225.0",3,7,"23",3,"white_pine"
"2226.0",3,7,"23",3,"white_pine"
"2227.0",3,7,"23",3,"cedar"
"2229.0",3,7,"23",3,"cedar"
"2231.0",3,7,"23",3,"fir"
"2232.0",3,7,"23",3,"cedar"
"2233.0",3,7,"23",3,"fir"
"2234.0",3,7,"23",3,"fir"
"2235.0",3,7,"23",3,"cedar"
"2236.0",3,7,"23",3,"cedar"
"2237.0",3,5,"23",2,"white_pine"
"2238.0",3,5,"23",2,"white_pine"
"2240.0",3,5,"23",2,"white_pine"
"2241.0",3,7,"23",3,"cedar"
"2245.0",3,7,"23",3,"cedar"
"2246.0",3,7,"23",3,"fir"
"2247.0",3,7,"23",3,"cedar"
"2248.0",3,7,"23",3,"fir"
"2249.0",3,7,"23",3,"cedar"
"2250.0",3,7,"23",3,"fir"
"2251.0",3,7,"23",3,"fir"
"2252.0",3,7,"23",3,"fir"
"2253.0",3,7,"23",3,"cedar"
"2254.0",3,7,"23",3,"fir"
"2256.0",3,7,"23",3,"fir"
"2257.0",3,7,"23",3,"yellow_pine"
"2258.0",3,7,"23",3,"fir"
"2259.0",3,7,"23",3,"fir"
"2260.0",3,7,"23",3,"cedar"
"2261.0",3,7,"23",3,"fir"
"2262.0",3,7,"23",3,"cedar"
"2263.0",3,5,"23",2,"cedar"
"2264.0",3,7,"23",3,"white_pine"
"2266.0",3,7,"19",3,"fir"
"2270.0",3,5,"19",2,"yellow_pine"
"2271.0",3,7,"19",3,"fir"
"2272.0",3,7,"19",3,"yellow_pine"
"2273.0",3,7,"19",3,"fir"
"2274.0",3,5,"19",2,"yellow_pine"
"2278.0",3,7,"19",3,"fir"
"2281.0",3,7,"19",3,"cedar"
"2282.0",3,7,"19",3,"cedar"
"2283.0",3,7,"19",3,"cedar"
"2284.0",3,7,"19",3,"cedar"
"2287.0",3,7,"19",3,"fir"
"2292.0",3,7,"19",3,"fir"
"2293.0",3,7,"19",3,"fir"
"2296.0",3,7,"19",3,"fir"
"2297.0",3,7,"19",3,"fir"
"2298.0",3,7,"19",3,"fir"
"2299.0",3,7,"19",3,"fir"
"2300.0",3,7,"19",3,"yellow_pine"
"2301.0",3,7,"19",3,"cedar"
"2303.0",3,5,"19",2,"fir"
"2304.0",3,7,"19",3,"white_pine"
"2306.0",3,5,"19",2,"fir"
"2307.0",3,7,"19",3,"fir"
"2309.0",3,7,"19",3,"fir"
"2310.0",3,5,"19",2,"fir"
"2311.0",3,7,"19",3,"white_pine"
"2312.0",3,7,"19",3,"white_pine"
"2314.0",3,7,"19",3,"cedar"
"2315.0",3,7,"19",3,"cedar"
"2316.0",3,7,"19",3,"cedar"
"2318.0",3,5,"19",2,"cedar"
"2320.0",3,7,"19",3,"yellow_pine"
"2321.0",3,7,"19",3,"cedar"
"2323.0",3,7,"19",3,"fir"
"2324.0",3,7,"19",3,"cedar"
"2325.0",3,7,"19",3,"fir"
"2327.0",3,5,"19",2,"fir"
"2328.0",3,7,"19",3,"fir"
"2330.0",3,5,"19",2,"fir"
"2332.0",3,7,"19",3,"fir"
"2333.0",3,5,"19",2,"fir"
"2334.0",3,7,"19",3,"fir"
"2336.0",3,5,"19",2,"fir"
"2338.0",3,5,"19",2,"fir"
"2340.0",3,7,"19",3,"fir"
"2341.0",3,7,"19",3,"fir"
"2342.0",3,7,"19",3,"fir"
"2343.0",3,5,"19",2,"fir"
"2344.0",3,7,"19",3,"fir"
"2345.0",3,7,"19",3,"fir"
"2346.0",3,7,"19",3,"fir"
"2347.0",3,7,"19",3,"fir"
"2348.0",3,5,"19",2,"fir"
"2349.0",3,5,"19",2,"fir"
"2351.0",3,7,"19",3,"fir"
"2352.0",3,5,"19",2,"fir"
"2353.0",3,7,"19",3,"fir"
"2355.0",3,5,"19",2,"fir"
"2359.0",3,5,"19",2,"fir"
"2360.0",3,7,"19",2,"fir"
"2362.0",3,7,"19",3,"fir"
"2363.0",3,7,"19",3,"fir"
"2364.0",3,5,"19",2,"fir"
"2367.0",3,7,"19",3,"fir"
"2368.0",3,7,"19",3,"fir"
"2370.0",3,5,"19",2,"fir"
"2371.0",3,5,"19",2,"fir"
"2372.0",3,5,"19",2,"fir"
"2374.0",3,5,"19",2,"fir"
"2375.0",3,7,"19",3,"fir"
"2376.0",3,7,"19",3,"fir"
"2377.0",3,5,"19",2,"fir"
"2378.0",3,5,"19",2,"white_pine"
"2379.0",3,7,"19",3,"cedar"
"2382.0",3,5,"19",2,"white_pine"
"2383.0",3,7,"19",3,"fir"
"2384.0",3,7,"19",3,"fir"
"2387.0",3,5,"19",2,"fir"
"2388.0",3,7,"19",3,"fir"
"2389.0",3,7,"19",3,"fir"
"2390.0",3,7,"19",3,"fir"
"2391.0",3,7,"19",3,"cedar"
"2392.0",3,7,"19",3,"cedar"
"2393.0",3,7,"19",3,"fir"
"2394.0",3,7,"19",3,"fir"
"2395.0",3,7,"19",3,"cedar"
"2396.0",3,7,"19",3,"fir"
"2400.0",3,5,"19",2,"white_pine"
"2401.0",3,5,"19",2,"white_pine"
"2402.0",3,5,"19",2,"white_pine"
"2403.0",3,7,"19",3,"cedar"
"2404.0",3,7,"19",3,"fir"
"2405.0",3,7,"19",3,"fir"
"2406.0",3,7,"19",3,"fir"
"2407.0",3,7,"19",3,"cedar"
"2408.0",3,5,"19",2,"white_pine"
"2409.0",3,7,"19",3,"fir"
"2411.0",3,7,"19",3,"fir"
"2412.0",3,7,"19",3,"fir"
"2413.0",3,7,"19",3,"fir"
"2414.0",3,7,"19",3,"cedar"
"2415.0",3,7,"19",3,"yellow_pine"
"2416.0",3,7,"19",3,"cedar"
"2418.0",3,7,"19",3,"cedar"
"2419.0",3,7,"19",3,"fir"
"2421.0",3,7,"19",3,"cedar"
"2422.0",3,7,"19",3,"cedar"
"2425.0",3,7,"19",3,"fir"
"2426.0",3,7,"19",3,"yellow_pine"
"2428.0",3,7,"19",3,"fir"
"2429.0",3,7,"19",3,"fir"
"2430.0",3,7,"19",3,"cedar"
"2431.0",3,7,"19",3,"fir"
"2432.0",3,7,"19",3,"cedar"
"2434.0",3,7,"19",3,"fir"
"2435.0",3,7,"19",3,"fir"
"2436.0",3,7,"19",3,"fir"
"2437.0",3,7,"19",3,"yellow_pine"
"2438.0",3,7,"19",3,"fir"
"2440.0",3,7,"19",3,"fir"
"2441.0",3,7,"19",3,"fir"
"2443.0",3,5,"19",2,"white_pine"
"2444.0",3,5,"19",2,"white_pine"
"2445.0",3,7,"19",3,"cedar"
"2446.0",3,7,"19",3,"fir"
"2447.0",3,7,"19",3,"cedar"
"2448.0",3,7,"19",3,"fir"
"2449.0",3,7,"19",3,"fir"
"2453.0",3,7,"19",3,"cedar"
"2454.0",3,7,"19",3,"cedar"
"2455.0",3,7,"19",3,"fir"
"2456.0",3,7,"19",3,"cedar"
"2459.0",3,7,"19",3,"white_pine"
"2460.0",3,7,"19",3,"fir"
"2461.0",3,7,"19",3,"fir"
"2462.0",3,7,"19",3,"cedar"
"2463.0",3,7,"19",3,"yellow_pine"
"2464.0",3,7,"19",3,"fir"
"2465.0",3,7,"19",3,"fir"
"2467.0",3,7,"19",3,"cedar"
"2468.0",3,7,"19",3,"white_pine"
"2469.0",3,7,"19",3,"fir"
"2470.0",3,7,"19",3,"white_pine"
"2471.0",3,7,"19",3,"fir"
"2473.0",3,7,"19",3,"cedar"
"2474.0",3,7,"19",3,"cedar"
"2475.0",3,7,"19",3,"fir"
"2476.0",3,7,"19",3,"fir"
"2477.0",3,7,"19",3,"fir"
"2478.0",3,7,"19",3,"cedar"
"2479.0",3,7,"19",3,"fir"
"2480.0",3,7,"19",3,"fir"
"2481.0",3,7,"19",3,"fir"
"2482.0",3,7,"19",3,"fir"
"2483.0",3,7,"19",3,"fir"
"2484.0",3,7,"19",3,"fir"
"2485.0",3,5,"19",2,"white_pine"
"2486.0",3,5,"19",2,"yellow_pine"
"2487.0",3,7,"19",3,"cedar"
"2489.0",3,5,"19",2,"white_pine"
"2490.0",3,7,"19",3,"fir"
"2491.0",3,7,"19",3,"fir"
"2492.0",3,7,"19",3,"yellow_pine"
"2493.0",3,7,"19",3,"fir"
"2494.0",3,7,"19",3,"fir"
"2495.0",3,7,"19",3,"cedar"
"2497.0",3,7,"19",3,"fir"
"2499.0",3,7,"19",3,"cedar"
"2500.0",3,7,"19",3,"fir"
"2503.0",3,7,"19",3,"fir"
"2504.0",3,7,"19",3,"cedar"
"2505.0",1,7,"24",4,"white_pine"
"2506.0",1,7,"24",4,"white_pine"
"2508.0",1,7,"24",4,"fir"
"2509.0",1,7,"24",4,"fir"
"2511.0",1,7,"24",4,"white_pine"
"2512.0",1,7,"24",4,"white_pine"
"2513.0",1,7,"24",4,"white_pine"
"2514.0",3,7,"24",3,"fir"
"2517.0",1,7,"24",4,"cedar"
"2518.0",1,7,"24",4,"white_pine"
"2519.0",1,7,"24",4,"fir"
"2520.0",1,7,"24",4,"cedar"
"2521.0",1,7,"24",4,"fir"
"2522.0",1,7,"24",4,"fir"
"2524.0",1,7,"24",4,"cedar"
"2526.0",1,7,"24",4,"cedar"
"2527.0",1,7,"24",4,"white_pine"
"2528.0",1,7,"24",4,"fir"
"2529.0",1,7,"24",4,"white_pine"
"2530.0",1,7,"24",4,"cedar"
"2531.0",1,3,"24",2,"cedar"
"2532.0",1,7,"24",4,"fir"
"2533.0",1,7,"24",4,"white_pine"
"2534.0",1,7,"24",4,"fir"
"2535.0",1,7,"24",4,"fir"
"2536.0",1,7,"24",4,"fir"
"2537.0",1,7,"24",4,"cedar"
"2538.0",1,7,"24",4,"fir"
"2539.0",1,7,"24",4,"cedar"
"2541.0",1,7,"24",4,"fir"
"2542.0",3,7,"24",3,"fir"
"2544.0",1,7,"24",4,"fir"
"2547.0",1,7,"24",4,"cedar"
"2548.0",1,7,"24",4,"cedar"
"2549.0",1,7,"24",4,"fir"
"2550.0",1,7,"24",4,"fir"
"2551.0",1,7,"24",4,"cedar"
"2552.0",1,7,"24",4,"fir"
"2553.0",1,7,"24",4,"fir"
"2554.0",1,7,"24",4,"fir"
"2555.0",1,7,"24",4,"fir"
"2556.0",1,7,"24",4,"fir"
"2557.0",1,7,"24",4,"fir"
"2558.0",1,7,"24",4,"fir"
"2562.0",1,7,"24",4,"fir"
"2563.0",1,7,"24",4,"fir"
"2564.0",1,7,"21",3,"white_pine"
"2567.0",1,7,"21",4,"fir"
"2573.0",1,7,"21",4,"white_pine"
"2574.0",1,7,"21",4,"cedar"
"2575.0",1,7,"21",4,"cedar"
"2577.0",1,7,"21",4,"fir"
"2578.0",1,7,"21",4,"fir"
"2579.0",1,7,"21",4,"yellow_pine"
"2580.0",1,7,"21",4,"yellow_pine"
"2581.0",1,7,"21",4,"white_pine"
"2582.0",1,7,"21",4,"cedar"
"2583.0",1,7,"21",4,"fir"
"2584.0",1,7,"21",4,"cedar"
"2585.0",1,7,"21",4,"cedar"
"2586.0",1,7,"21",4,"cedar"
"2588.0",1,7,"21",4,"white_pine"
"2589.0",1,7,"21",4,"white_pine"
"2590.0",1,7,"21",4,"fir"
"2591.0",1,7,"21",4,"white_pine"
"2592.0",1,7,"21",4,"white_pine"
"2593.0",1,7,"21",4,"fir"
"2594.0",1,7,"21",4,"fir"
"2595.0",1,7,"21",4,"fir"
"2598.0",1,5,"21",3,"yellow_pine"
"2599.0",1,7,"21",4,"cedar"
"2600.0",1,7,"21",4,"fir"
"2601.0",1,7,"21",4,"fir"
"2602.0",1,7,"21",4,"fir"
"2603.0",1,7,"21",4,"fir"
"2604.0",1,7,"21",4,"yellow_pine"
"2608.0",1,7,"21",4,"white_pine"
"2609.0",1,7,"21",4,"white_pine"
"2610.0",1,7,"21",4,"white_pine"
"2611.0",1,7,"21",4,"yellow_pine"
"2612.0",1,7,"21",4,"cedar"
"2613.0",1,7,"21",4,"cedar"
"2614.0",1,7,"21",4,"cedar"
"2615.0",1,7,"21",4,"cedar"
"2616.0",1,7,"21",4,"cedar"
"2617.0",1,7,"21",4,"cedar"
"2618.0",1,7,"21",4,"cedar"
"2619.0",1,7,"21",4,"cedar"
"2620.0",1,7,"21",4,"cedar"
"2623.0",1,7,"21",4,"cedar"
"2624.0",1,7,"21",4,"cedar"
"2625.0",3,7,"21",3,"cedar"
"2626.0",3,7,"21",3,"deciduous_oak"
"2628.0",1,7,"21",4,"cedar"
"2629.0",1,7,"21",4,"cedar"
"2632.0",1,7,"21",4,"white_pine"
"2634.0",1,7,"21",4,"fir"
"2636.0",1,7,"20",4,"cedar"
"2637.0",1,7,"20",4,"fir"
"2639.0",1,7,"20",4,"fir"
"2640.0",1,7,"20",4,"fir"
"2641.0",1,7,"20",4,"cedar"
"2642.0",1,7,"20",4,"fir"
"2643.0",1,7,"20",4,"white_pine"
"2646.0",1,7,"20",4,"fir"
"2648.0",1,7,"20",4,"cedar"
"2649.0",1,7,"20",4,"cedar"
"2650.0",1,7,"20",4,"fir"
"2651.0",1,5,"20",3,"fir"
"2652.0",1,5,"20",3,"fir"
"2654.0",1,7,"20",4,"fir"
"2655.0",1,7,"20",4,"cedar"
"2658.0",1,7,"20",4,"fir"
"2659.0",1,5,"20",3,"fir"
"2662.0",1,7,"20",4,"fir"
"2663.0",1,7,"20",4,"fir"
"2664.0",1,7,"20",4,"cedar"
"2665.0",1,7,"20",4,"fir"
"2666.0",1,5,"20",3,"cedar"
"2667.0",1,7,"20",4,"cedar"
"2668.0",3,7,"20",3,"cedar"
"2669.0",1,7,"20",4,"fir"
"2670.0",1,7,"20",4,"cedar"
"2671.0",1,7,"20",4,"fir"
"2672.0",1,7,"20",4,"cedar"
"2673.0",1,7,"20",4,"cedar"
"2677.0",1,7,"20",4,"cedar"
"2678.0",1,7,"20",4,"cedar"
"2679.0",1,5,"20",3,"cedar"
"2680.0",1,7,"20",4,"cedar"
"2682.0",1,5,"20",3,"fir"
"2683.0",1,7,"20",4,"cedar"
"2684.0",3,7,"20",2,"fir"
"2685.0",1,7,"20",4,"cedar"
"2686.0",1,7,"20",4,"yellow_pine"
"2687.0",1,7,"20",4,"cedar"
"2688.0",1,5,"20",3,"white_pine"
"2689.0",1,7,"20",4,"fir"
"2691.0",1,7,"20",4,"cedar"
"2692.0",1,5,"20",3,"fir"
"2693.0",1,7,"20",4,"fir"
"2694.0",1,7,"20",4,"cedar"
"2695.0",1,7,"20",4,"fir"
"2696.0",1,5,"20",3,"fir"
"2697.0",1,7,"20",4,"white_pine"
"2698.0",1,7,"20",4,"white_pine"
"2699.0",1,7,"20",4,"cedar"
"2700.0",1,7,"20",4,"yellow_pine"
"2702.0",1,7,"20",4,"cedar"
"2703.0",1,7,"20",4,"cedar"
"2704.0",1,7,"20",4,"white_pine"
"2705.0",1,7,"20",4,"cedar"
"2707.0",1,7,"20",4,"fir"
"2708.0",1,7,"20",4,"cedar"
"2710.0",1,5,"20",3,"fir"
"2711.0",1,7,"20",4,"yellow_pine"
"2713.0",1,7,"20",4,"fir"
"2714.0",1,7,"20",4,"white_pine"
"2715.0",1,7,"20",4,"fir"
"2716.0",1,7,"20",4,"cedar"
"2718.0",1,7,"20",4,"white_pine"
"2721.0",1,7,"20",4,"cedar"
"2722.0",1,7,"20",4,"cedar"
"2725.0",1,7,"20",4,"white_pine"
"2727.0",1,7,"20",4,"cedar"
"2728.0",1,5,"20",3,"fir"
"2729.0",1,7,"20",4,"yellow_pine"
"2730.0",1,7,"20",4,"cedar"
"2731.0",1,7,"20",4,"white_pine"
"2732.0",1,7,"20",4,"cedar"
"2735.0",1,7,"20",4,"fir"
"2736.0",1,7,"20",4,"yellow_pine"
"2738.0",1,7,"20",4,"fir"
"2739.0",1,7,"20",4,"cedar"
"2741.0",1,7,"20",4,"cedar"
"2742.0",1,7,"20",4,"cedar"
"2743.0",1,7,"20",4,"cedar"
"2745.0",1,7,"20",4,"cedar"
"2746.0",1,7,"20",4,"fir"
"2747.0",1,7,"20",4,"cedar"
"2751.0",1,7,"20",4,"fir"
"2752.0",1,7,"20",4,"cedar"
"2753.0",1,7,"20",4,"cedar"
"2756.0",1,7,"20",4,"cedar"
"2758.0",1,7,"20",4,"fir"
"2759.0",1,7,"20",4,"fir"
"2761.0",1,7,"20",4,"white_pine"
"2762.0",1,7,"20",4,"fir"
"2763.0",1,7,"20",4,"cedar"
"2764.0",1,7,"20",4,"fir"
"2765.0",1,7,"20",4,"cedar"
"2766.0",1,7,"20",4,"fir"
"2767.0",1,7,"20",4,"cedar"
"2768.0",1,7,"20",4,"cedar"
"2769.0",1,7,"20",4,"cedar"
"2770.0",1,7,"20",4,"cedar"
"2771.0",1,7,"20",4,"cedar"
"2772.0",1,7,"20",4,"fir"
"2773.0",1,7,"20",4,"cedar"
"2775.0",1,7,"20",4,"cedar"
"2776.0",1,7,"20",4,"cedar"
"2782.0",1,7,"20",4,"yellow_pine"
"2784.0",1,7,"20",4,"cedar"
"2786.0",1,7,"20",4,"white_pine"
"2787.0",1,7,"20",4,"fir"
"2788.0",1,7,"20",4,"yellow_pine"
"2789.0",1,7,"20",4,"yellow_pine"
"2790.0",1,5,"20",3,"fir"
"2791.0",1,7,"20",4,"white_pine"
"2792.0",1,7,"20",4,"cedar"
"2793.0",1,5,"20",3,"white_pine"
"2794.0",1,7,"20",4,"cedar"
"2796.0",1,7,"20",4,"cedar"
"2797.0",1,7,"20",4,"cedar"
"2798.0",1,7,"20",4,"fir"
"2800.0",1,5,"20",3,"fir"
"2802.0",1,7,"20",4,"yellow_pine"
"2803.0",1,7,"20",4,"white_pine"
"2804.0",1,7,"20",4,"fir"
"2805.0",1,7,"20",4,"fir"
"2806.0",1,7,"20",4,"fir"
"2807.0",1,7,"20",4,"fir"
"2808.0",1,7,"20",4,"fir"
"2809.0",1,7,"20",4,"fir"
"2810.0",1,5,"20",3,"fir"
"2811.0",1,7,"20",4,"fir"
"2813.0",1,7,"20",4,"cedar"
"2816.0",1,3,"20",2,"fir"
"2817.0",1,7,"20",4,"fir"
"2818.0",1,7,"20",4,"cedar"
"2819.0",1,7,"20",4,"fir"
"2821.0",1,7,"20",4,"fir"
"2822.0",1,5,"20",3,"fir"
"2823.0",1,7,"20",4,"fir"
"2824.0",1,7,"20",4,"cedar"
"2826.0",1,7,"20",4,"fir"
"2832.0",1,7,"20",4,"fir"
"2833.0",1,7,"20",4,"cedar"
"2834.0",1,5,"20",3,"fir"
"2835.0",1,7,"20",4,"cedar"
"2836.0",1,7,"20",4,"fir"
"2838.0",1,5,"20",3,"fir"
"2840.0",1,7,"20",4,"fir"
"2841.0",1,7,"20",4,"cedar"
"2842.0",1,7,"20",4,"cedar"
"2843.0",1,7,"20",4,"yellow_pine"
"2845.0",1,7,"20",4,"cedar"
"2846.0",1,7,"20",4,"fir"
"2848.0",3,7,"20",3,"cedar"
"2850.0",1,7,"20",4,"cedar"
"2851.0",1,7,"20",4,"cedar"
"2852.0",1,7,"20",4,"cedar"
"2853.0",1,7,"20",4,"cedar"
"2855.0",1,7,"20",4,"cedar"
"2857.0",1,7,"20",4,"cedar"
"2858.0",1,7,"20",4,"cedar"
"2860.0",1,7,"20",4,"cedar"
"2861.0",1,7,"20",4,"cedar"
"2862.0",5,7,"20",2,"cedar"
"2863.0",1,7,"20",4,"white_pine"
"2864.0",1,7,"20",4,"cedar"
"2865.0",1,7,"20",4,"cedar"
"2866.0",1,7,"20",4,"cedar"
"2869.0",1,7,"20",4,"cedar"
"2870.0",1,7,"20",4,"cedar"
"2871.0",1,7,"20",4,"cedar"
"2872.0",1,7,"20",4,"yellow_pine"
"2873.0",1,7,"20",4,"cedar"
"2875.0",1,7,"20",4,"cedar"
"2876.0",1,7,"20",4,"cedar"
"2881.0",1,7,"20",4,"white_pine"
"2882.0",1,7,"20",4,"fir"
"2883.0",1,7,"20",4,"yellow_pine"
"2886.0",1,7,"20",4,"yellow_pine"
"2887.0",1,7,"20",4,"cedar"
"2888.0",1,7,"20",4,"fir"
"2889.0",1,7,"20",4,"cedar"
"2893.0",1,7,"20",4,"fir"
"2894.0",1,5,"20",3,"fir"
"2896.0",1,7,"20",4,"yellow_pine"
"2897.0",1,7,"20",4,"cedar"
"2898.0",1,7,"20",4,"fir"
"2899.0",1,7,"20",4,"cedar"
"2906.0",1,7,"20",4,"cedar"
"2907.0",1,7,"20",4,"yellow_pine"
"2909.0",1,7,"20",4,"yellow_pine"
"2911.0",1,7,"20",4,"yellow_pine"
"2913.0",1,7,"20",4,"cedar"
"2916.0",1,7,"20",4,"yellow_pine"
"2917.0",1,7,"20",4,"fir"
"2919.0",1,7,"20",4,"cedar"
"2920.0",1,7,"20",4,"cedar"
"2921.0",1,7,"20",4,"fir"
"2922.0",1,7,"20",4,"fir"
"2923.0",1,7,"20",4,"fir"
"2924.0",3,7,"20",3,"white_pine"
"2925.0",1,7,"20",4,"fir"
"2926.0",1,7,"20",4,"cedar"
"2927.0",1,7,"20",4,"yellow_pine"
"2929.0",1,7,"20",4,"cedar"
"2930.0",1,7,"20",4,"fir"
"2932.0",1,7,"20",4,"yellow_pine"
"2934.0",1,7,"20",4,"yellow_pine"
"2935.0",1,7,"20",4,"yellow_pine"
"2936.0",1,7,"20",4,"yellow_pine"
"2937.0",1,7,"20",4,"cedar"
"2938.0",1,7,"20",4,"cedar"
"2939.0",1,7,"20",4,"yellow_pine"
"2940.0",1,7,"20",4,"cedar"
"2941.0",1,7,"20",4,"cedar"
"2942.0",1,7,"20",4,"cedar"
"2943.0",1,7,"20",4,"yellow_pine"
"2944.0",1,7,"20",4,"cedar"
"2945.0",1,7,"20",4,"yellow_pine"
"2947.0",1,7,"20",4,"cedar"
"2948.0",1,7,"20",4,"cedar"
"2949.0",1,7,"20",4,"cedar"
"2950.0",1,7,"20",4,"cedar"
"2951.0",3,7,"3",3,"cedar"
"2952.0",3,7,"3",3,"cedar"
"2954.0",3,7,"3",3,"cedar"
"2960.0",3,7,"3",3,"fir"
"2963.0",3,5,"3",2,"cedar"
"2964.0",3,7,"3",3,"cedar"
"2965.0",3,7,"3",3,"cedar"
"2966.0",3,5,"3",2,"cedar"
"2967.0",3,7,"3",3,"cedar"
"2968.0",3,7,"3",3,"cedar"
"2970.0",3,5,"3",2,"cedar"
"2976.0",3,7,"3",3,"cedar"
"2978.0",3,7,"3",3,"cedar"
"2981.0",3,5,"3",2,"deciduous_oak"
"2984.0",3,7,"3",3,"deciduous_oak"
"2990.0",3,7,"3",3,"cedar"
"2993.0",3,5,"3",2,"cedar"
"2994.0",3,5,"3",2,"cedar"
"2995.0",3,7,"3",3,"deciduous_oak"
"2997.0",3,5,"3",2,"cedar"
"3006.0",3,5,"3",2,"cedar"
"3007.0",3,5,"3",2,"cedar"
"3011.0",3,7,"3",3,"cedar"
"3012.0",3,7,"3",3,"cedar"
"3013.0",3,7,"3",3,"cedar"
"3016.0",3,7,"3",3,"cedar"
"3019.0",3,7,"3",3,"deciduous_oak"
"3020.0",3,7,"3",3,"deciduous_oak"
"3025.0",3,7,"3",3,"cedar"
"3027.0",3,7,"3",3,"cedar"
"3028.0",3,7,"3",3,"cedar"
"3030.0",3,7,"3",3,"cedar"
"3032.0",3,7,"3",3,"cedar"
"3034.0",3,7,"3",3,"cedar"
"3036.0",3,7,"3",3,"fir"
"3037.0",3,7,"3",3,"cedar"
"3038.0",3,7,"3",3,"cedar"
"3042.0",3,7,"3",3,"cedar"
"3046.0",3,7,"3",3,"cedar"
"3049.0",3,7,"3",3,"cedar"
"3050.0",3,7,"3",3,"deciduous_oak"
"3051.0",3,7,"3",3,"cedar"
"3052.0",3,7,"3",3,"deciduous_oak"
"3053.0",3,7,"3",3,"cedar"
"3054.0",3,7,"3",3,"cedar"
"3056.0",3,7,"3",3,"cedar"
"3058.0",3,7,"3",3,"cedar"
"3061.0",3,7,"3",3,"cedar"
"3063.0",3,7,"3",3,"deciduous_oak"
"3067.0",3,7,"3",3,"cedar"
"3068.0",3,7,"3",3,"cedar"
"3069.0",3,7,"3",3,"cedar"
"3071.0",3,7,"3",3,"deciduous_oak"
"3072.0",3,7,"3",3,"cedar"
"3075.0",3,7,"3",3,"fir"
"3077.0",3,7,"3",3,"cedar"
"3078.0",3,7,"3",3,"cedar"
"3079.0",3,7,"3",3,"cedar"
"3080.0",3,7,"3",3,"cedar"
"3081.0",3,7,"3",3,"cedar"
"3082.0",3,7,"3",3,"cedar"
"3083.0",3,7,"3",3,"cedar"
"3084.0",3,7,"3",3,"cedar"
"3085.0",3,7,"3",3,"cedar"
"3087.0",3,7,"3",3,"fir"
"3089.0",3,7,"3",3,"cedar"
"3092.0",3,7,"3",3,"cedar"
"3104.0",3,7,"2",3,"fir"
"3105.0",3,7,"2",3,"fir"
"3106.0",3,5,"2",2,"fir"
"3108.0",3,7,"2",3,"fir"
"3109.0",3,7,"2",3,"yellow_pine"
"3110.0",3,7,"2",3,"fir"
"3111.0",3,7,"2",3,"fir"
"3113.0",3,7,"2",3,"cedar"
"3114.0",3,7,"2",3,"fir"
"3116.0",3,7,"2",3,"cedar"
"3118.0",3,7,"2",3,"cedar"
"3119.0",3,7,"2",3,"cedar"
"3120.0",3,7,"2",3,"yellow_pine"
"3121.0",3,7,"2",3,"fir"
"3122.0",3,7,"2",3,"fir"
"3123.0",3,7,"2",3,"fir"
"3124.0",3,5,"2",2,"fir"
"3126.0",3,7,"3",3,"fir"
"3128.0",3,7,"3",3,"cedar"
"3129.0",3,7,"3",3,"fir"
"3130.0",3,7,"3",3,"cedar"
"3131.0",3,7,"3",3,"white_pine"
"3132.0",3,7,"3",3,"fir"
"3134.0",3,7,"3",3,"fir"
"3135.0",3,7,"3",3,"cedar"
"3136.0",3,7,"3",3,"cedar"
"3138.0",3,5,"3",2,"fir"
"3139.0",3,7,"3",3,"fir"
"3141.0",3,5,"3",2,"cedar"
"3142.0",3,5,"3",2,"cedar"
"3146.0",3,7,"3",3,"yellow_pine"
"3151.0",3,7,"3",3,"cedar"
"3152.0",3,7,"3",3,"cedar"
"3153.0",3,7,"3",3,"fir"
"3154.0",3,7,"3",3,"cedar"
"3156.0",3,7,"3",3,"cedar"
"3157.0",3,7,"3",3,"cedar"
"3159.0",3,5,"3",2,"cedar"
"3161.0",3,5,"3",2,"cedar"
"3164.0",3,7,"3",3,"fir"
"3166.0",3,7,"3",3,"fir"
"3167.0",3,7,"3",3,"fir"
"3171.0",3,7,"3",3,"fir"
"3175.0",3,5,"3",2,"white_pine"
"3180.0",3,7,"3",3,"fir"
"3181.0",3,5,"3",2,"fir"
"3182.0",3,7,"3",3,"fir"
"3184.0",3,5,"3",2,"fir"
"3185.0",3,5,"3",2,"yellow_pine"
"3188.0",3,7,"3",3,"yellow_pine"
"3191.0",3,5,"3",2,"white_pine"
"3193.0",3,5,"3",2,"fir"
"3194.0",3,5,"3",2,"fir"
"3198.0",3,7,"3",3,"fir"
"3201.0",3,5,"3",2,"fir"
"3202.0",3,5,"3",2,"white_pine"
"3205.0",3,5,"3",2,"cedar"
"3223.0",3,5,"3",2,"yellow_pine"
"3247.0",3,7,"3",3,"fir"
"3251.0",3,7,"3",3,"cedar"
"3257.0",3,7,"3",3,"fir"
"3258.0",3,7,"3",3,"fir"
"3260.0",3,7,"3",3,"fir"
"3261.0",3,7,"3",3,"fir"
"3262.0",3,7,"3",3,"fir"
"3263.0",3,7,"3",3,"cedar"
"3265.0",3,7,"3",3,"cedar"
"3268.0",3,7,"3",3,"fir"
"3269.0",3,7,"3",3,"fir"
"3270.0",3,7,"3",3,"fir"
"3271.0",3,7,"3",3,"deciduous_oak"
"3274.0",3,7,"3",3,"cedar"
"3275.0",3,7,"3",3,"fir"
"3276.0",3,5,"3",2,"fir"
"3277.0",3,7,"3",3,"fir"
"3279.0",3,7,"3",3,"fir"
"3281.0",3,5,"3",2,"fir"
"3284.0",3,7,"3",3,"cedar"
"3289.0",3,7,"3",3,"fir"
"3291.0",3,7,"3",3,"fir"
"3292.0",3,7,"3",3,"fir"
"3294.0",3,7,"3",3,"fir"
"3295.0",3,7,"3",3,"fir"
"3298.0",3,5,"3",2,"fir"
"3299.0",3,5,"3",2,"fir"
"3300.0",3,5,"3",2,"fir"
"3301.0",3,7,"3",3,"fir"
"3302.0",3,7,"3",3,"fir"
"3303.0",3,7,"3",3,"cedar"
"3306.0",3,7,"3",3,"cedar"
"3307.0",3,7,"3",3,"fir"
"3308.0",3,5,"3",2,"fir"
"3309.0",3,5,"3",2,"white_pine"
"3310.0",3,5,"3",2,"fir"
"3312.0",3,7,"3",3,"fir"
"3314.0",3,5,"3",2,"white_pine"
"3315.0",3,5,"3",2,"white_pine"
"3316.0",3,7,"3",3,"fir"
"3320.0",3,7,"3",3,"cedar"
"3322.0",3,7,"3",3,"cedar"
"3323.0",3,5,"3",2,"white_pine"
"3324.0",3,7,"3",3,"cedar"
"3325.0",3,5,"3",2,"cedar"
"3327.0",3,5,"3",2,"cedar"
"3328.0",3,7,"3",3,"fir"
"3329.0",3,5,"3",2,"cedar"
"3336.0",3,7,"3",3,"cedar"
"3337.0",3,7,"3",3,"fir"
"3338.0",3,5,"3",2,"cedar"
"3339.0",3,7,"3",3,"fir"
"3341.0",3,7,"3",3,"fir"
"3343.0",3,7,"3",3,"cedar"
"3346.0",3,7,"3",3,"white_pine"
"3348.0",3,7,"3",3,"fir"
"3353.0",3,5,"3",2,"fir"
"3354.0",3,7,"3",3,"fir"
"3355.0",3,7,"3",3,"fir"
"3358.0",3,7,"3",3,"fir"
"3359.0",3,7,"3",2,"fir"
"3362.0",3,7,"3",3,"fir"
"3364.0",1,7,"5",4,"cedar"
"3365.0",1,7,"5",4,"yellow_pine"
"3367.0",1,7,"5",4,"cedar"
"3368.0",1,7,"5",4,"yellow_pine"
"3369.0",1,7,"5",4,"yellow_pine"
"3370.0",1,7,"5",4,"cedar"
"3371.0",1,7,"5",4,"cedar"
"3372.0",1,7,"5",4,"white_pine"
"3374.0",1,7,"5",4,"cedar"
"3375.0",1,7,"5",4,"fir"
"3376.0",1,7,"5",4,"fir"
"3379.0",1,7,"5",4,"fir"
"3380.0",1,7,"5",4,"fir"
"3381.0",1,7,"5",4,"fir"
"3382.0",1,7,"5",4,"fir"
"3383.0",1,7,"5",4,"white_pine"
"3386.0",1,7,"5",4,"white_pine"
"3387.0",1,7,"5",4,"cedar"
"3389.0",1,5,"5",3,"cedar"
"3391.0",1,7,"5",4,"white_pine"
"3392.0",1,5,"5",3,"fir"
"3393.0",1,7,"5",4,"fir"
"3395.0",1,7,"5",4,"cedar"
"3396.0",1,7,"5",4,"white_pine"
"3397.0",1,7,"5",3,"fir"
"3398.0",1,7,"5",4,"fir"
"3399.0",1,7,"5",4,"fir"
"3400.0",1,7,"5",4,"fir"
"3401.0",1,7,"5",4,"fir"
"3402.0",1,7,"5",4,"white_pine"
"3403.0",1,7,"5",4,"fir"
"3405.0",1,7,"5",4,"cedar"
"3406.0",1,7,"5",4,"cedar"
"3407.0",1,7,"5",4,"white_pine"
"3408.0",1,7,"5",4,"white_pine"
"3409.0",1,7,"5",4,"white_pine"
"3410.0",1,7,"5",4,"cedar"
"3411.0",1,7,"5",3,"cedar"
"3412.0",1,7,"5",4,"fir"
"3414.0",1,7,"5",4,"white_pine"
"3415.0",3,7,"5",3,"cedar"
"3416.0",1,7,"5",4,"yellow_pine"
"3418.0",1,5,"4",3,"fir"
"3419.0",1,7,"4",4,"cedar"
"3420.0",1,7,"4",4,"fir"
"3421.0",1,7,"4",4,"fir"
"3422.0",1,7,"4",4,"fir"
"3423.0",1,7,"4",4,"fir"
"3424.0",1,7,"4",4,"fir"
"3425.0",1,7,"4",4,"fir"
"3426.0",1,7,"4",4,"fir"
"3427.0",1,7,"4",4,"fir"
"3429.0",1,7,"4",4,"fir"
"3430.0",1,7,"4",4,"yellow_pine"
"3431.0",1,7,"4",4,"fir"
"3432.0",1,7,"4",4,"yellow_pine"
"3433.0",1,7,"4",4,"fir"
"3434.0",1,7,"4",4,"fir"
"3436.0",1,7,"4",4,"fir"
"3437.0",1,7,"4",4,"fir"
"3438.0",1,7,"4",4,"fir"
"3439.0",1,7,"4",4,"yellow_pine"
"3440.0",1,7,"4",4,"cedar"
"3441.0",1,7,"4",4,"cedar"
"3442.0",1,7,"4",4,"yellow_pine"
"3443.0",1,7,"4",4,"fir"
"3444.0",1,7,"4",4,"fir"
"3445.0",1,7,"4",4,"fir"
"3446.0",1,7,"4",4,"cedar"
"3447.0",1,7,"4",4,"cedar"
"3448.0",1,7,"4",4,"fir"
"3449.0",1,7,"4",4,"fir"
"3450.0",1,7,"4",3,"fir"
"3451.0",1,7,"4",4,"cedar"
"3453.0",1,7,"4",4,"cedar"
"3455.0",1,7,"4",4,"cedar"
"3456.0",1,7,"4",4,"fir"
"3458.0",1,7,"4",4,"other_conifer"
"3459.0",1,7,"4",4,"yellow_pine"
"3460.0",1,3,"4",2,"cedar"
"3461.0",3,7,"4",3,"cedar"
"3462.0",1,7,"4",4,"cedar"
"3463.0",1,7,"4",4,"cedar"
"3465.0",1,7,"4",4,"fir"
"3466.0",1,7,"4",4,"fir"
"3467.0",1,7,"4",4,"fir"
"3468.0",1,7,"4",4,"white_pine"
"3469.0",1,7,"4",4,"white_pine"
"3470.0",1,7,"4",4,"cedar"
"3471.0",1,7,"4",4,"fir"
"3473.0",1,7,"4",4,"cedar"
"3474.0",1,7,"4",4,"white_pine"
"3476.0",1,7,"6",4,"cedar"
"3478.0",1,7,"6",4,"fir"
"3480.0",1,7,"6",4,"fir"
"3482.0",1,7,"6",4,"cedar"
"3483.0",1,7,"6",4,"fir"
"3484.0",1,7,"6",4,"cedar"
"3485.0",1,7,"6",4,"white_pine"
"3487.0",1,7,"6",4,"fir"
"3488.0",1,7,"6",4,"white_pine"
"3489.0",1,7,"6",4,"cedar"
"3490.0",1,7,"6",4,"white_pine"
"3491.0",1,7,"6",4,"fir"
"3492.0",1,7,"6",4,"white_pine"
"3493.0",1,7,"6",4,"cedar"
"3494.0",1,7,"6",4,"cedar"
"3495.0",1,7,"6",4,"cedar"
"3496.0",1,7,"6",4,"cedar"
"3499.0",1,3,"6",2,"cedar"
"3501.0",1,7,"6",4,"fir"
"3502.0",1,7,"6",4,"cedar"
"3503.0",1,7,"6",4,"cedar"
"3505.0",1,7,"6",4,"white_pine"
"3507.0",1,7,"6",4,"fir"
"3509.0",1,7,"6",4,"white_pine"
"3511.0",1,3,"6",2,"cedar"
"3512.0",1,7,"6",4,"cedar"
"3513.0",1,7,"6",4,"fir"
"3515.0",1,7,"6",4,"fir"
"3516.0",1,7,"6",4,"fir"
"3517.0",1,5,"6",3,"fir"
"3518.0",1,5,"6",3,"fir"
"3519.0",1,7,"6",4,"fir"
"3520.0",1,5,"6",3,"fir"
"3521.0",1,7,"6",4,"cedar"
"3523.0",1,7,"6",4,"fir"
"3525.0",1,7,"6",4,"fir"
"3526.0",1,7,"6",4,"fir"
"3528.0",1,7,"6",4,"fir"
"3529.0",1,5,"6",3,"fir"
"3530.0",1,5,"6",3,"fir"
"3531.0",1,7,"6",4,"fir"
"3532.0",1,5,"6",3,"fir"
"3533.0",1,3,"6",2,"fir"
"3534.0",1,7,"6",4,"white_pine"
"3535.0",1,7,"6",4,"cedar"
"3537.0",1,7,"6",4,"fir"
"3538.0",1,7,"6",4,"white_pine"
"3539.0",1,5,"6",3,"fir"
"3541.0",1,7,"6",4,"cedar"
"3542.0",1,7,"6",4,"cedar"
"3544.0",1,5,"6",3,"fir"
"3546.0",1,7,"6",4,"cedar"
"3548.0",1,5,"6",3,"fir"
"3549.0",1,7,"6",4,"fir"
"3551.0",1,3,"6",2,"fir"
"3552.0",1,7,"6",4,"fir"
"3553.0",3,5,"6",2,"fir"
"3554.0",1,7,"6",4,"fir"
"3555.0",1,7,"6",4,"fir"
"3557.0",1,7,"6",4,"cedar"
"3560.0",1,7,"6",4,"fir"
"3561.0",1,7,"6",4,"cedar"
"3563.0",1,7,"6",4,"cedar"
"3565.0",1,7,"6",4,"cedar"
"3566.0",1,7,"6",4,"cedar"
"3568.0",1,7,"6",4,"fir"
"3569.0",1,7,"6",4,"cedar"
"3570.0",1,7,"6",4,"fir"
"3571.0",1,7,"6",4,"fir"
"3572.0",1,7,"6",4,"cedar"
"3574.0",1,7,"6",4,"cedar"
"3575.0",1,7,"6",4,"fir"
"3576.0",1,7,"6",4,"fir"
"3578.0",1,7,"6",4,"white_pine"
"3579.0",1,7,"6",4,"fir"
"3581.0",1,7,"6",4,"white_pine"
"3582.0",1,7,"6",4,"fir"
"3584.0",1,7,"6",4,"cedar"
"3585.0",1,7,"6",4,"cedar"
"3587.0",1,7,"6",4,"fir"
"3589.0",1,7,"6",4,"cedar"
"3590.0",1,7,"6",4,"fir"
"3591.0",1,7,"6",4,"white_pine"
"3592.0",1,7,"6",4,"fir"
"3593.0",1,7,"6",4,"cedar"
"3595.0",1,7,"6",4,"cedar"
"3596.0",1,7,"6",4,"cedar"
"3599.0",1,7,"6",4,"fir"
"3600.0",1,7,"6",4,"fir"
"3601.0",1,7,"6",4,"fir"
"3602.0",1,7,"6",4,"cedar"
"3603.0",1,7,"6",4,"white_pine"
"3604.0",1,7,"6",4,"fir"
"3606.0",1,7,"6",4,"cedar"
"3610.0",1,7,"6",4,"cedar"
"3612.0",1,7,"6",4,"cedar"
"3615.0",1,7,"6",4,"fir"
"3616.0",1,7,"6",4,"cedar"
"3617.0",1,7,"6",4,"fir"
"3620.0",1,7,"6",4,"fir"
"3622.0",1,7,"6",4,"fir"
"3623.0",1,7,"6",4,"cedar"
"3624.0",1,7,"6",4,"fir"
"3625.0",1,7,"6",4,"cedar"
"3626.0",1,7,"6",4,"cedar"
"3628.0",1,7,"6",4,"white_pine"
"3629.0",1,7,"6",4,"white_pine"
"3630.0",1,7,"6",4,"fir"
"3631.0",1,7,"6",4,"fir"
"3632.0",1,7,"6",4,"fir"
"3633.0",1,7,"6",4,"cedar"
"3634.0",1,7,"6",4,"fir"
"3635.0",1,7,"6",4,"fir"
"3637.0",1,7,"6",4,"fir"
"3638.0",1,7,"6",4,"fir"
"3640.0",1,7,"6",4,"cedar"
"3642.0",1,7,"6",4,"cedar"
"3644.0",1,7,"6",4,"fir"
"3645.0",1,7,"6",4,"fir"
"3646.0",1,7,"6",4,"cedar"
"3647.0",1,7,"6",4,"fir"
"3648.0",1,7,"6",4,"fir"
"3650.0",1,7,"6",4,"fir"
"3652.0",1,7,"6",4,"fir"
"3654.0",1,7,"6",4,"fir"
"3656.0",1,7,"6",4,"fir"
"3659.0",1,7,"6",4,"fir"
"3661.0",1,3,"6",2,"white_pine"
"3662.0",1,7,"6",4,"fir"
"3665.0",1,7,"6",4,"cedar"
"3666.0",1,7,"6",4,"cedar"
"3670.0",1,7,"6",4,"white_pine"
"3672.0",1,7,"6",4,"fir"
"3673.0",1,7,"6",4,"white_pine"
"3674.0",1,7,"6",4,"white_pine"
"3675.0",1,7,"6",4,"fir"
"3676.0",1,7,"6",4,"white_pine"
"3678.0",1,7,"6",4,"fir"
"3680.0",1,7,"6",4,"fir"
"3681.0",1,5,"6",3,"fir"
"3685.0",1,7,"6",4,"cedar"
"3686.0",1,7,"6",4,"cedar"
"3687.0",1,7,"6",4,"cedar"
"3688.0",1,7,"6",4,"cedar"
"3693.0",1,7,"6",4,"cedar"
"3695.0",1,7,"6",4,"cedar"
"3697.0",1,7,"6",4,"fir"
"3699.0",1,7,"6",4,"cedar"
"3700.0",1,7,"6",4,"cedar"
"3701.0",1,7,"6",4,"fir"
"3704.0",1,7,"6",4,"fir"
"3706.0",1,7,"6",4,"fir"
"3708.0",1,7,"6",4,"fir"
"3710.0",1,7,"6",4,"cedar"
"3712.0",1,7,"6",4,"fir"
"3713.0",1,7,"6",4,"fir"
"3714.0",1,7,"6",4,"fir"
"3717.0",1,7,"6",4,"fir"
"3718.0",1,7,"6",4,"fir"
"3719.0",1,7,"6",4,"cedar"
"3720.0",1,7,"6",4,"cedar"
"3722.0",1,7,"6",4,"fir"
"3726.0",1,7,"6",4,"fir"
"3727.0",1,7,"6",4,"cedar"
"3728.0",1,7,"6",4,"white_pine"
"3730.0",1,7,"6",4,"fir"
"3731.0",1,7,"6",4,"fir"
"3733.0",1,7,"6",4,"cedar"
"3734.0",1,7,"6",4,"fir"
"3735.0",1,7,"6",4,"cedar"
"3736.0",1,7,"6",4,"fir"
"3737.0",1,7,"6",4,"cedar"
"3738.0",1,7,"6",4,"cedar"
"3739.0",3,7,"15",3,"yellow_pine"
"3752.0",3,7,"19",3,"cedar"
"3757.0",1,7,"7",4,"fir"
"3761.0",1,7,"10",4,"fir"
"3783.0",1,7,"8",4,"yellow_pine"
"3790.0",3,7,"13",3,"fir"
"3800.0",3,7,"23",3,"cedar"
"3901.0",3,5,"23",2,"fir"
