"TreeID","1","2","3","4","5","6","7","8"
"2.0",1,3,5,7,NA,NA,NA,NA
"3.0",1,3,5,7,NA,NA,NA,NA
"4.0",1,3,5,7,NA,NA,NA,NA
"5.0",1,3,5,7,NA,NA,NA,NA
"7.0",1,3,5,7,NA,NA,NA,NA
"8.0",1,3,5,7,NA,NA,NA,NA
"9.0",1,3,5,7,NA,NA,NA,NA
"11.0",1,3,5,7,NA,NA,NA,NA
"12.0",1,3,5,7,NA,NA,NA,NA
"13.0",1,3,5,7,NA,NA,NA,NA
"14.0",1,3,5,7,NA,NA,NA,NA
"15.0",1,3,5,7,NA,NA,NA,NA
"16.0",1,3,5,7,NA,NA,NA,NA
"17.0",1,3,5,7,NA,NA,NA,NA
"19.0",1,3,5,NA,NA,NA,NA,NA
"20.0",1,3,5,7,NA,NA,NA,NA
"21.0",1,3,5,7,NA,NA,NA,NA
"22.0",3,5,7,NA,NA,NA,NA,NA
"23.0",1,3,5,7,NA,NA,NA,NA
"24.0",1,3,5,NA,NA,NA,NA,NA
"26.0",3,5,7,NA,NA,NA,NA,NA
"27.0",3,5,7,NA,NA,NA,NA,NA
"28.0",1,3,5,7,NA,NA,NA,NA
"31.0",1,3,5,NA,NA,NA,NA,NA
"32.0",1,3,5,7,NA,NA,NA,NA
"33.0",1,3,5,7,NA,NA,NA,NA
"34.0",1,3,5,7,NA,NA,NA,NA
"35.0",1,3,5,7,NA,NA,NA,NA
"36.0",1,3,5,7,NA,NA,NA,NA
"37.0",1,3,5,7,NA,NA,NA,NA
"38.0",1,3,5,7,NA,NA,NA,NA
"40.0",3,5,7,NA,NA,NA,NA,NA
"41.0",1,3,5,7,NA,NA,NA,NA
"42.0",1,3,5,7,NA,NA,NA,NA
"43.0",1,3,5,7,NA,NA,NA,NA
"44.0",1,3,5,7,NA,NA,NA,NA
"45.0",5,7,NA,NA,NA,NA,NA,NA
"46.0",1,3,5,7,NA,NA,NA,NA
"47.0",1,3,5,7,NA,NA,NA,NA
"48.0",1,3,5,7,NA,NA,NA,NA
"49.0",1,3,5,7,NA,NA,NA,NA
"51.0",1,3,5,7,NA,NA,NA,NA
"52.0",1,3,5,7,NA,NA,NA,NA
"53.0",3,5,7,NA,NA,NA,NA,NA
"54.0",1,3,5,7,NA,NA,NA,NA
"55.0",1,3,5,7,NA,NA,NA,NA
"56.0",1,3,5,7,NA,NA,NA,NA
"57.0",1,3,5,7,NA,NA,NA,NA
"58.0",1,3,5,7,NA,NA,NA,NA
"60.0",1,3,5,7,NA,NA,NA,NA
"62.0",1,3,5,7,NA,NA,NA,NA
"64.0",1,3,5,7,NA,NA,NA,NA
"65.0",1,3,5,7,NA,NA,NA,NA
"66.0",1,3,5,7,NA,NA,NA,NA
"67.0",1,3,5,7,NA,NA,NA,NA
"68.0",1,3,5,7,NA,NA,NA,NA
"69.0",1,3,5,7,NA,NA,NA,NA
"71.0",1,3,5,7,NA,NA,NA,NA
"73.0",1,3,NA,NA,NA,NA,NA,NA
"75.0",1,3,5,7,NA,NA,NA,NA
"76.0",1,3,5,7,NA,NA,NA,NA
"77.0",1,3,5,NA,NA,NA,NA,NA
"78.0",3,5,7,NA,NA,NA,NA,NA
"80.0",1,3,5,7,NA,NA,NA,NA
"81.0",1,3,5,7,NA,NA,NA,NA
"82.0",1,3,5,7,NA,NA,NA,NA
"83.0",1,3,5,7,NA,NA,NA,NA
"84.0",3,5,7,NA,NA,NA,NA,NA
"85.0",1,3,5,7,NA,NA,NA,NA
"86.0",1,3,5,7,NA,NA,NA,NA
"87.0",1,3,5,7,NA,NA,NA,NA
"88.0",1,3,5,7,NA,NA,NA,NA
"89.0",1,3,5,7,NA,NA,NA,NA
"90.0",1,3,5,7,NA,NA,NA,NA
"92.0",1,3,5,7,NA,NA,NA,NA
"93.0",1,3,5,7,NA,NA,NA,NA
"94.0",1,3,5,7,NA,NA,NA,NA
"95.0",1,3,5,7,NA,NA,NA,NA
"96.0",1,3,5,7,NA,NA,NA,NA
"99.0",1,3,5,7,NA,NA,NA,NA
"100.0",1,3,5,7,NA,NA,NA,NA
"101.0",1,3,5,7,NA,NA,NA,NA
"102.0",1,3,5,7,NA,NA,NA,NA
"103.0",1,3,5,7,NA,NA,NA,NA
"104.0",1,3,5,7,NA,NA,NA,NA
"105.0",1,3,5,7,NA,NA,NA,NA
"106.0",1,3,5,7,NA,NA,NA,NA
"107.0",1,3,5,7,NA,NA,NA,NA
"109.0",1,3,5,7,NA,NA,NA,NA
"110.0",1,3,5,7,NA,NA,NA,NA
"111.0",1,3,5,7,NA,NA,NA,NA
"112.0",1,3,7,NA,NA,NA,NA,NA
"113.0",1,3,5,7,NA,NA,NA,NA
"114.0",1,3,5,7,NA,NA,NA,NA
"115.0",1,3,5,7,NA,NA,NA,NA
"116.0",1,3,5,7,NA,NA,NA,NA
"117.0",1,3,5,7,NA,NA,NA,NA
"119.0",1,3,5,NA,NA,NA,NA,NA
"120.0",1,3,5,7,NA,NA,NA,NA
"123.0",1,3,NA,NA,NA,NA,NA,NA
"124.0",1,3,5,7,NA,NA,NA,NA
"125.0",1,3,5,7,NA,NA,NA,NA
"126.0",1,3,5,7,NA,NA,NA,NA
"127.0",1,3,5,7,NA,NA,NA,NA
"128.0",1,3,5,7,NA,NA,NA,NA
"129.0",1,3,5,7,NA,NA,NA,NA
"130.0",3,5,7,NA,NA,NA,NA,NA
"133.0",1,3,5,7,NA,NA,NA,NA
"134.0",1,3,5,7,NA,NA,NA,NA
"135.0",1,3,5,7,NA,NA,NA,NA
"136.0",1,3,5,7,NA,NA,NA,NA
"137.0",1,3,5,7,NA,NA,NA,NA
"138.0",1,3,5,7,NA,NA,NA,NA
"139.0",1,3,5,7,NA,NA,NA,NA
"140.0",1,3,5,7,NA,NA,NA,NA
"141.0",1,3,5,7,NA,NA,NA,NA
"142.0",1,3,5,7,NA,NA,NA,NA
"143.0",1,3,5,7,NA,NA,NA,NA
"144.0",1,3,5,7,NA,NA,NA,NA
"145.0",1,3,5,7,NA,NA,NA,NA
"146.0",1,3,5,7,NA,NA,NA,NA
"147.0",1,3,5,7,NA,NA,NA,NA
"148.0",1,3,5,7,NA,NA,NA,NA
"149.0",1,3,5,NA,NA,NA,NA,NA
"151.0",1,3,5,7,NA,NA,NA,NA
"153.0",1,3,5,7,NA,NA,NA,NA
"154.0",1,3,5,7,NA,NA,NA,NA
"155.0",1,3,5,7,NA,NA,NA,NA
"156.0",1,3,5,7,NA,NA,NA,NA
"157.0",5,7,NA,NA,NA,NA,NA,NA
"159.0",1,3,5,7,NA,NA,NA,NA
"166.0",1,3,5,7,NA,NA,NA,NA
"170.0",1,3,5,7,NA,NA,NA,NA
"171.0",1,3,5,7,NA,NA,NA,NA
"172.0",1,3,5,7,NA,NA,NA,NA
"173.0",1,3,5,7,NA,NA,NA,NA
"174.0",1,3,5,7,NA,NA,NA,NA
"177.0",1,3,5,7,NA,NA,NA,NA
"178.0",1,3,5,7,NA,NA,NA,NA
"181.0",1,3,5,7,NA,NA,NA,NA
"182.0",1,3,5,7,NA,NA,NA,NA
"184.0",1,3,5,7,NA,NA,NA,NA
"186.0",1,3,5,7,NA,NA,NA,NA
"187.0",1,3,5,7,NA,NA,NA,NA
"189.0",1,3,5,7,NA,NA,NA,NA
"190.0",1,3,5,7,NA,NA,NA,NA
"191.0",1,3,5,7,NA,NA,NA,NA
"193.0",5,7,NA,NA,NA,NA,NA,NA
"194.0",1,3,5,7,NA,NA,NA,NA
"195.0",1,3,5,7,NA,NA,NA,NA
"196.0",1,3,5,7,NA,NA,NA,NA
"200.0",1,3,5,7,NA,NA,NA,NA
"204.0",1,3,5,7,NA,NA,NA,NA
"205.0",1,3,5,7,NA,NA,NA,NA
"206.0",1,3,5,7,NA,NA,NA,NA
"207.0",1,3,5,7,NA,NA,NA,NA
"208.0",1,3,5,7,NA,NA,NA,NA
"209.0",1,3,5,7,NA,NA,NA,NA
"210.0",1,3,5,7,NA,NA,NA,NA
"211.0",1,3,5,7,NA,NA,NA,NA
"212.0",1,3,5,7,NA,NA,NA,NA
"215.0",1,3,5,7,NA,NA,NA,NA
"216.0",1,3,5,7,NA,NA,NA,NA
"217.0",1,3,5,7,NA,NA,NA,NA
"218.0",1,3,5,7,NA,NA,NA,NA
"221.0",1,3,5,7,NA,NA,NA,NA
"222.0",1,3,5,7,NA,NA,NA,NA
"225.0",1,3,7,NA,NA,NA,NA,NA
"226.0",1,3,5,7,NA,NA,NA,NA
"227.0",1,3,5,7,NA,NA,NA,NA
"230.0",1,3,5,7,NA,NA,NA,NA
"231.0",1,3,5,7,NA,NA,NA,NA
"232.0",1,3,5,NA,NA,NA,NA,NA
"235.0",1,3,5,7,NA,NA,NA,NA
"237.0",1,3,5,7,NA,NA,NA,NA
"238.0",1,3,5,7,NA,NA,NA,NA
"240.0",1,3,5,7,NA,NA,NA,NA
"242.0",1,3,5,7,NA,NA,NA,NA
"246.0",1,3,5,7,NA,NA,NA,NA
"247.0",1,3,5,7,NA,NA,NA,NA
"248.0",1,3,5,7,NA,NA,NA,NA
"249.0",1,3,5,7,NA,NA,NA,NA
"255.0",1,3,5,7,NA,NA,NA,NA
"256.0",1,3,5,7,NA,NA,NA,NA
"258.0",5,7,NA,NA,NA,NA,NA,NA
"261.0",1,3,5,7,NA,NA,NA,NA
"262.0",1,3,5,7,NA,NA,NA,NA
"263.0",1,3,5,7,NA,NA,NA,NA
"265.0",1,3,5,7,NA,NA,NA,NA
"267.0",1,3,5,7,NA,NA,NA,NA
"269.0",1,3,5,7,NA,NA,NA,NA
"270.0",1,3,5,7,NA,NA,NA,NA
"271.0",1,3,5,7,NA,NA,NA,NA
"273.0",1,3,5,7,NA,NA,NA,NA
"274.0",3,5,7,NA,NA,NA,NA,NA
"277.0",1,3,5,7,NA,NA,NA,NA
"281.0",1,3,5,7,NA,NA,NA,NA
"282.0",1,3,5,7,NA,NA,NA,NA
"285.0",1,3,5,7,NA,NA,NA,NA
"291.0",1,3,5,7,NA,NA,NA,NA
"294.0",1,3,5,7,NA,NA,NA,NA
"295.0",1,3,5,7,NA,NA,NA,NA
"298.0",1,3,5,7,NA,NA,NA,NA
"299.0",1,3,5,7,NA,NA,NA,NA
"301.0",1,3,5,7,NA,NA,NA,NA
"302.0",1,3,5,7,NA,NA,NA,NA
"305.0",1,3,5,7,NA,NA,NA,NA
"306.0",1,3,5,7,NA,NA,NA,NA
"307.0",1,3,5,7,NA,NA,NA,NA
"310.0",1,3,5,7,NA,NA,NA,NA
"311.0",1,3,5,7,NA,NA,NA,NA
"312.0",1,3,5,7,NA,NA,NA,NA
"315.0",1,3,5,7,NA,NA,NA,NA
"317.0",1,3,5,7,NA,NA,NA,NA
"318.0",1,3,5,7,NA,NA,NA,NA
"319.0",1,3,5,7,NA,NA,NA,NA
"320.0",1,3,5,7,NA,NA,NA,NA
"321.0",1,3,5,7,NA,NA,NA,NA
"322.0",1,3,5,7,NA,NA,NA,NA
"323.0",1,3,5,7,NA,NA,NA,NA
"325.0",1,3,5,7,NA,NA,NA,NA
"326.0",1,3,5,7,NA,NA,NA,NA
"333.0",1,3,5,7,NA,NA,NA,NA
"334.0",1,3,5,7,NA,NA,NA,NA
"337.0",3,5,7,NA,NA,NA,NA,NA
"339.0",3,5,7,NA,NA,NA,NA,NA
"340.0",1,3,5,7,NA,NA,NA,NA
"341.0",1,3,5,7,NA,NA,NA,NA
"342.0",1,3,5,7,NA,NA,NA,NA
"343.0",1,3,5,7,NA,NA,NA,NA
"344.0",1,3,5,7,NA,NA,NA,NA
"345.0",1,3,5,7,NA,NA,NA,NA
"346.0",1,3,5,7,NA,NA,NA,NA
"347.0",1,3,5,7,NA,NA,NA,NA
"348.0",1,3,5,NA,NA,NA,NA,NA
"349.0",1,3,5,7,NA,NA,NA,NA
"350.0",1,3,5,7,NA,NA,NA,NA
"352.0",1,3,5,7,NA,NA,NA,NA
"353.0",1,3,5,7,NA,NA,NA,NA
"354.0",1,3,5,7,NA,NA,NA,NA
"356.0",1,3,5,7,NA,NA,NA,NA
"357.0",1,3,5,7,NA,NA,NA,NA
"358.0",1,3,5,7,NA,NA,NA,NA
"359.0",1,3,5,7,NA,NA,NA,NA
"360.0",1,3,5,7,NA,NA,NA,NA
"364.0",1,3,5,7,NA,NA,NA,NA
"365.0",1,3,5,7,NA,NA,NA,NA
"369.0",1,3,5,7,NA,NA,NA,NA
"370.0",1,3,5,7,NA,NA,NA,NA
"373.0",1,3,5,7,NA,NA,NA,NA
"374.0",1,3,5,7,NA,NA,NA,NA
"375.0",1,3,5,7,NA,NA,NA,NA
"376.0",1,3,5,7,NA,NA,NA,NA
"382.0",1,3,5,7,NA,NA,NA,NA
"383.0",1,3,5,7,NA,NA,NA,NA
"384.0",1,3,5,7,NA,NA,NA,NA
"386.0",1,3,5,7,NA,NA,NA,NA
"387.0",1,3,5,7,NA,NA,NA,NA
"388.0",1,3,5,7,NA,NA,NA,NA
"389.0",1,3,5,7,NA,NA,NA,NA
"391.0",1,3,5,7,NA,NA,NA,NA
"392.0",1,3,5,7,NA,NA,NA,NA
"394.0",1,3,5,7,NA,NA,NA,NA
"397.0",1,3,5,7,NA,NA,NA,NA
"398.0",1,3,5,7,NA,NA,NA,NA
"399.0",1,3,5,7,NA,NA,NA,NA
"402.0",1,3,5,7,NA,NA,NA,NA
"404.0",1,3,NA,NA,NA,NA,NA,NA
"405.0",1,3,5,NA,NA,NA,NA,NA
"406.0",1,3,5,7,NA,NA,NA,NA
"407.0",1,3,5,7,NA,NA,NA,NA
"408.0",1,3,5,7,NA,NA,NA,NA
"411.0",1,3,5,7,NA,NA,NA,NA
"413.0",1,3,5,7,NA,NA,NA,NA
"414.0",3,5,7,NA,NA,NA,NA,NA
"417.0",1,3,5,7,NA,NA,NA,NA
"418.0",1,3,5,7,NA,NA,NA,NA
"420.0",1,3,5,7,NA,NA,NA,NA
"421.0",1,3,5,7,NA,NA,NA,NA
"422.0",1,3,5,7,NA,NA,NA,NA
"424.0",1,3,5,NA,NA,NA,NA,NA
"425.0",1,3,5,7,NA,NA,NA,NA
"429.0",1,3,5,7,NA,NA,NA,NA
"430.0",1,3,5,7,NA,NA,NA,NA
"431.0",1,3,5,7,NA,NA,NA,NA
"432.0",1,3,5,7,NA,NA,NA,NA
"433.0",1,3,5,7,NA,NA,NA,NA
"436.0",1,3,5,7,NA,NA,NA,NA
"437.0",1,3,5,7,NA,NA,NA,NA
"438.0",1,3,5,7,NA,NA,NA,NA
"441.0",1,3,5,7,NA,NA,NA,NA
"443.0",1,3,5,NA,NA,NA,NA,NA
"444.0",1,3,5,7,NA,NA,NA,NA
"447.0",1,3,5,7,NA,NA,NA,NA
"450.0",1,3,5,7,NA,NA,NA,NA
"451.0",1,3,5,7,NA,NA,NA,NA
"455.0",3,5,7,NA,NA,NA,NA,NA
"456.0",1,3,5,7,NA,NA,NA,NA
"457.0",1,3,5,7,NA,NA,NA,NA
"458.0",1,3,5,7,NA,NA,NA,NA
"463.0",1,3,5,NA,NA,NA,NA,NA
"466.0",1,3,5,7,NA,NA,NA,NA
"467.0",1,3,5,NA,NA,NA,NA,NA
"469.0",1,3,5,7,NA,NA,NA,NA
"471.0",1,3,5,7,NA,NA,NA,NA
"472.0",1,3,5,7,NA,NA,NA,NA
"474.0",1,3,5,7,NA,NA,NA,NA
"475.0",1,3,5,7,NA,NA,NA,NA
"477.0",1,3,5,7,NA,NA,NA,NA
"478.0",1,3,5,7,NA,NA,NA,NA
"479.0",1,3,5,7,NA,NA,NA,NA
"481.0",1,3,5,7,NA,NA,NA,NA
"482.0",1,3,5,NA,NA,NA,NA,NA
"484.0",1,3,5,7,NA,NA,NA,NA
"485.0",1,3,5,7,NA,NA,NA,NA
"487.0",1,3,5,7,NA,NA,NA,NA
"488.0",1,3,5,7,NA,NA,NA,NA
"491.0",1,3,5,7,NA,NA,NA,NA
"492.0",1,3,5,7,NA,NA,NA,NA
"494.0",1,3,5,7,NA,NA,NA,NA
"496.0",1,3,5,7,NA,NA,NA,NA
"498.0",1,3,5,7,NA,NA,NA,NA
"499.0",1,3,5,7,NA,NA,NA,NA
"500.0",1,3,5,7,NA,NA,NA,NA
"501.0",1,3,5,7,NA,NA,NA,NA
"503.0",1,3,5,7,NA,NA,NA,NA
"504.0",1,3,5,7,NA,NA,NA,NA
"505.0",1,3,5,7,NA,NA,NA,NA
"507.0",1,3,5,7,NA,NA,NA,NA
"508.0",1,3,5,7,NA,NA,NA,NA
"513.0",1,3,5,7,NA,NA,NA,NA
"516.0",1,3,5,7,NA,NA,NA,NA
"517.0",1,3,5,7,NA,NA,NA,NA
"519.0",1,3,5,7,NA,NA,NA,NA
"522.0",1,3,5,7,NA,NA,NA,NA
"524.0",1,3,5,7,NA,NA,NA,NA
"525.0",1,3,5,7,NA,NA,NA,NA
"526.0",1,3,5,7,NA,NA,NA,NA
"527.0",1,3,5,7,NA,NA,NA,NA
"528.0",1,3,5,7,NA,NA,NA,NA
"529.0",1,3,5,7,NA,NA,NA,NA
"530.0",1,3,5,7,NA,NA,NA,NA
"533.0",1,3,5,7,NA,NA,NA,NA
"534.0",1,3,5,7,NA,NA,NA,NA
"535.0",1,3,5,7,NA,NA,NA,NA
"536.0",1,3,5,7,NA,NA,NA,NA
"538.0",1,3,5,7,NA,NA,NA,NA
"539.0",1,3,5,7,NA,NA,NA,NA
"540.0",1,3,5,7,NA,NA,NA,NA
"541.0",1,3,5,7,NA,NA,NA,NA
"543.0",1,3,NA,NA,NA,NA,NA,NA
"544.0",1,3,5,7,NA,NA,NA,NA
"545.0",1,3,5,7,NA,NA,NA,NA
"548.0",1,3,5,7,NA,NA,NA,NA
"551.0",1,3,5,NA,NA,NA,NA,NA
"552.0",1,3,5,7,NA,NA,NA,NA
"553.0",1,3,5,7,NA,NA,NA,NA
"554.0",1,3,5,7,NA,NA,NA,NA
"555.0",1,3,5,7,NA,NA,NA,NA
"559.0",1,3,5,7,NA,NA,NA,NA
"562.0",1,3,5,7,NA,NA,NA,NA
"564.0",1,3,5,7,NA,NA,NA,NA
"565.0",1,3,5,7,NA,NA,NA,NA
"566.0",1,3,5,7,NA,NA,NA,NA
"568.0",1,3,5,7,NA,NA,NA,NA
"569.0",1,3,5,7,NA,NA,NA,NA
"570.0",1,3,5,7,NA,NA,NA,NA
"571.0",1,3,5,7,NA,NA,NA,NA
"574.0",1,3,5,7,NA,NA,NA,NA
"575.0",1,3,5,7,NA,NA,NA,NA
"576.0",1,3,5,7,NA,NA,NA,NA
"577.0",1,3,5,7,NA,NA,NA,NA
"578.0",1,3,5,7,NA,NA,NA,NA
"581.0",5,7,NA,NA,NA,NA,NA,NA
"584.0",1,3,5,7,NA,NA,NA,NA
"585.0",1,3,5,7,NA,NA,NA,NA
"586.0",1,3,5,7,NA,NA,NA,NA
"587.0",1,3,5,7,NA,NA,NA,NA
"588.0",1,3,5,7,NA,NA,NA,NA
"589.0",1,3,5,7,NA,NA,NA,NA
"590.0",1,3,5,NA,NA,NA,NA,NA
"591.0",1,3,5,7,NA,NA,NA,NA
"592.0",1,3,5,NA,NA,NA,NA,NA
"595.0",1,3,5,7,NA,NA,NA,NA
"596.0",1,3,5,7,NA,NA,NA,NA
"601.0",1,3,5,7,NA,NA,NA,NA
"602.0",1,3,5,7,NA,NA,NA,NA
"603.0",1,3,5,7,NA,NA,NA,NA
"604.0",1,3,5,7,NA,NA,NA,NA
"607.0",1,3,5,NA,NA,NA,NA,NA
"608.0",1,3,5,7,NA,NA,NA,NA
"609.0",1,3,5,7,NA,NA,NA,NA
"611.0",1,3,5,NA,NA,NA,NA,NA
"614.0",1,3,5,7,NA,NA,NA,NA
"617.0",1,3,5,7,NA,NA,NA,NA
"618.0",1,3,5,7,NA,NA,NA,NA
"623.0",1,3,5,7,NA,NA,NA,NA
"624.0",1,3,5,7,NA,NA,NA,NA
"625.0",1,3,5,7,NA,NA,NA,NA
"627.0",1,3,5,7,NA,NA,NA,NA
"628.0",1,3,5,NA,NA,NA,NA,NA
"630.0",1,3,5,7,NA,NA,NA,NA
"631.0",1,3,5,7,NA,NA,NA,NA
"632.0",1,3,5,7,NA,NA,NA,NA
"639.0",1,3,5,7,NA,NA,NA,NA
"640.0",1,3,5,7,NA,NA,NA,NA
"642.0",1,3,5,7,NA,NA,NA,NA
"643.0",1,3,5,7,NA,NA,NA,NA
"644.0",3,5,7,NA,NA,NA,NA,NA
"645.0",1,3,5,7,NA,NA,NA,NA
"648.0",1,3,5,7,NA,NA,NA,NA
"649.0",1,3,5,7,NA,NA,NA,NA
"650.0",1,3,5,7,NA,NA,NA,NA
"651.0",1,3,5,7,NA,NA,NA,NA
"654.0",1,3,5,7,NA,NA,NA,NA
"661.0",1,3,5,7,NA,NA,NA,NA
"662.0",5,7,NA,NA,NA,NA,NA,NA
"663.0",1,3,5,7,NA,NA,NA,NA
"665.0",1,3,5,7,NA,NA,NA,NA
"669.0",1,3,5,7,NA,NA,NA,NA
"670.0",5,7,NA,NA,NA,NA,NA,NA
"671.0",1,3,5,7,NA,NA,NA,NA
"672.0",1,3,5,7,NA,NA,NA,NA
"673.0",1,3,5,7,NA,NA,NA,NA
"674.0",1,3,5,7,NA,NA,NA,NA
"675.0",1,3,5,7,NA,NA,NA,NA
"676.0",1,3,5,7,NA,NA,NA,NA
"677.0",1,3,5,7,NA,NA,NA,NA
"678.0",1,3,5,7,NA,NA,NA,NA
"680.0",1,3,5,7,NA,NA,NA,NA
"681.0",1,3,5,7,NA,NA,NA,NA
"682.0",1,3,5,7,NA,NA,NA,NA
"684.0",1,3,5,7,NA,NA,NA,NA
"685.0",1,3,5,7,NA,NA,NA,NA
"689.0",1,3,5,7,NA,NA,NA,NA
"690.0",1,3,5,7,NA,NA,NA,NA
"691.0",1,3,5,7,NA,NA,NA,NA
"692.0",1,3,5,7,NA,NA,NA,NA
"694.0",1,3,5,7,NA,NA,NA,NA
"695.0",1,3,5,7,NA,NA,NA,NA
"698.0",1,3,NA,NA,NA,NA,NA,NA
"699.0",1,3,5,7,NA,NA,NA,NA
"700.0",1,3,5,7,NA,NA,NA,NA
"701.0",1,3,5,7,NA,NA,NA,NA
"704.0",1,3,5,7,NA,NA,NA,NA
"705.0",1,3,5,7,NA,NA,NA,NA
"709.0",1,3,5,7,NA,NA,NA,NA
"711.0",1,3,5,7,NA,NA,NA,NA
"713.0",1,3,5,7,NA,NA,NA,NA
"715.0",1,3,5,7,NA,NA,NA,NA
"716.0",1,3,5,7,NA,NA,NA,NA
"718.0",1,3,5,7,NA,NA,NA,NA
"719.0",1,3,5,7,NA,NA,NA,NA
"721.0",1,3,5,7,NA,NA,NA,NA
"723.0",5,7,NA,NA,NA,NA,NA,NA
"726.0",1,3,5,7,NA,NA,NA,NA
"727.0",1,3,5,7,NA,NA,NA,NA
"728.0",3,5,7,NA,NA,NA,NA,NA
"731.0",1,3,5,7,NA,NA,NA,NA
"734.0",1,3,5,7,NA,NA,NA,NA
"735.0",1,3,5,7,NA,NA,NA,NA
"736.0",3,5,7,NA,NA,NA,NA,NA
"740.0",1,3,5,7,NA,NA,NA,NA
"741.0",1,3,5,7,NA,NA,NA,NA
"742.0",1,3,5,7,NA,NA,NA,NA
"743.0",1,3,5,7,NA,NA,NA,NA
"745.0",1,3,5,7,NA,NA,NA,NA
"746.0",1,3,5,7,NA,NA,NA,NA
"751.0",1,3,5,7,NA,NA,NA,NA
"759.0",1,3,5,7,NA,NA,NA,NA
"762.0",1,3,5,7,NA,NA,NA,NA
"763.0",1,3,5,7,NA,NA,NA,NA
"764.0",1,3,5,7,NA,NA,NA,NA
"765.0",1,3,NA,NA,NA,NA,NA,NA
"768.0",1,3,5,7,NA,NA,NA,NA
"771.0",1,3,5,7,NA,NA,NA,NA
"772.0",1,3,5,7,NA,NA,NA,NA
"773.0",1,3,5,7,NA,NA,NA,NA
"774.0",1,3,5,7,NA,NA,NA,NA
"775.0",1,3,5,NA,NA,NA,NA,NA
"777.0",1,3,5,7,NA,NA,NA,NA
"784.0",1,3,5,7,NA,NA,NA,NA
"785.0",1,3,5,7,NA,NA,NA,NA
"788.0",1,3,5,7,NA,NA,NA,NA
"789.0",1,3,5,7,NA,NA,NA,NA
"791.0",1,3,5,7,NA,NA,NA,NA
"794.0",1,3,5,7,NA,NA,NA,NA
"797.0",1,3,5,7,NA,NA,NA,NA
"798.0",1,3,5,7,NA,NA,NA,NA
"799.0",1,3,NA,NA,NA,NA,NA,NA
"802.0",1,3,5,7,NA,NA,NA,NA
"803.0",1,3,NA,NA,NA,NA,NA,NA
"805.0",1,3,5,7,NA,NA,NA,NA
"806.0",1,3,5,7,NA,NA,NA,NA
"811.0",1,3,5,7,NA,NA,NA,NA
"812.0",1,3,5,7,NA,NA,NA,NA
"815.0",1,3,5,7,NA,NA,NA,NA
"818.0",1,3,5,7,NA,NA,NA,NA
"820.0",1,3,5,7,NA,NA,NA,NA
"823.0",1,3,5,7,NA,NA,NA,NA
"824.0",1,3,5,7,NA,NA,NA,NA
"827.0",1,3,5,7,NA,NA,NA,NA
"829.0",1,3,5,7,NA,NA,NA,NA
"830.0",1,3,5,7,NA,NA,NA,NA
"831.0",1,3,5,7,NA,NA,NA,NA
"832.0",1,3,5,7,NA,NA,NA,NA
"833.0",1,3,5,7,NA,NA,NA,NA
"834.0",1,3,5,7,NA,NA,NA,NA
"835.0",1,3,5,7,NA,NA,NA,NA
"838.0",1,3,5,7,NA,NA,NA,NA
"839.0",1,3,5,7,NA,NA,NA,NA
"840.0",1,3,5,7,NA,NA,NA,NA
"842.0",1,3,5,7,NA,NA,NA,NA
"843.0",1,3,5,7,NA,NA,NA,NA
"844.0",1,3,5,7,NA,NA,NA,NA
"846.0",1,3,5,7,NA,NA,NA,NA
"847.0",1,3,5,7,NA,NA,NA,NA
"850.0",1,3,5,7,NA,NA,NA,NA
"851.0",1,3,5,7,NA,NA,NA,NA
"854.0",3,5,7,NA,NA,NA,NA,NA
"855.0",1,3,5,7,NA,NA,NA,NA
"856.0",1,3,5,7,NA,NA,NA,NA
"860.0",1,3,5,7,NA,NA,NA,NA
"861.0",1,3,5,7,NA,NA,NA,NA
"862.0",1,3,5,7,NA,NA,NA,NA
"864.0",1,3,5,7,NA,NA,NA,NA
"868.0",3,5,7,NA,NA,NA,NA,NA
"869.0",1,3,5,7,NA,NA,NA,NA
"871.0",1,3,5,7,NA,NA,NA,NA
"874.0",1,3,5,7,NA,NA,NA,NA
"878.0",1,3,5,7,NA,NA,NA,NA
"885.0",1,3,5,7,NA,NA,NA,NA
"886.0",1,3,5,7,NA,NA,NA,NA
"888.0",1,3,5,7,NA,NA,NA,NA
"891.0",1,3,5,7,NA,NA,NA,NA
"893.0",1,3,5,7,NA,NA,NA,NA
"894.0",1,3,5,7,NA,NA,NA,NA
"895.0",1,3,5,7,NA,NA,NA,NA
"899.0",1,3,5,NA,NA,NA,NA,NA
"902.0",1,3,5,7,NA,NA,NA,NA
"903.0",1,3,5,7,NA,NA,NA,NA
"905.0",1,3,5,7,NA,NA,NA,NA
"907.0",1,3,5,7,NA,NA,NA,NA
"908.0",1,3,5,7,NA,NA,NA,NA
"909.0",1,3,NA,NA,NA,NA,NA,NA
"911.0",3,5,7,NA,NA,NA,NA,NA
"914.0",1,3,5,7,NA,NA,NA,NA
"915.0",1,3,5,7,NA,NA,NA,NA
"920.0",1,3,5,7,NA,NA,NA,NA
"921.0",1,3,5,7,NA,NA,NA,NA
"924.0",1,3,5,7,NA,NA,NA,NA
"925.0",1,3,5,7,NA,NA,NA,NA
"928.0",1,3,5,NA,NA,NA,NA,NA
"930.0",1,3,5,7,NA,NA,NA,NA
"932.0",1,3,5,7,NA,NA,NA,NA
"935.0",1,3,5,7,NA,NA,NA,NA
"936.0",1,3,5,7,NA,NA,NA,NA
"937.0",1,3,5,7,NA,NA,NA,NA
"941.0",1,3,5,7,NA,NA,NA,NA
"942.0",1,3,NA,NA,NA,NA,NA,NA
"943.0",1,3,5,7,NA,NA,NA,NA
"944.0",1,3,5,7,NA,NA,NA,NA
"946.0",1,3,5,NA,NA,NA,NA,NA
"949.0",1,3,5,7,NA,NA,NA,NA
"950.0",1,3,5,7,NA,NA,NA,NA
"951.0",1,3,5,7,NA,NA,NA,NA
"953.0",1,3,5,7,NA,NA,NA,NA
"958.0",1,3,5,7,NA,NA,NA,NA
"960.0",1,3,NA,NA,NA,NA,NA,NA
"961.0",1,3,5,7,NA,NA,NA,NA
"963.0",1,3,5,7,NA,NA,NA,NA
"964.0",1,3,5,7,NA,NA,NA,NA
"965.0",1,3,5,7,NA,NA,NA,NA
"966.0",1,3,5,7,NA,NA,NA,NA
"967.0",1,3,5,7,NA,NA,NA,NA
"970.0",3,5,7,NA,NA,NA,NA,NA
"973.0",1,3,5,7,NA,NA,NA,NA
"974.0",1,3,5,NA,NA,NA,NA,NA
"976.0",1,3,5,7,NA,NA,NA,NA
"977.0",1,3,5,7,NA,NA,NA,NA
"978.0",1,3,5,7,NA,NA,NA,NA
"979.0",1,3,5,7,NA,NA,NA,NA
"981.0",1,3,5,7,NA,NA,NA,NA
"985.0",1,3,5,7,NA,NA,NA,NA
"987.0",1,3,5,7,NA,NA,NA,NA
"988.0",1,3,5,7,NA,NA,NA,NA
"990.0",1,3,5,7,NA,NA,NA,NA
"991.0",1,3,5,7,NA,NA,NA,NA
"992.0",1,3,5,7,NA,NA,NA,NA
"994.0",1,3,5,7,NA,NA,NA,NA
"995.0",1,3,5,7,NA,NA,NA,NA
"998.0",1,3,5,7,NA,NA,NA,NA
"1000.0",1,3,5,7,NA,NA,NA,NA
"1001.0",1,3,5,7,NA,NA,NA,NA
"1002.0",1,3,5,7,NA,NA,NA,NA
"1003.0",1,3,5,7,NA,NA,NA,NA
"1004.0",1,3,5,7,NA,NA,NA,NA
"1005.0",1,3,5,7,NA,NA,NA,NA
"1006.0",1,3,5,7,NA,NA,NA,NA
"1007.0",1,3,5,7,NA,NA,NA,NA
"1008.0",1,3,5,7,NA,NA,NA,NA
"1009.0",1,3,5,7,NA,NA,NA,NA
"1010.0",1,3,5,7,NA,NA,NA,NA
"1011.0",1,3,5,7,NA,NA,NA,NA
"1012.0",1,3,5,7,NA,NA,NA,NA
"1013.0",1,3,5,7,NA,NA,NA,NA
"1014.0",1,3,5,7,NA,NA,NA,NA
"1015.0",1,3,5,7,NA,NA,NA,NA
"1016.0",1,3,5,7,NA,NA,NA,NA
"1017.0",1,3,5,7,NA,NA,NA,NA
"1018.0",1,3,5,7,NA,NA,NA,NA
"1019.0",1,3,5,7,NA,NA,NA,NA
"1021.0",1,3,5,NA,NA,NA,NA,NA
"1022.0",1,3,5,7,NA,NA,NA,NA
"1023.0",5,7,NA,NA,NA,NA,NA,NA
"1024.0",1,3,5,7,NA,NA,NA,NA
"1025.0",1,3,5,7,NA,NA,NA,NA
"1026.0",1,3,5,7,NA,NA,NA,NA
"1027.0",1,3,5,7,NA,NA,NA,NA
"1028.0",1,3,5,7,NA,NA,NA,NA
"1029.0",1,3,5,NA,NA,NA,NA,NA
"1030.0",1,3,5,7,NA,NA,NA,NA
"1032.0",1,3,5,7,NA,NA,NA,NA
"1033.0",1,3,5,7,NA,NA,NA,NA
"1034.0",1,3,5,7,NA,NA,NA,NA
"1035.0",1,3,5,7,NA,NA,NA,NA
"1036.0",1,3,5,7,NA,NA,NA,NA
"1037.0",1,3,NA,NA,NA,NA,NA,NA
"1038.0",1,3,NA,NA,NA,NA,NA,NA
"1042.0",1,3,5,7,NA,NA,NA,NA
"1043.0",1,3,5,7,NA,NA,NA,NA
"1044.0",1,3,5,7,NA,NA,NA,NA
"1045.0",1,3,5,7,NA,NA,NA,NA
"1046.0",1,3,5,7,NA,NA,NA,NA
"1047.0",1,3,5,7,NA,NA,NA,NA
"1048.0",1,3,5,7,NA,NA,NA,NA
"1049.0",1,3,5,7,NA,NA,NA,NA
"1050.0",1,3,5,7,NA,NA,NA,NA
"1051.0",1,3,5,7,NA,NA,NA,NA
"1052.0",1,3,5,7,NA,NA,NA,NA
"1053.0",1,3,5,7,NA,NA,NA,NA
"1054.0",1,3,5,7,NA,NA,NA,NA
"1055.0",1,3,5,7,NA,NA,NA,NA
"1056.0",1,3,5,7,NA,NA,NA,NA
"1057.0",1,3,5,7,NA,NA,NA,NA
"1058.0",1,3,5,7,NA,NA,NA,NA
"1059.0",1,3,5,7,NA,NA,NA,NA
"1060.0",1,3,5,7,NA,NA,NA,NA
"1061.0",1,3,5,7,NA,NA,NA,NA
"1062.0",1,3,5,7,NA,NA,NA,NA
"1063.0",1,3,5,7,NA,NA,NA,NA
"1064.0",1,3,5,7,NA,NA,NA,NA
"1065.0",1,3,5,7,NA,NA,NA,NA
"1066.0",1,3,5,NA,NA,NA,NA,NA
"1067.0",1,3,5,7,NA,NA,NA,NA
"1068.0",1,3,5,7,NA,NA,NA,NA
"1069.0",1,3,5,7,NA,NA,NA,NA
"1070.0",1,3,5,7,NA,NA,NA,NA
"1071.0",1,3,5,7,NA,NA,NA,NA
"1073.0",1,3,5,7,NA,NA,NA,NA
"1074.0",1,3,5,7,NA,NA,NA,NA
"1075.0",1,3,5,7,NA,NA,NA,NA
"1076.0",1,3,5,7,NA,NA,NA,NA
"1077.0",1,3,5,7,NA,NA,NA,NA
"1078.0",1,3,5,7,NA,NA,NA,NA
"1079.0",1,3,5,7,NA,NA,NA,NA
"1080.0",1,3,5,7,NA,NA,NA,NA
"1082.0",1,3,5,7,NA,NA,NA,NA
"1083.0",1,3,5,7,NA,NA,NA,NA
"1084.0",3,5,7,NA,NA,NA,NA,NA
"1086.0",1,3,5,7,NA,NA,NA,NA
"1087.0",1,3,5,7,NA,NA,NA,NA
"1088.0",1,3,5,7,NA,NA,NA,NA
"1089.0",1,3,5,7,NA,NA,NA,NA
"1090.0",1,3,5,7,NA,NA,NA,NA
"1091.0",1,3,5,7,NA,NA,NA,NA
"1092.0",1,3,5,7,NA,NA,NA,NA
"1093.0",1,3,5,7,NA,NA,NA,NA
"1094.0",1,3,5,7,NA,NA,NA,NA
"1095.0",1,3,5,7,NA,NA,NA,NA
"1096.0",1,3,5,7,NA,NA,NA,NA
"1097.0",1,3,5,7,NA,NA,NA,NA
"1098.0",1,3,5,7,NA,NA,NA,NA
"1099.0",1,3,5,7,NA,NA,NA,NA
"1100.0",1,3,5,7,NA,NA,NA,NA
"1101.0",1,3,5,7,NA,NA,NA,NA
"1102.0",3,5,7,NA,NA,NA,NA,NA
"1104.0",1,3,5,7,NA,NA,NA,NA
"1105.0",1,3,5,7,NA,NA,NA,NA
"1106.0",1,3,5,7,NA,NA,NA,NA
"1107.0",1,3,5,7,NA,NA,NA,NA
"1108.0",1,3,5,7,NA,NA,NA,NA
"1109.0",1,3,5,7,NA,NA,NA,NA
"1110.0",1,3,5,7,NA,NA,NA,NA
"1111.0",1,3,5,7,NA,NA,NA,NA
"1112.0",1,3,5,7,NA,NA,NA,NA
"1113.0",1,3,5,7,NA,NA,NA,NA
"1114.0",1,3,5,7,NA,NA,NA,NA
"1115.0",1,3,5,7,NA,NA,NA,NA
"1116.0",1,3,5,7,NA,NA,NA,NA
"1117.0",1,3,5,7,NA,NA,NA,NA
"1118.0",1,3,5,7,NA,NA,NA,NA
"1119.0",1,3,5,7,NA,NA,NA,NA
"1120.0",1,3,5,7,NA,NA,NA,NA
"1121.0",1,3,5,7,NA,NA,NA,NA
"1122.0",1,3,5,7,NA,NA,NA,NA
"1123.0",1,3,5,7,NA,NA,NA,NA
"1125.0",1,3,5,7,NA,NA,NA,NA
"1126.0",1,3,5,7,NA,NA,NA,NA
"1127.0",1,3,5,7,NA,NA,NA,NA
"1128.0",1,3,5,7,NA,NA,NA,NA
"1129.0",1,3,5,7,NA,NA,NA,NA
"1130.0",1,3,5,7,NA,NA,NA,NA
"1131.0",1,3,5,7,NA,NA,NA,NA
"1132.0",1,3,5,7,NA,NA,NA,NA
"1134.0",1,3,5,7,NA,NA,NA,NA
"1135.0",1,3,5,7,NA,NA,NA,NA
"1136.0",1,3,5,7,NA,NA,NA,NA
"1137.0",1,3,5,7,NA,NA,NA,NA
"1139.0",1,3,5,7,NA,NA,NA,NA
"1140.0",1,3,5,7,NA,NA,NA,NA
"1141.0",1,3,5,7,NA,NA,NA,NA
"1142.0",1,3,5,7,NA,NA,NA,NA
"1143.0",1,3,5,7,NA,NA,NA,NA
"1144.0",1,3,5,7,NA,NA,NA,NA
"1145.0",1,3,5,7,NA,NA,NA,NA
"1146.0",1,3,5,7,NA,NA,NA,NA
"1147.0",1,3,5,7,NA,NA,NA,NA
"1148.0",1,3,5,7,NA,NA,NA,NA
"1149.0",1,3,5,7,NA,NA,NA,NA
"1150.0",1,3,5,7,NA,NA,NA,NA
"1151.0",1,3,5,7,NA,NA,NA,NA
"1156.0",3,5,7,NA,NA,NA,NA,NA
"1157.0",3,5,7,NA,NA,NA,NA,NA
"1158.0",5,7,NA,NA,NA,NA,NA,NA
"1159.0",3,5,7,NA,NA,NA,NA,NA
"1160.0",3,5,7,NA,NA,NA,NA,NA
"1161.0",3,5,7,NA,NA,NA,NA,NA
"1162.0",3,5,7,NA,NA,NA,NA,NA
"1163.0",3,5,7,NA,NA,NA,NA,NA
"1164.0",3,5,7,NA,NA,NA,NA,NA
"1165.0",3,5,7,NA,NA,NA,NA,NA
"1166.0",3,5,7,NA,NA,NA,NA,NA
"1167.0",3,5,7,NA,NA,NA,NA,NA
"1168.0",3,5,7,NA,NA,NA,NA,NA
"1169.0",3,5,7,NA,NA,NA,NA,NA
"1170.0",3,5,7,NA,NA,NA,NA,NA
"1171.0",3,5,7,NA,NA,NA,NA,NA
"1172.0",3,5,7,NA,NA,NA,NA,NA
"1173.0",3,5,7,NA,NA,NA,NA,NA
"1174.0",3,5,7,NA,NA,NA,NA,NA
"1175.0",3,5,7,NA,NA,NA,NA,NA
"1176.0",3,5,7,NA,NA,NA,NA,NA
"1177.0",3,5,7,NA,NA,NA,NA,NA
"1178.0",3,5,7,NA,NA,NA,NA,NA
"1179.0",3,5,7,NA,NA,NA,NA,NA
"1180.0",3,5,7,NA,NA,NA,NA,NA
"1181.0",3,5,7,NA,NA,NA,NA,NA
"1182.0",3,5,7,NA,NA,NA,NA,NA
"1183.0",3,5,7,NA,NA,NA,NA,NA
"1184.0",3,5,7,NA,NA,NA,NA,NA
"1185.0",3,5,7,NA,NA,NA,NA,NA
"1186.0",3,5,7,NA,NA,NA,NA,NA
"1187.0",3,5,7,NA,NA,NA,NA,NA
"1188.0",3,5,7,NA,NA,NA,NA,NA
"1189.0",3,5,7,NA,NA,NA,NA,NA
"1190.0",3,5,NA,NA,NA,NA,NA,NA
"1191.0",3,5,7,NA,NA,NA,NA,NA
"1192.0",3,5,7,NA,NA,NA,NA,NA
"1193.0",3,5,7,NA,NA,NA,NA,NA
"1194.0",3,5,NA,NA,NA,NA,NA,NA
"1195.0",3,5,7,NA,NA,NA,NA,NA
"1197.0",3,5,7,NA,NA,NA,NA,NA
"1198.0",3,5,7,NA,NA,NA,NA,NA
"1199.0",3,5,7,NA,NA,NA,NA,NA
"1200.0",3,5,7,NA,NA,NA,NA,NA
"1201.0",3,5,7,NA,NA,NA,NA,NA
"1202.0",3,5,7,NA,NA,NA,NA,NA
"1203.0",3,5,7,NA,NA,NA,NA,NA
"1204.0",3,5,7,NA,NA,NA,NA,NA
"1205.0",3,5,7,NA,NA,NA,NA,NA
"1206.0",3,5,7,NA,NA,NA,NA,NA
"1207.0",3,5,7,NA,NA,NA,NA,NA
"1208.0",3,5,NA,NA,NA,NA,NA,NA
"1210.0",3,5,7,NA,NA,NA,NA,NA
"1215.0",5,7,NA,NA,NA,NA,NA,NA
"1216.0",5,7,NA,NA,NA,NA,NA,NA
"1217.0",3,5,NA,NA,NA,NA,NA,NA
"1218.0",3,5,7,NA,NA,NA,NA,NA
"1220.0",3,5,7,NA,NA,NA,NA,NA
"1221.0",3,5,7,NA,NA,NA,NA,NA
"1225.0",3,5,NA,NA,NA,NA,NA,NA
"1227.0",3,5,NA,NA,NA,NA,NA,NA
"1228.0",3,5,NA,NA,NA,NA,NA,NA
"1230.0",3,5,7,NA,NA,NA,NA,NA
"1234.0",3,5,7,NA,NA,NA,NA,NA
"1236.0",3,5,7,NA,NA,NA,NA,NA
"1237.0",3,5,7,NA,NA,NA,NA,NA
"1240.0",3,5,7,NA,NA,NA,NA,NA
"1241.0",3,5,7,NA,NA,NA,NA,NA
"1243.0",3,5,7,NA,NA,NA,NA,NA
"1245.0",3,5,7,NA,NA,NA,NA,NA
"1246.0",3,5,7,NA,NA,NA,NA,NA
"1248.0",3,5,NA,NA,NA,NA,NA,NA
"1249.0",3,5,7,NA,NA,NA,NA,NA
"1252.0",3,5,7,NA,NA,NA,NA,NA
"1255.0",3,5,7,NA,NA,NA,NA,NA
"1256.0",3,5,7,NA,NA,NA,NA,NA
"1258.0",3,5,7,NA,NA,NA,NA,NA
"1264.0",3,5,7,NA,NA,NA,NA,NA
"1266.0",3,5,7,NA,NA,NA,NA,NA
"1267.0",3,5,7,NA,NA,NA,NA,NA
"1268.0",3,5,NA,NA,NA,NA,NA,NA
"1269.0",3,5,7,NA,NA,NA,NA,NA
"1270.0",3,5,7,NA,NA,NA,NA,NA
"1272.0",3,5,7,NA,NA,NA,NA,NA
"1273.0",3,5,7,NA,NA,NA,NA,NA
"1274.0",3,5,7,NA,NA,NA,NA,NA
"1275.0",3,5,7,NA,NA,NA,NA,NA
"1276.0",3,5,NA,NA,NA,NA,NA,NA
"1278.0",3,5,7,NA,NA,NA,NA,NA
"1280.0",3,5,7,NA,NA,NA,NA,NA
"1282.0",3,5,7,NA,NA,NA,NA,NA
"1285.0",3,5,7,NA,NA,NA,NA,NA
"1286.0",5,7,NA,NA,NA,NA,NA,NA
"1287.0",3,5,7,NA,NA,NA,NA,NA
"1289.0",3,5,7,NA,NA,NA,NA,NA
"1290.0",3,5,7,NA,NA,NA,NA,NA
"1292.0",3,5,7,NA,NA,NA,NA,NA
"1297.0",3,5,7,NA,NA,NA,NA,NA
"1298.0",3,5,7,NA,NA,NA,NA,NA
"1300.0",3,5,7,NA,NA,NA,NA,NA
"1301.0",3,5,7,NA,NA,NA,NA,NA
"1304.0",3,5,7,NA,NA,NA,NA,NA
"1305.0",3,5,7,NA,NA,NA,NA,NA
"1309.0",5,7,NA,NA,NA,NA,NA,NA
"1310.0",3,5,7,NA,NA,NA,NA,NA
"1311.0",3,5,7,NA,NA,NA,NA,NA
"1312.0",3,5,7,NA,NA,NA,NA,NA
"1313.0",3,5,7,NA,NA,NA,NA,NA
"1316.0",3,5,7,NA,NA,NA,NA,NA
"1317.0",3,5,7,NA,NA,NA,NA,NA
"1318.0",3,5,7,NA,NA,NA,NA,NA
"1319.0",3,5,7,NA,NA,NA,NA,NA
"1320.0",3,5,7,NA,NA,NA,NA,NA
"1321.0",3,5,7,NA,NA,NA,NA,NA
"1322.0",3,5,NA,NA,NA,NA,NA,NA
"1327.0",3,5,7,NA,NA,NA,NA,NA
"1328.0",3,5,NA,NA,NA,NA,NA,NA
"1329.0",3,5,7,NA,NA,NA,NA,NA
"1330.0",3,5,7,NA,NA,NA,NA,NA
"1331.0",3,5,7,NA,NA,NA,NA,NA
"1332.0",3,5,7,NA,NA,NA,NA,NA
"1333.0",3,5,7,NA,NA,NA,NA,NA
"1334.0",3,5,7,NA,NA,NA,NA,NA
"1335.0",3,5,7,NA,NA,NA,NA,NA
"1338.0",3,5,7,NA,NA,NA,NA,NA
"1339.0",3,5,7,NA,NA,NA,NA,NA
"1341.0",3,5,7,NA,NA,NA,NA,NA
"1342.0",3,5,7,NA,NA,NA,NA,NA
"1343.0",3,5,7,NA,NA,NA,NA,NA
"1345.0",3,5,NA,NA,NA,NA,NA,NA
"1346.0",3,5,7,NA,NA,NA,NA,NA
"1348.0",3,5,NA,NA,NA,NA,NA,NA
"1350.0",3,5,7,NA,NA,NA,NA,NA
"1351.0",3,5,7,NA,NA,NA,NA,NA
"1354.0",3,5,7,NA,NA,NA,NA,NA
"1356.0",3,5,7,NA,NA,NA,NA,NA
"1357.0",3,5,7,NA,NA,NA,NA,NA
"1358.0",3,5,7,NA,NA,NA,NA,NA
"1359.0",3,5,7,NA,NA,NA,NA,NA
"1360.0",3,5,7,NA,NA,NA,NA,NA
"1364.0",3,5,7,NA,NA,NA,NA,NA
"1367.0",3,5,7,NA,NA,NA,NA,NA
"1369.0",3,5,7,NA,NA,NA,NA,NA
"1372.0",3,5,7,NA,NA,NA,NA,NA
"1373.0",3,5,7,NA,NA,NA,NA,NA
"1375.0",3,5,7,NA,NA,NA,NA,NA
"1377.0",3,5,7,NA,NA,NA,NA,NA
"1378.0",3,5,7,NA,NA,NA,NA,NA
"1379.0",3,5,7,NA,NA,NA,NA,NA
"1380.0",3,5,7,NA,NA,NA,NA,NA
"1383.0",3,5,7,NA,NA,NA,NA,NA
"1384.0",3,5,7,NA,NA,NA,NA,NA
"1385.0",3,5,7,NA,NA,NA,NA,NA
"1388.0",3,5,7,NA,NA,NA,NA,NA
"1389.0",3,5,7,NA,NA,NA,NA,NA
"1392.0",3,5,7,NA,NA,NA,NA,NA
"1393.0",3,5,7,NA,NA,NA,NA,NA
"1394.0",3,5,7,NA,NA,NA,NA,NA
"1395.0",3,5,7,NA,NA,NA,NA,NA
"1396.0",3,5,NA,NA,NA,NA,NA,NA
"1397.0",3,5,7,NA,NA,NA,NA,NA
"1398.0",3,5,7,NA,NA,NA,NA,NA
"1399.0",3,5,7,NA,NA,NA,NA,NA
"1401.0",3,5,NA,NA,NA,NA,NA,NA
"1402.0",3,5,7,NA,NA,NA,NA,NA
"1403.0",3,5,7,NA,NA,NA,NA,NA
"1405.0",3,5,NA,NA,NA,NA,NA,NA
"1409.0",3,5,NA,NA,NA,NA,NA,NA
"1412.0",3,5,7,NA,NA,NA,NA,NA
"1413.0",3,5,7,NA,NA,NA,NA,NA
"1414.0",3,5,7,NA,NA,NA,NA,NA
"1417.0",3,5,7,NA,NA,NA,NA,NA
"1418.0",3,5,7,NA,NA,NA,NA,NA
"1419.0",3,5,NA,NA,NA,NA,NA,NA
"1422.0",3,5,7,NA,NA,NA,NA,NA
"1423.0",3,5,7,NA,NA,NA,NA,NA
"1424.0",3,5,7,NA,NA,NA,NA,NA
"1425.0",3,5,7,NA,NA,NA,NA,NA
"1426.0",3,5,NA,NA,NA,NA,NA,NA
"1428.0",3,5,7,NA,NA,NA,NA,NA
"1430.0",3,5,7,NA,NA,NA,NA,NA
"1431.0",3,5,7,NA,NA,NA,NA,NA
"1433.0",3,5,7,NA,NA,NA,NA,NA
"1436.0",3,5,7,NA,NA,NA,NA,NA
"1437.0",3,5,7,NA,NA,NA,NA,NA
"1439.0",3,5,7,NA,NA,NA,NA,NA
"1441.0",3,5,7,NA,NA,NA,NA,NA
"1442.0",3,5,7,NA,NA,NA,NA,NA
"1443.0",3,5,7,NA,NA,NA,NA,NA
"1445.0",3,5,7,NA,NA,NA,NA,NA
"1446.0",3,5,7,NA,NA,NA,NA,NA
"1450.0",3,5,7,NA,NA,NA,NA,NA
"1451.0",3,5,NA,NA,NA,NA,NA,NA
"1454.0",3,5,7,NA,NA,NA,NA,NA
"1456.0",3,5,NA,NA,NA,NA,NA,NA
"1458.0",3,5,NA,NA,NA,NA,NA,NA
"1459.0",3,5,NA,NA,NA,NA,NA,NA
"1460.0",3,5,7,NA,NA,NA,NA,NA
"1461.0",3,5,7,NA,NA,NA,NA,NA
"1463.0",3,5,7,NA,NA,NA,NA,NA
"1465.0",3,5,7,NA,NA,NA,NA,NA
"1466.0",3,5,7,NA,NA,NA,NA,NA
"1467.0",3,5,7,NA,NA,NA,NA,NA
"1469.0",3,5,7,NA,NA,NA,NA,NA
"1470.0",3,5,7,NA,NA,NA,NA,NA
"1471.0",3,5,7,NA,NA,NA,NA,NA
"1472.0",3,5,7,NA,NA,NA,NA,NA
"1473.0",3,5,7,NA,NA,NA,NA,NA
"1474.0",3,5,7,NA,NA,NA,NA,NA
"1476.0",3,5,7,NA,NA,NA,NA,NA
"1477.0",3,5,7,NA,NA,NA,NA,NA
"1479.0",3,5,7,NA,NA,NA,NA,NA
"1480.0",3,5,7,NA,NA,NA,NA,NA
"1481.0",3,5,7,NA,NA,NA,NA,NA
"1482.0",3,5,7,NA,NA,NA,NA,NA
"1483.0",3,5,7,NA,NA,NA,NA,NA
"1484.0",3,5,7,NA,NA,NA,NA,NA
"1485.0",3,5,7,NA,NA,NA,NA,NA
"1486.0",3,5,NA,NA,NA,NA,NA,NA
"1487.0",3,5,NA,NA,NA,NA,NA,NA
"1488.0",3,5,7,NA,NA,NA,NA,NA
"1489.0",3,5,7,NA,NA,NA,NA,NA
"1490.0",3,5,7,NA,NA,NA,NA,NA
"1493.0",3,5,7,NA,NA,NA,NA,NA
"1495.0",3,5,7,NA,NA,NA,NA,NA
"1496.0",3,5,7,NA,NA,NA,NA,NA
"1497.0",3,5,7,NA,NA,NA,NA,NA
"1500.0",3,5,7,NA,NA,NA,NA,NA
"1503.0",3,5,7,NA,NA,NA,NA,NA
"1504.0",3,5,7,NA,NA,NA,NA,NA
"1505.0",3,5,7,NA,NA,NA,NA,NA
"1507.0",3,5,NA,NA,NA,NA,NA,NA
"1508.0",3,5,NA,NA,NA,NA,NA,NA
"1510.0",3,5,7,NA,NA,NA,NA,NA
"1511.0",3,5,7,NA,NA,NA,NA,NA
"1512.0",3,5,7,NA,NA,NA,NA,NA
"1513.0",3,5,7,NA,NA,NA,NA,NA
"1515.0",3,5,NA,NA,NA,NA,NA,NA
"1516.0",3,5,7,NA,NA,NA,NA,NA
"1518.0",3,5,7,NA,NA,NA,NA,NA
"1519.0",3,5,7,NA,NA,NA,NA,NA
"1522.0",3,5,7,NA,NA,NA,NA,NA
"1523.0",3,5,NA,NA,NA,NA,NA,NA
"1524.0",3,5,7,NA,NA,NA,NA,NA
"1526.0",3,5,7,NA,NA,NA,NA,NA
"1527.0",3,5,7,NA,NA,NA,NA,NA
"1528.0",3,5,7,NA,NA,NA,NA,NA
"1529.0",3,5,7,NA,NA,NA,NA,NA
"1530.0",3,5,7,NA,NA,NA,NA,NA
"1532.0",3,5,7,NA,NA,NA,NA,NA
"1533.0",3,5,7,NA,NA,NA,NA,NA
"1534.0",3,5,7,NA,NA,NA,NA,NA
"1535.0",3,5,7,NA,NA,NA,NA,NA
"1536.0",3,5,7,NA,NA,NA,NA,NA
"1538.0",3,5,NA,NA,NA,NA,NA,NA
"1539.0",3,5,NA,NA,NA,NA,NA,NA
"1540.0",3,5,7,NA,NA,NA,NA,NA
"1541.0",3,5,7,NA,NA,NA,NA,NA
"1542.0",3,5,NA,NA,NA,NA,NA,NA
"1543.0",3,5,NA,NA,NA,NA,NA,NA
"1544.0",3,5,7,NA,NA,NA,NA,NA
"1546.0",3,5,7,NA,NA,NA,NA,NA
"1547.0",3,5,7,NA,NA,NA,NA,NA
"1548.0",3,5,7,NA,NA,NA,NA,NA
"1549.0",3,5,7,NA,NA,NA,NA,NA
"1550.0",3,5,7,NA,NA,NA,NA,NA
"1551.0",3,5,NA,NA,NA,NA,NA,NA
"1552.0",3,5,7,NA,NA,NA,NA,NA
"1554.0",3,5,7,NA,NA,NA,NA,NA
"1555.0",3,5,7,NA,NA,NA,NA,NA
"1557.0",3,5,NA,NA,NA,NA,NA,NA
"1558.0",3,5,7,NA,NA,NA,NA,NA
"1559.0",3,5,7,NA,NA,NA,NA,NA
"1561.0",3,5,7,NA,NA,NA,NA,NA
"1562.0",3,5,7,NA,NA,NA,NA,NA
"1563.0",3,5,7,NA,NA,NA,NA,NA
"1564.0",3,5,7,NA,NA,NA,NA,NA
"1565.0",3,5,7,NA,NA,NA,NA,NA
"1568.0",3,5,7,NA,NA,NA,NA,NA
"1572.0",3,5,7,NA,NA,NA,NA,NA
"1573.0",3,5,7,NA,NA,NA,NA,NA
"1574.0",3,5,7,NA,NA,NA,NA,NA
"1575.0",3,5,7,NA,NA,NA,NA,NA
"1576.0",3,5,7,NA,NA,NA,NA,NA
"1577.0",3,5,7,NA,NA,NA,NA,NA
"1578.0",3,5,7,NA,NA,NA,NA,NA
"1579.0",3,5,7,NA,NA,NA,NA,NA
"1580.0",3,5,7,NA,NA,NA,NA,NA
"1581.0",3,5,7,NA,NA,NA,NA,NA
"1582.0",3,5,7,NA,NA,NA,NA,NA
"1583.0",3,5,7,NA,NA,NA,NA,NA
"1584.0",3,5,7,NA,NA,NA,NA,NA
"1585.0",3,5,7,NA,NA,NA,NA,NA
"1586.0",3,5,7,NA,NA,NA,NA,NA
"1587.0",3,5,7,NA,NA,NA,NA,NA
"1588.0",3,5,7,NA,NA,NA,NA,NA
"1589.0",3,5,7,NA,NA,NA,NA,NA
"1590.0",3,5,7,NA,NA,NA,NA,NA
"1591.0",3,5,7,NA,NA,NA,NA,NA
"1592.0",3,5,7,NA,NA,NA,NA,NA
"1593.0",3,5,7,NA,NA,NA,NA,NA
"1595.0",3,5,NA,NA,NA,NA,NA,NA
"1597.0",3,5,7,NA,NA,NA,NA,NA
"1598.0",3,5,NA,NA,NA,NA,NA,NA
"1601.0",3,5,7,NA,NA,NA,NA,NA
"1602.0",3,5,7,NA,NA,NA,NA,NA
"1603.0",3,5,7,NA,NA,NA,NA,NA
"1604.0",3,5,7,NA,NA,NA,NA,NA
"1607.0",3,5,NA,NA,NA,NA,NA,NA
"1612.0",3,5,7,NA,NA,NA,NA,NA
"1613.0",3,5,7,NA,NA,NA,NA,NA
"1614.0",3,5,7,NA,NA,NA,NA,NA
"1616.0",3,5,7,NA,NA,NA,NA,NA
"1617.0",3,5,7,NA,NA,NA,NA,NA
"1618.0",3,5,7,NA,NA,NA,NA,NA
"1619.0",3,5,7,NA,NA,NA,NA,NA
"1620.0",3,5,7,NA,NA,NA,NA,NA
"1621.0",3,5,7,NA,NA,NA,NA,NA
"1622.0",3,5,7,NA,NA,NA,NA,NA
"1625.0",3,5,7,NA,NA,NA,NA,NA
"1628.0",3,5,7,NA,NA,NA,NA,NA
"1631.0",3,5,NA,NA,NA,NA,NA,NA
"1632.0",3,5,7,NA,NA,NA,NA,NA
"1634.0",3,5,7,NA,NA,NA,NA,NA
"1635.0",3,5,7,NA,NA,NA,NA,NA
"1636.0",3,5,NA,NA,NA,NA,NA,NA
"1637.0",3,5,7,NA,NA,NA,NA,NA
"1638.0",3,5,7,NA,NA,NA,NA,NA
"1639.0",3,5,7,NA,NA,NA,NA,NA
"1640.0",3,5,7,NA,NA,NA,NA,NA
"1641.0",3,5,7,NA,NA,NA,NA,NA
"1642.0",5,7,NA,NA,NA,NA,NA,NA
"1643.0",3,5,7,NA,NA,NA,NA,NA
"1644.0",3,5,7,NA,NA,NA,NA,NA
"1646.0",3,5,7,NA,NA,NA,NA,NA
"1647.0",3,5,7,NA,NA,NA,NA,NA
"1648.0",3,5,7,NA,NA,NA,NA,NA
"1649.0",3,5,7,NA,NA,NA,NA,NA
"1650.0",3,5,7,NA,NA,NA,NA,NA
"1651.0",3,5,7,NA,NA,NA,NA,NA
"1652.0",3,5,7,NA,NA,NA,NA,NA
"1653.0",3,5,7,NA,NA,NA,NA,NA
"1654.0",3,5,7,NA,NA,NA,NA,NA
"1656.0",3,5,7,NA,NA,NA,NA,NA
"1657.0",3,5,7,NA,NA,NA,NA,NA
"1658.0",3,5,7,NA,NA,NA,NA,NA
"1659.0",3,5,7,NA,NA,NA,NA,NA
"1660.0",3,5,7,NA,NA,NA,NA,NA
"1661.0",3,5,NA,NA,NA,NA,NA,NA
"1662.0",3,5,7,NA,NA,NA,NA,NA
"1663.0",3,5,7,NA,NA,NA,NA,NA
"1664.0",3,5,7,NA,NA,NA,NA,NA
"1665.0",3,5,7,NA,NA,NA,NA,NA
"1666.0",3,5,NA,NA,NA,NA,NA,NA
"1667.0",3,5,7,NA,NA,NA,NA,NA
"1668.0",3,5,7,NA,NA,NA,NA,NA
"1669.0",3,5,7,NA,NA,NA,NA,NA
"1670.0",3,5,7,NA,NA,NA,NA,NA
"1671.0",3,5,7,NA,NA,NA,NA,NA
"1672.0",3,5,7,NA,NA,NA,NA,NA
"1673.0",3,5,7,NA,NA,NA,NA,NA
"1674.0",3,5,7,NA,NA,NA,NA,NA
"1675.0",3,5,7,NA,NA,NA,NA,NA
"1676.0",3,5,7,NA,NA,NA,NA,NA
"1678.0",3,5,7,NA,NA,NA,NA,NA
"1679.0",3,5,7,NA,NA,NA,NA,NA
"1680.0",3,5,7,NA,NA,NA,NA,NA
"1682.0",3,5,7,NA,NA,NA,NA,NA
"1684.0",3,5,7,NA,NA,NA,NA,NA
"1685.0",3,5,7,NA,NA,NA,NA,NA
"1686.0",3,5,7,NA,NA,NA,NA,NA
"1688.0",3,5,7,NA,NA,NA,NA,NA
"1689.0",3,5,7,NA,NA,NA,NA,NA
"1690.0",3,5,7,NA,NA,NA,NA,NA
"1691.0",3,5,7,NA,NA,NA,NA,NA
"1692.0",3,5,7,NA,NA,NA,NA,NA
"1693.0",3,5,7,NA,NA,NA,NA,NA
"1694.0",3,5,7,NA,NA,NA,NA,NA
"1695.0",3,5,7,NA,NA,NA,NA,NA
"1697.0",3,5,7,NA,NA,NA,NA,NA
"1698.0",3,5,7,NA,NA,NA,NA,NA
"1699.0",3,5,7,NA,NA,NA,NA,NA
"1700.0",3,5,7,NA,NA,NA,NA,NA
"1701.0",3,5,7,NA,NA,NA,NA,NA
"1702.0",3,5,7,NA,NA,NA,NA,NA
"1703.0",3,5,7,NA,NA,NA,NA,NA
"1704.0",3,5,7,NA,NA,NA,NA,NA
"1705.0",3,5,7,NA,NA,NA,NA,NA
"1706.0",3,5,7,NA,NA,NA,NA,NA
"1707.0",3,5,7,NA,NA,NA,NA,NA
"1708.0",3,5,7,NA,NA,NA,NA,NA
"1709.0",3,5,NA,NA,NA,NA,NA,NA
"1710.0",3,5,7,NA,NA,NA,NA,NA
"1711.0",3,5,7,NA,NA,NA,NA,NA
"1712.0",3,5,7,NA,NA,NA,NA,NA
"1713.0",3,5,7,NA,NA,NA,NA,NA
"1714.0",3,5,7,NA,NA,NA,NA,NA
"1715.0",3,5,7,NA,NA,NA,NA,NA
"1716.0",3,5,7,NA,NA,NA,NA,NA
"1717.0",3,5,7,NA,NA,NA,NA,NA
"1718.0",3,5,7,NA,NA,NA,NA,NA
"1719.0",3,5,7,NA,NA,NA,NA,NA
"1720.0",3,5,7,NA,NA,NA,NA,NA
"1721.0",3,5,7,NA,NA,NA,NA,NA
"1722.0",3,5,7,NA,NA,NA,NA,NA
"1723.0",3,5,NA,NA,NA,NA,NA,NA
"1724.0",3,5,NA,NA,NA,NA,NA,NA
"1725.0",3,5,7,NA,NA,NA,NA,NA
"1726.0",3,5,7,NA,NA,NA,NA,NA
"1727.0",3,5,7,NA,NA,NA,NA,NA
"1728.0",3,5,7,NA,NA,NA,NA,NA
"1729.0",3,5,7,NA,NA,NA,NA,NA
"1730.0",3,5,NA,NA,NA,NA,NA,NA
"1731.0",3,5,7,NA,NA,NA,NA,NA
"1733.0",3,5,7,NA,NA,NA,NA,NA
"1734.0",3,5,7,NA,NA,NA,NA,NA
"1735.0",3,5,7,NA,NA,NA,NA,NA
"1737.0",3,5,7,NA,NA,NA,NA,NA
"1738.0",3,5,7,NA,NA,NA,NA,NA
"1739.0",3,5,7,NA,NA,NA,NA,NA
"1740.0",3,5,7,NA,NA,NA,NA,NA
"1741.0",3,5,7,NA,NA,NA,NA,NA
"1742.0",3,5,7,NA,NA,NA,NA,NA
"1743.0",3,5,7,NA,NA,NA,NA,NA
"1744.0",3,5,NA,NA,NA,NA,NA,NA
"1745.0",3,5,7,NA,NA,NA,NA,NA
"1746.0",3,5,7,NA,NA,NA,NA,NA
"1747.0",3,5,7,NA,NA,NA,NA,NA
"1748.0",3,5,7,NA,NA,NA,NA,NA
"1749.0",3,5,7,NA,NA,NA,NA,NA
"1750.0",3,5,7,NA,NA,NA,NA,NA
"1751.0",3,5,7,NA,NA,NA,NA,NA
"1752.0",3,5,7,NA,NA,NA,NA,NA
"1754.0",3,5,7,NA,NA,NA,NA,NA
"1755.0",3,5,7,NA,NA,NA,NA,NA
"1756.0",3,5,7,NA,NA,NA,NA,NA
"1757.0",3,5,7,NA,NA,NA,NA,NA
"1759.0",3,5,7,NA,NA,NA,NA,NA
"1760.0",3,5,7,NA,NA,NA,NA,NA
"1763.0",3,5,7,NA,NA,NA,NA,NA
"1764.0",3,5,7,NA,NA,NA,NA,NA
"1765.0",3,5,7,NA,NA,NA,NA,NA
"1767.0",3,5,7,NA,NA,NA,NA,NA
"1769.0",3,5,7,NA,NA,NA,NA,NA
"1770.0",3,5,7,NA,NA,NA,NA,NA
"1772.0",3,5,7,NA,NA,NA,NA,NA
"1773.0",3,5,7,NA,NA,NA,NA,NA
"1774.0",3,5,7,NA,NA,NA,NA,NA
"1775.0",3,5,7,NA,NA,NA,NA,NA
"1777.0",5,7,NA,NA,NA,NA,NA,NA
"1778.0",3,5,7,NA,NA,NA,NA,NA
"1779.0",3,5,7,NA,NA,NA,NA,NA
"1780.0",3,5,7,NA,NA,NA,NA,NA
"1781.0",3,5,7,NA,NA,NA,NA,NA
"1782.0",3,5,7,NA,NA,NA,NA,NA
"1783.0",3,5,7,NA,NA,NA,NA,NA
"1784.0",3,5,7,NA,NA,NA,NA,NA
"1786.0",3,5,7,NA,NA,NA,NA,NA
"1787.0",3,5,7,NA,NA,NA,NA,NA
"1788.0",3,5,7,NA,NA,NA,NA,NA
"1789.0",3,5,7,NA,NA,NA,NA,NA
"1790.0",3,5,7,NA,NA,NA,NA,NA
"1791.0",3,5,7,NA,NA,NA,NA,NA
"1792.0",3,5,7,NA,NA,NA,NA,NA
"1793.0",3,5,7,NA,NA,NA,NA,NA
"1794.0",3,5,7,NA,NA,NA,NA,NA
"1795.0",3,5,7,NA,NA,NA,NA,NA
"1796.0",3,5,7,NA,NA,NA,NA,NA
"1797.0",3,5,7,NA,NA,NA,NA,NA
"1798.0",3,5,7,NA,NA,NA,NA,NA
"1799.0",3,5,7,NA,NA,NA,NA,NA
"1800.0",3,5,7,NA,NA,NA,NA,NA
"1801.0",3,5,7,NA,NA,NA,NA,NA
"1802.0",3,5,7,NA,NA,NA,NA,NA
"1803.0",3,5,7,NA,NA,NA,NA,NA
"1805.0",3,5,7,NA,NA,NA,NA,NA
"1806.0",3,5,7,NA,NA,NA,NA,NA
"1807.0",3,5,7,NA,NA,NA,NA,NA
"1808.0",3,5,NA,NA,NA,NA,NA,NA
"1809.0",3,5,7,NA,NA,NA,NA,NA
"1810.0",3,5,7,NA,NA,NA,NA,NA
"1811.0",3,5,7,NA,NA,NA,NA,NA
"1812.0",3,5,7,NA,NA,NA,NA,NA
"1813.0",3,5,7,NA,NA,NA,NA,NA
"1814.0",3,5,7,NA,NA,NA,NA,NA
"1815.0",3,5,7,NA,NA,NA,NA,NA
"1816.0",3,5,7,NA,NA,NA,NA,NA
"1817.0",3,5,7,NA,NA,NA,NA,NA
"1818.0",3,5,7,NA,NA,NA,NA,NA
"1819.0",3,5,7,NA,NA,NA,NA,NA
"1820.0",3,5,7,NA,NA,NA,NA,NA
"1821.0",3,5,7,NA,NA,NA,NA,NA
"1822.0",3,5,7,NA,NA,NA,NA,NA
"1823.0",3,5,7,NA,NA,NA,NA,NA
"1826.0",3,5,NA,NA,NA,NA,NA,NA
"1829.0",3,5,7,NA,NA,NA,NA,NA
"1832.0",3,5,NA,NA,NA,NA,NA,NA
"1833.0",3,5,NA,NA,NA,NA,NA,NA
"1836.0",3,5,NA,NA,NA,NA,NA,NA
"1838.0",3,5,7,NA,NA,NA,NA,NA
"1839.0",3,5,NA,NA,NA,NA,NA,NA
"1842.0",3,5,NA,NA,NA,NA,NA,NA
"1844.0",3,5,7,NA,NA,NA,NA,NA
"1845.0",3,5,7,NA,NA,NA,NA,NA
"1846.0",3,5,7,NA,NA,NA,NA,NA
"1848.0",3,5,7,NA,NA,NA,NA,NA
"1849.0",3,5,7,NA,NA,NA,NA,NA
"1851.0",3,5,7,NA,NA,NA,NA,NA
"1853.0",3,5,7,NA,NA,NA,NA,NA
"1854.0",3,5,7,NA,NA,NA,NA,NA
"1855.0",3,5,7,NA,NA,NA,NA,NA
"1856.0",3,5,7,NA,NA,NA,NA,NA
"1857.0",3,5,7,NA,NA,NA,NA,NA
"1858.0",3,5,7,NA,NA,NA,NA,NA
"1861.0",3,5,7,NA,NA,NA,NA,NA
"1862.0",3,5,7,NA,NA,NA,NA,NA
"1866.0",3,5,7,NA,NA,NA,NA,NA
"1867.0",3,5,7,NA,NA,NA,NA,NA
"1868.0",3,5,7,NA,NA,NA,NA,NA
"1870.0",3,5,7,NA,NA,NA,NA,NA
"1872.0",3,5,7,NA,NA,NA,NA,NA
"1873.0",3,5,7,NA,NA,NA,NA,NA
"1874.0",3,5,7,NA,NA,NA,NA,NA
"1875.0",3,5,7,NA,NA,NA,NA,NA
"1876.0",3,5,7,NA,NA,NA,NA,NA
"1878.0",3,5,7,NA,NA,NA,NA,NA
"1879.0",3,5,NA,NA,NA,NA,NA,NA
"1881.0",3,5,7,NA,NA,NA,NA,NA
"1883.0",3,5,7,NA,NA,NA,NA,NA
"1884.0",3,5,NA,NA,NA,NA,NA,NA
"1885.0",3,5,7,NA,NA,NA,NA,NA
"1886.0",3,5,7,NA,NA,NA,NA,NA
"1887.0",3,5,7,NA,NA,NA,NA,NA
"1888.0",3,5,7,NA,NA,NA,NA,NA
"1891.0",3,5,7,NA,NA,NA,NA,NA
"1892.0",3,5,7,NA,NA,NA,NA,NA
"1893.0",3,5,7,NA,NA,NA,NA,NA
"1894.0",3,5,7,NA,NA,NA,NA,NA
"1895.0",3,5,7,NA,NA,NA,NA,NA
"1897.0",3,5,7,NA,NA,NA,NA,NA
"1898.0",3,5,NA,NA,NA,NA,NA,NA
"1899.0",3,5,7,NA,NA,NA,NA,NA
"1900.0",3,5,7,NA,NA,NA,NA,NA
"1901.0",3,5,7,NA,NA,NA,NA,NA
"1902.0",3,5,NA,NA,NA,NA,NA,NA
"1904.0",3,5,NA,NA,NA,NA,NA,NA
"1906.0",3,5,7,NA,NA,NA,NA,NA
"1907.0",3,5,7,NA,NA,NA,NA,NA
"1908.0",3,5,7,NA,NA,NA,NA,NA
"1909.0",3,5,7,NA,NA,NA,NA,NA
"1913.0",3,5,7,NA,NA,NA,NA,NA
"1914.0",3,5,7,NA,NA,NA,NA,NA
"1915.0",3,5,7,NA,NA,NA,NA,NA
"1917.0",3,5,7,NA,NA,NA,NA,NA
"1918.0",3,5,7,NA,NA,NA,NA,NA
"1919.0",3,5,7,NA,NA,NA,NA,NA
"1920.0",3,5,7,NA,NA,NA,NA,NA
"1921.0",3,5,7,NA,NA,NA,NA,NA
"1922.0",3,5,7,NA,NA,NA,NA,NA
"1923.0",3,5,7,NA,NA,NA,NA,NA
"1924.0",3,5,7,NA,NA,NA,NA,NA
"1925.0",3,5,7,NA,NA,NA,NA,NA
"1926.0",3,5,7,NA,NA,NA,NA,NA
"1927.0",3,5,7,NA,NA,NA,NA,NA
"1929.0",3,5,7,NA,NA,NA,NA,NA
"1930.0",3,5,7,NA,NA,NA,NA,NA
"1931.0",3,5,7,NA,NA,NA,NA,NA
"1932.0",3,5,7,NA,NA,NA,NA,NA
"1935.0",3,5,7,NA,NA,NA,NA,NA
"1936.0",3,5,7,NA,NA,NA,NA,NA
"1937.0",3,5,7,NA,NA,NA,NA,NA
"1938.0",3,5,7,NA,NA,NA,NA,NA
"1939.0",3,5,7,NA,NA,NA,NA,NA
"1940.0",3,5,7,NA,NA,NA,NA,NA
"1941.0",3,5,7,NA,NA,NA,NA,NA
"1942.0",3,5,7,NA,NA,NA,NA,NA
"1943.0",3,5,7,NA,NA,NA,NA,NA
"1944.0",3,5,7,NA,NA,NA,NA,NA
"1945.0",3,5,7,NA,NA,NA,NA,NA
"1946.0",3,5,7,NA,NA,NA,NA,NA
"1947.0",3,5,7,NA,NA,NA,NA,NA
"1948.0",3,5,7,NA,NA,NA,NA,NA
"1949.0",3,5,7,NA,NA,NA,NA,NA
"1950.0",3,5,7,NA,NA,NA,NA,NA
"1951.0",3,5,7,NA,NA,NA,NA,NA
"1952.0",3,5,7,NA,NA,NA,NA,NA
"1953.0",3,5,7,NA,NA,NA,NA,NA
"1954.0",3,5,7,NA,NA,NA,NA,NA
"1955.0",3,5,7,NA,NA,NA,NA,NA
"1956.0",3,5,7,NA,NA,NA,NA,NA
"1957.0",3,5,7,NA,NA,NA,NA,NA
"1958.0",3,5,7,NA,NA,NA,NA,NA
"1959.0",3,5,7,NA,NA,NA,NA,NA
"1960.0",3,5,7,NA,NA,NA,NA,NA
"1962.0",3,5,NA,NA,NA,NA,NA,NA
"1963.0",3,5,7,NA,NA,NA,NA,NA
"1964.0",3,5,7,NA,NA,NA,NA,NA
"1965.0",3,5,7,NA,NA,NA,NA,NA
"1966.0",3,5,7,NA,NA,NA,NA,NA
"1967.0",3,5,7,NA,NA,NA,NA,NA
"1968.0",3,5,7,NA,NA,NA,NA,NA
"1969.0",3,5,7,NA,NA,NA,NA,NA
"1970.0",3,5,7,NA,NA,NA,NA,NA
"1971.0",3,5,7,NA,NA,NA,NA,NA
"1972.0",3,5,7,NA,NA,NA,NA,NA
"1973.0",3,5,7,NA,NA,NA,NA,NA
"1974.0",3,5,7,NA,NA,NA,NA,NA
"1975.0",3,5,7,NA,NA,NA,NA,NA
"1976.0",3,5,7,NA,NA,NA,NA,NA
"1977.0",3,5,7,NA,NA,NA,NA,NA
"1978.0",3,5,7,NA,NA,NA,NA,NA
"1979.0",3,5,7,NA,NA,NA,NA,NA
"1980.0",3,5,7,NA,NA,NA,NA,NA
"1982.0",3,5,7,NA,NA,NA,NA,NA
"1983.0",3,5,7,NA,NA,NA,NA,NA
"1984.0",3,5,7,NA,NA,NA,NA,NA
"1985.0",3,5,7,NA,NA,NA,NA,NA
"1986.0",3,5,7,NA,NA,NA,NA,NA
"1987.0",3,5,7,NA,NA,NA,NA,NA
"1989.0",3,5,NA,NA,NA,NA,NA,NA
"1990.0",3,5,7,NA,NA,NA,NA,NA
"1997.0",3,5,NA,NA,NA,NA,NA,NA
"2001.0",3,5,7,NA,NA,NA,NA,NA
"2002.0",3,5,7,NA,NA,NA,NA,NA
"2004.0",3,7,NA,NA,NA,NA,NA,NA
"2006.0",3,5,7,NA,NA,NA,NA,NA
"2007.0",3,5,7,NA,NA,NA,NA,NA
"2008.0",3,5,7,NA,NA,NA,NA,NA
"2010.0",3,5,7,NA,NA,NA,NA,NA
"2011.0",3,5,7,NA,NA,NA,NA,NA
"2012.0",3,5,7,NA,NA,NA,NA,NA
"2013.0",3,5,7,NA,NA,NA,NA,NA
"2015.0",3,5,7,NA,NA,NA,NA,NA
"2019.0",3,5,7,NA,NA,NA,NA,NA
"2020.0",3,5,7,NA,NA,NA,NA,NA
"2021.0",3,5,7,NA,NA,NA,NA,NA
"2022.0",5,7,NA,NA,NA,NA,NA,NA
"2024.0",3,5,7,NA,NA,NA,NA,NA
"2025.0",3,5,7,NA,NA,NA,NA,NA
"2026.0",3,5,7,NA,NA,NA,NA,NA
"2027.0",3,5,7,NA,NA,NA,NA,NA
"2030.0",3,5,7,NA,NA,NA,NA,NA
"2033.0",5,7,NA,NA,NA,NA,NA,NA
"2036.0",3,5,7,NA,NA,NA,NA,NA
"2038.0",5,7,NA,NA,NA,NA,NA,NA
"2039.0",3,5,7,NA,NA,NA,NA,NA
"2040.0",3,5,7,NA,NA,NA,NA,NA
"2041.0",3,5,7,NA,NA,NA,NA,NA
"2044.0",3,5,7,NA,NA,NA,NA,NA
"2045.0",3,5,7,NA,NA,NA,NA,NA
"2046.0",3,5,NA,NA,NA,NA,NA,NA
"2047.0",3,5,7,NA,NA,NA,NA,NA
"2048.0",3,5,7,NA,NA,NA,NA,NA
"2050.0",3,5,7,NA,NA,NA,NA,NA
"2051.0",3,5,7,NA,NA,NA,NA,NA
"2052.0",3,5,7,NA,NA,NA,NA,NA
"2053.0",3,5,7,NA,NA,NA,NA,NA
"2054.0",3,5,7,NA,NA,NA,NA,NA
"2055.0",3,5,7,NA,NA,NA,NA,NA
"2056.0",3,5,7,NA,NA,NA,NA,NA
"2057.0",3,5,7,NA,NA,NA,NA,NA
"2058.0",3,5,7,NA,NA,NA,NA,NA
"2061.0",3,5,7,NA,NA,NA,NA,NA
"2062.0",3,5,7,NA,NA,NA,NA,NA
"2063.0",3,5,7,NA,NA,NA,NA,NA
"2064.0",3,5,7,NA,NA,NA,NA,NA
"2065.0",3,5,7,NA,NA,NA,NA,NA
"2067.0",3,5,7,NA,NA,NA,NA,NA
"2069.0",3,5,7,NA,NA,NA,NA,NA
"2070.0",3,5,7,NA,NA,NA,NA,NA
"2073.0",3,5,7,NA,NA,NA,NA,NA
"2074.0",3,5,7,NA,NA,NA,NA,NA
"2076.0",3,5,7,NA,NA,NA,NA,NA
"2077.0",3,5,NA,NA,NA,NA,NA,NA
"2078.0",3,5,7,NA,NA,NA,NA,NA
"2080.0",3,5,7,NA,NA,NA,NA,NA
"2084.0",3,5,7,NA,NA,NA,NA,NA
"2087.0",3,5,7,NA,NA,NA,NA,NA
"2088.0",3,5,7,NA,NA,NA,NA,NA
"2089.0",3,5,7,NA,NA,NA,NA,NA
"2090.0",3,5,7,NA,NA,NA,NA,NA
"2091.0",3,5,7,NA,NA,NA,NA,NA
"2094.0",3,5,7,NA,NA,NA,NA,NA
"2095.0",3,5,7,NA,NA,NA,NA,NA
"2096.0",3,5,7,NA,NA,NA,NA,NA
"2097.0",3,5,7,NA,NA,NA,NA,NA
"2099.0",3,5,7,NA,NA,NA,NA,NA
"2100.0",3,5,7,NA,NA,NA,NA,NA
"2102.0",3,5,7,NA,NA,NA,NA,NA
"2103.0",3,5,7,NA,NA,NA,NA,NA
"2106.0",3,5,7,NA,NA,NA,NA,NA
"2107.0",3,5,7,NA,NA,NA,NA,NA
"2108.0",3,5,7,NA,NA,NA,NA,NA
"2110.0",3,5,7,NA,NA,NA,NA,NA
"2112.0",3,5,NA,NA,NA,NA,NA,NA
"2113.0",3,5,7,NA,NA,NA,NA,NA
"2117.0",3,5,7,NA,NA,NA,NA,NA
"2119.0",3,5,7,NA,NA,NA,NA,NA
"2120.0",3,5,7,NA,NA,NA,NA,NA
"2121.0",3,5,7,NA,NA,NA,NA,NA
"2123.0",3,5,7,NA,NA,NA,NA,NA
"2126.0",3,5,NA,NA,NA,NA,NA,NA
"2127.0",3,5,7,NA,NA,NA,NA,NA
"2129.0",3,5,7,NA,NA,NA,NA,NA
"2131.0",3,5,7,NA,NA,NA,NA,NA
"2132.0",3,5,7,NA,NA,NA,NA,NA
"2133.0",3,5,7,NA,NA,NA,NA,NA
"2134.0",3,5,7,NA,NA,NA,NA,NA
"2135.0",3,5,7,NA,NA,NA,NA,NA
"2136.0",3,5,7,NA,NA,NA,NA,NA
"2138.0",3,5,7,NA,NA,NA,NA,NA
"2139.0",3,5,7,NA,NA,NA,NA,NA
"2140.0",3,5,7,NA,NA,NA,NA,NA
"2141.0",3,5,7,NA,NA,NA,NA,NA
"2143.0",3,5,7,NA,NA,NA,NA,NA
"2144.0",3,5,7,NA,NA,NA,NA,NA
"2146.0",3,5,7,NA,NA,NA,NA,NA
"2147.0",3,5,7,NA,NA,NA,NA,NA
"2150.0",3,5,NA,NA,NA,NA,NA,NA
"2151.0",3,5,NA,NA,NA,NA,NA,NA
"2152.0",3,5,NA,NA,NA,NA,NA,NA
"2153.0",3,5,7,NA,NA,NA,NA,NA
"2154.0",3,5,7,NA,NA,NA,NA,NA
"2156.0",3,5,7,NA,NA,NA,NA,NA
"2157.0",3,5,7,NA,NA,NA,NA,NA
"2158.0",3,5,7,NA,NA,NA,NA,NA
"2159.0",3,5,7,NA,NA,NA,NA,NA
"2160.0",3,5,7,NA,NA,NA,NA,NA
"2162.0",3,5,7,NA,NA,NA,NA,NA
"2163.0",3,5,7,NA,NA,NA,NA,NA
"2164.0",3,5,7,NA,NA,NA,NA,NA
"2166.0",3,5,7,NA,NA,NA,NA,NA
"2167.0",3,5,7,NA,NA,NA,NA,NA
"2170.0",3,5,7,NA,NA,NA,NA,NA
"2173.0",3,5,7,NA,NA,NA,NA,NA
"2175.0",3,5,NA,NA,NA,NA,NA,NA
"2176.0",3,5,7,NA,NA,NA,NA,NA
"2177.0",3,5,7,NA,NA,NA,NA,NA
"2178.0",3,5,NA,NA,NA,NA,NA,NA
"2179.0",3,5,7,NA,NA,NA,NA,NA
"2180.0",3,5,7,NA,NA,NA,NA,NA
"2183.0",3,5,7,NA,NA,NA,NA,NA
"2184.0",3,5,NA,NA,NA,NA,NA,NA
"2185.0",3,5,7,NA,NA,NA,NA,NA
"2186.0",3,5,7,NA,NA,NA,NA,NA
"2187.0",3,5,7,NA,NA,NA,NA,NA
"2188.0",3,5,7,NA,NA,NA,NA,NA
"2189.0",3,5,7,NA,NA,NA,NA,NA
"2190.0",3,5,7,NA,NA,NA,NA,NA
"2191.0",3,5,7,NA,NA,NA,NA,NA
"2192.0",3,5,7,NA,NA,NA,NA,NA
"2193.0",3,5,7,NA,NA,NA,NA,NA
"2194.0",3,5,7,NA,NA,NA,NA,NA
"2196.0",3,5,7,NA,NA,NA,NA,NA
"2197.0",3,5,7,NA,NA,NA,NA,NA
"2198.0",3,5,7,NA,NA,NA,NA,NA
"2199.0",3,5,7,NA,NA,NA,NA,NA
"2201.0",3,5,7,NA,NA,NA,NA,NA
"2202.0",3,5,7,NA,NA,NA,NA,NA
"2203.0",3,5,7,NA,NA,NA,NA,NA
"2204.0",3,5,7,NA,NA,NA,NA,NA
"2205.0",3,5,NA,NA,NA,NA,NA,NA
"2206.0",3,5,NA,NA,NA,NA,NA,NA
"2208.0",3,5,7,NA,NA,NA,NA,NA
"2211.0",3,5,7,NA,NA,NA,NA,NA
"2212.0",3,5,7,NA,NA,NA,NA,NA
"2213.0",3,5,NA,NA,NA,NA,NA,NA
"2216.0",5,7,NA,NA,NA,NA,NA,NA
"2217.0",3,5,NA,NA,NA,NA,NA,NA
"2218.0",3,5,7,NA,NA,NA,NA,NA
"2219.0",3,5,NA,NA,NA,NA,NA,NA
"2220.0",3,5,7,NA,NA,NA,NA,NA
"2221.0",3,5,7,NA,NA,NA,NA,NA
"2223.0",3,5,7,NA,NA,NA,NA,NA
"2224.0",3,5,7,NA,NA,NA,NA,NA
"2225.0",3,5,7,NA,NA,NA,NA,NA
"2226.0",3,5,7,NA,NA,NA,NA,NA
"2227.0",3,5,7,NA,NA,NA,NA,NA
"2229.0",3,5,7,NA,NA,NA,NA,NA
"2231.0",3,5,7,NA,NA,NA,NA,NA
"2232.0",3,5,7,NA,NA,NA,NA,NA
"2233.0",3,5,7,NA,NA,NA,NA,NA
"2234.0",3,5,7,NA,NA,NA,NA,NA
"2235.0",3,5,7,NA,NA,NA,NA,NA
"2236.0",3,5,7,NA,NA,NA,NA,NA
"2237.0",3,5,NA,NA,NA,NA,NA,NA
"2238.0",3,5,NA,NA,NA,NA,NA,NA
"2240.0",3,5,NA,NA,NA,NA,NA,NA
"2241.0",3,5,7,NA,NA,NA,NA,NA
"2245.0",3,5,7,NA,NA,NA,NA,NA
"2246.0",3,5,7,NA,NA,NA,NA,NA
"2247.0",3,5,7,NA,NA,NA,NA,NA
"2248.0",3,5,7,NA,NA,NA,NA,NA
"2249.0",3,5,7,NA,NA,NA,NA,NA
"2250.0",3,5,7,NA,NA,NA,NA,NA
"2251.0",3,5,7,NA,NA,NA,NA,NA
"2252.0",3,5,7,NA,NA,NA,NA,NA
"2253.0",3,5,7,NA,NA,NA,NA,NA
"2254.0",3,5,7,NA,NA,NA,NA,NA
"2256.0",3,5,7,NA,NA,NA,NA,NA
"2257.0",3,5,7,NA,NA,NA,NA,NA
"2258.0",3,5,7,NA,NA,NA,NA,NA
"2259.0",3,5,7,NA,NA,NA,NA,NA
"2260.0",3,5,7,NA,NA,NA,NA,NA
"2261.0",3,5,7,NA,NA,NA,NA,NA
"2262.0",3,5,7,NA,NA,NA,NA,NA
"2263.0",3,5,NA,NA,NA,NA,NA,NA
"2264.0",3,5,7,NA,NA,NA,NA,NA
"2266.0",3,5,7,NA,NA,NA,NA,NA
"2270.0",3,5,NA,NA,NA,NA,NA,NA
"2271.0",3,5,7,NA,NA,NA,NA,NA
"2272.0",3,5,7,NA,NA,NA,NA,NA
"2273.0",3,5,7,NA,NA,NA,NA,NA
"2274.0",3,5,NA,NA,NA,NA,NA,NA
"2278.0",3,5,7,NA,NA,NA,NA,NA
"2281.0",3,5,7,NA,NA,NA,NA,NA
"2282.0",3,5,7,NA,NA,NA,NA,NA
"2283.0",3,5,7,NA,NA,NA,NA,NA
"2284.0",3,5,7,NA,NA,NA,NA,NA
"2287.0",3,5,7,NA,NA,NA,NA,NA
"2292.0",3,5,7,NA,NA,NA,NA,NA
"2293.0",3,5,7,NA,NA,NA,NA,NA
"2296.0",3,5,7,NA,NA,NA,NA,NA
"2297.0",3,5,7,NA,NA,NA,NA,NA
"2298.0",3,5,7,NA,NA,NA,NA,NA
"2299.0",3,5,7,NA,NA,NA,NA,NA
"2300.0",3,5,7,NA,NA,NA,NA,NA
"2301.0",3,5,7,NA,NA,NA,NA,NA
"2303.0",3,5,NA,NA,NA,NA,NA,NA
"2304.0",3,5,7,NA,NA,NA,NA,NA
"2306.0",3,5,NA,NA,NA,NA,NA,NA
"2307.0",3,5,7,NA,NA,NA,NA,NA
"2309.0",3,5,7,NA,NA,NA,NA,NA
"2310.0",3,5,NA,NA,NA,NA,NA,NA
"2311.0",3,5,7,NA,NA,NA,NA,NA
"2312.0",3,5,7,NA,NA,NA,NA,NA
"2314.0",3,5,7,NA,NA,NA,NA,NA
"2315.0",3,5,7,NA,NA,NA,NA,NA
"2316.0",3,5,7,NA,NA,NA,NA,NA
"2318.0",3,5,NA,NA,NA,NA,NA,NA
"2320.0",3,5,7,NA,NA,NA,NA,NA
"2321.0",3,5,7,NA,NA,NA,NA,NA
"2323.0",3,5,7,NA,NA,NA,NA,NA
"2324.0",3,5,7,NA,NA,NA,NA,NA
"2325.0",3,5,7,NA,NA,NA,NA,NA
"2327.0",3,5,NA,NA,NA,NA,NA,NA
"2328.0",3,5,7,NA,NA,NA,NA,NA
"2330.0",3,5,NA,NA,NA,NA,NA,NA
"2332.0",3,5,7,NA,NA,NA,NA,NA
"2333.0",3,5,NA,NA,NA,NA,NA,NA
"2334.0",3,5,7,NA,NA,NA,NA,NA
"2336.0",3,5,NA,NA,NA,NA,NA,NA
"2338.0",3,5,NA,NA,NA,NA,NA,NA
"2340.0",3,5,7,NA,NA,NA,NA,NA
"2341.0",3,5,7,NA,NA,NA,NA,NA
"2342.0",3,5,7,NA,NA,NA,NA,NA
"2343.0",3,5,NA,NA,NA,NA,NA,NA
"2344.0",3,5,7,NA,NA,NA,NA,NA
"2345.0",3,5,7,NA,NA,NA,NA,NA
"2346.0",3,5,7,NA,NA,NA,NA,NA
"2347.0",3,5,7,NA,NA,NA,NA,NA
"2348.0",3,5,NA,NA,NA,NA,NA,NA
"2349.0",3,5,NA,NA,NA,NA,NA,NA
"2351.0",3,5,7,NA,NA,NA,NA,NA
"2352.0",3,5,NA,NA,NA,NA,NA,NA
"2353.0",3,5,7,NA,NA,NA,NA,NA
"2355.0",3,5,NA,NA,NA,NA,NA,NA
"2359.0",3,5,NA,NA,NA,NA,NA,NA
"2360.0",3,7,NA,NA,NA,NA,NA,NA
"2362.0",3,5,7,NA,NA,NA,NA,NA
"2363.0",3,5,7,NA,NA,NA,NA,NA
"2364.0",3,5,NA,NA,NA,NA,NA,NA
"2367.0",3,5,7,NA,NA,NA,NA,NA
"2368.0",3,5,7,NA,NA,NA,NA,NA
"2370.0",3,5,NA,NA,NA,NA,NA,NA
"2371.0",3,5,NA,NA,NA,NA,NA,NA
"2372.0",3,5,NA,NA,NA,NA,NA,NA
"2374.0",3,5,NA,NA,NA,NA,NA,NA
"2375.0",3,5,7,NA,NA,NA,NA,NA
"2376.0",3,5,7,NA,NA,NA,NA,NA
"2377.0",3,5,NA,NA,NA,NA,NA,NA
"2378.0",3,5,NA,NA,NA,NA,NA,NA
"2379.0",3,5,7,NA,NA,NA,NA,NA
"2382.0",3,5,NA,NA,NA,NA,NA,NA
"2383.0",3,5,7,NA,NA,NA,NA,NA
"2384.0",3,5,7,NA,NA,NA,NA,NA
"2387.0",3,5,NA,NA,NA,NA,NA,NA
"2388.0",3,5,7,NA,NA,NA,NA,NA
"2389.0",3,5,7,NA,NA,NA,NA,NA
"2390.0",3,5,7,NA,NA,NA,NA,NA
"2391.0",3,5,7,NA,NA,NA,NA,NA
"2392.0",3,5,7,NA,NA,NA,NA,NA
"2393.0",3,5,7,NA,NA,NA,NA,NA
"2394.0",3,5,7,NA,NA,NA,NA,NA
"2395.0",3,5,7,NA,NA,NA,NA,NA
"2396.0",3,5,7,NA,NA,NA,NA,NA
"2400.0",3,5,NA,NA,NA,NA,NA,NA
"2401.0",3,5,NA,NA,NA,NA,NA,NA
"2402.0",3,5,NA,NA,NA,NA,NA,NA
"2403.0",3,5,7,NA,NA,NA,NA,NA
"2404.0",3,5,7,NA,NA,NA,NA,NA
"2405.0",3,5,7,NA,NA,NA,NA,NA
"2406.0",3,5,7,NA,NA,NA,NA,NA
"2407.0",3,5,7,NA,NA,NA,NA,NA
"2408.0",3,5,NA,NA,NA,NA,NA,NA
"2409.0",3,5,7,NA,NA,NA,NA,NA
"2411.0",3,5,7,NA,NA,NA,NA,NA
"2412.0",3,5,7,NA,NA,NA,NA,NA
"2413.0",3,5,7,NA,NA,NA,NA,NA
"2414.0",3,5,7,NA,NA,NA,NA,NA
"2415.0",3,5,7,NA,NA,NA,NA,NA
"2416.0",3,5,7,NA,NA,NA,NA,NA
"2418.0",3,5,7,NA,NA,NA,NA,NA
"2419.0",3,5,7,NA,NA,NA,NA,NA
"2421.0",3,5,7,NA,NA,NA,NA,NA
"2422.0",3,5,7,NA,NA,NA,NA,NA
"2425.0",3,5,7,NA,NA,NA,NA,NA
"2426.0",3,5,7,NA,NA,NA,NA,NA
"2428.0",3,5,7,NA,NA,NA,NA,NA
"2429.0",3,5,7,NA,NA,NA,NA,NA
"2430.0",3,5,7,NA,NA,NA,NA,NA
"2431.0",3,5,7,NA,NA,NA,NA,NA
"2432.0",3,5,7,NA,NA,NA,NA,NA
"2434.0",3,5,7,NA,NA,NA,NA,NA
"2435.0",3,5,7,NA,NA,NA,NA,NA
"2436.0",3,5,7,NA,NA,NA,NA,NA
"2437.0",3,5,7,NA,NA,NA,NA,NA
"2438.0",3,5,7,NA,NA,NA,NA,NA
"2440.0",3,5,7,NA,NA,NA,NA,NA
"2441.0",3,5,7,NA,NA,NA,NA,NA
"2443.0",3,5,NA,NA,NA,NA,NA,NA
"2444.0",3,5,NA,NA,NA,NA,NA,NA
"2445.0",3,5,7,NA,NA,NA,NA,NA
"2446.0",3,5,7,NA,NA,NA,NA,NA
"2447.0",3,5,7,NA,NA,NA,NA,NA
"2448.0",3,5,7,NA,NA,NA,NA,NA
"2449.0",3,5,7,NA,NA,NA,NA,NA
"2453.0",3,5,7,NA,NA,NA,NA,NA
"2454.0",3,5,7,NA,NA,NA,NA,NA
"2455.0",3,5,7,NA,NA,NA,NA,NA
"2456.0",3,5,7,NA,NA,NA,NA,NA
"2459.0",3,5,7,NA,NA,NA,NA,NA
"2460.0",3,5,7,NA,NA,NA,NA,NA
"2461.0",3,5,7,NA,NA,NA,NA,NA
"2462.0",3,5,7,NA,NA,NA,NA,NA
"2463.0",3,5,7,NA,NA,NA,NA,NA
"2464.0",3,5,7,NA,NA,NA,NA,NA
"2465.0",3,5,7,NA,NA,NA,NA,NA
"2467.0",3,5,7,NA,NA,NA,NA,NA
"2468.0",3,5,7,NA,NA,NA,NA,NA
"2469.0",3,5,7,NA,NA,NA,NA,NA
"2470.0",3,5,7,NA,NA,NA,NA,NA
"2471.0",3,5,7,NA,NA,NA,NA,NA
"2473.0",3,5,7,NA,NA,NA,NA,NA
"2474.0",3,5,7,NA,NA,NA,NA,NA
"2475.0",3,5,7,NA,NA,NA,NA,NA
"2476.0",3,5,7,NA,NA,NA,NA,NA
"2477.0",3,5,7,NA,NA,NA,NA,NA
"2478.0",3,5,7,NA,NA,NA,NA,NA
"2479.0",3,5,7,NA,NA,NA,NA,NA
"2480.0",3,5,7,NA,NA,NA,NA,NA
"2481.0",3,5,7,NA,NA,NA,NA,NA
"2482.0",3,5,7,NA,NA,NA,NA,NA
"2483.0",3,5,7,NA,NA,NA,NA,NA
"2484.0",3,5,7,NA,NA,NA,NA,NA
"2485.0",3,5,NA,NA,NA,NA,NA,NA
"2486.0",3,5,NA,NA,NA,NA,NA,NA
"2487.0",3,5,7,NA,NA,NA,NA,NA
"2489.0",3,5,NA,NA,NA,NA,NA,NA
"2490.0",3,5,7,NA,NA,NA,NA,NA
"2491.0",3,5,7,NA,NA,NA,NA,NA
"2492.0",3,5,7,NA,NA,NA,NA,NA
"2493.0",3,5,7,NA,NA,NA,NA,NA
"2494.0",3,5,7,NA,NA,NA,NA,NA
"2495.0",3,5,7,NA,NA,NA,NA,NA
"2497.0",3,5,7,NA,NA,NA,NA,NA
"2499.0",3,5,7,NA,NA,NA,NA,NA
"2500.0",3,5,7,NA,NA,NA,NA,NA
"2503.0",3,5,7,NA,NA,NA,NA,NA
"2504.0",3,5,7,NA,NA,NA,NA,NA
"2505.0",1,3,5,7,NA,NA,NA,NA
"2506.0",1,3,5,7,NA,NA,NA,NA
"2508.0",1,3,5,7,NA,NA,NA,NA
"2509.0",1,3,5,7,NA,NA,NA,NA
"2511.0",1,3,5,7,NA,NA,NA,NA
"2512.0",1,3,5,7,NA,NA,NA,NA
"2513.0",1,3,5,7,NA,NA,NA,NA
"2514.0",3,5,7,NA,NA,NA,NA,NA
"2517.0",1,3,5,7,NA,NA,NA,NA
"2518.0",1,3,5,7,NA,NA,NA,NA
"2519.0",1,3,5,7,NA,NA,NA,NA
"2520.0",1,3,5,7,NA,NA,NA,NA
"2521.0",1,3,5,7,NA,NA,NA,NA
"2522.0",1,3,5,7,NA,NA,NA,NA
"2524.0",1,3,5,7,NA,NA,NA,NA
"2526.0",1,3,5,7,NA,NA,NA,NA
"2527.0",1,3,5,7,NA,NA,NA,NA
"2528.0",1,3,5,7,NA,NA,NA,NA
"2529.0",1,3,5,7,NA,NA,NA,NA
"2530.0",1,3,5,7,NA,NA,NA,NA
"2531.0",1,3,NA,NA,NA,NA,NA,NA
"2532.0",1,3,5,7,NA,NA,NA,NA
"2533.0",1,3,5,7,NA,NA,NA,NA
"2534.0",1,3,5,7,NA,NA,NA,NA
"2535.0",1,3,5,7,NA,NA,NA,NA
"2536.0",1,3,5,7,NA,NA,NA,NA
"2537.0",1,3,5,7,NA,NA,NA,NA
"2538.0",1,3,5,7,NA,NA,NA,NA
"2539.0",1,3,5,7,NA,NA,NA,NA
"2541.0",1,3,5,7,NA,NA,NA,NA
"2542.0",3,5,7,NA,NA,NA,NA,NA
"2544.0",1,3,5,7,NA,NA,NA,NA
"2547.0",1,3,5,7,NA,NA,NA,NA
"2548.0",1,3,5,7,NA,NA,NA,NA
"2549.0",1,3,5,7,NA,NA,NA,NA
"2550.0",1,3,5,7,NA,NA,NA,NA
"2551.0",1,3,5,7,NA,NA,NA,NA
"2552.0",1,3,5,7,NA,NA,NA,NA
"2553.0",1,3,5,7,NA,NA,NA,NA
"2554.0",1,3,5,7,NA,NA,NA,NA
"2555.0",1,3,5,7,NA,NA,NA,NA
"2556.0",1,3,5,7,NA,NA,NA,NA
"2557.0",1,3,5,7,NA,NA,NA,NA
"2558.0",1,3,5,7,NA,NA,NA,NA
"2562.0",1,3,5,7,NA,NA,NA,NA
"2563.0",1,3,5,7,NA,NA,NA,NA
"2564.0",1,3,7,NA,NA,NA,NA,NA
"2567.0",1,3,5,7,NA,NA,NA,NA
"2573.0",1,3,5,7,NA,NA,NA,NA
"2574.0",1,3,5,7,NA,NA,NA,NA
"2575.0",1,3,5,7,NA,NA,NA,NA
"2577.0",1,3,5,7,NA,NA,NA,NA
"2578.0",1,3,5,7,NA,NA,NA,NA
"2579.0",1,3,5,7,NA,NA,NA,NA
"2580.0",1,3,5,7,NA,NA,NA,NA
"2581.0",1,3,5,7,NA,NA,NA,NA
"2582.0",1,3,5,7,NA,NA,NA,NA
"2583.0",1,3,5,7,NA,NA,NA,NA
"2584.0",1,3,5,7,NA,NA,NA,NA
"2585.0",1,3,5,7,NA,NA,NA,NA
"2586.0",1,3,5,7,NA,NA,NA,NA
"2588.0",1,3,5,7,NA,NA,NA,NA
"2589.0",1,3,5,7,NA,NA,NA,NA
"2590.0",1,3,5,7,NA,NA,NA,NA
"2591.0",1,3,5,7,NA,NA,NA,NA
"2592.0",1,3,5,7,NA,NA,NA,NA
"2593.0",1,3,5,7,NA,NA,NA,NA
"2594.0",1,3,5,7,NA,NA,NA,NA
"2595.0",1,3,5,7,NA,NA,NA,NA
"2598.0",1,3,5,NA,NA,NA,NA,NA
"2599.0",1,3,5,7,NA,NA,NA,NA
"2600.0",1,3,5,7,NA,NA,NA,NA
"2601.0",1,3,5,7,NA,NA,NA,NA
"2602.0",1,3,5,7,NA,NA,NA,NA
"2603.0",1,3,5,7,NA,NA,NA,NA
"2604.0",1,3,5,7,NA,NA,NA,NA
"2608.0",1,3,5,7,NA,NA,NA,NA
"2609.0",1,3,5,7,NA,NA,NA,NA
"2610.0",1,3,5,7,NA,NA,NA,NA
"2611.0",1,3,5,7,NA,NA,NA,NA
"2612.0",1,3,5,7,NA,NA,NA,NA
"2613.0",1,3,5,7,NA,NA,NA,NA
"2614.0",1,3,5,7,NA,NA,NA,NA
"2615.0",1,3,5,7,NA,NA,NA,NA
"2616.0",1,3,5,7,NA,NA,NA,NA
"2617.0",1,3,5,7,NA,NA,NA,NA
"2618.0",1,3,5,7,NA,NA,NA,NA
"2619.0",1,3,5,7,NA,NA,NA,NA
"2620.0",1,3,5,7,NA,NA,NA,NA
"2623.0",1,3,5,7,NA,NA,NA,NA
"2624.0",1,3,5,7,NA,NA,NA,NA
"2625.0",3,5,7,NA,NA,NA,NA,NA
"2626.0",3,5,7,NA,NA,NA,NA,NA
"2628.0",1,3,5,7,NA,NA,NA,NA
"2629.0",1,3,5,7,NA,NA,NA,NA
"2632.0",1,3,5,7,NA,NA,NA,NA
"2634.0",1,3,5,7,NA,NA,NA,NA
"2636.0",1,3,5,7,NA,NA,NA,NA
"2637.0",1,3,5,7,NA,NA,NA,NA
"2639.0",1,3,5,7,NA,NA,NA,NA
"2640.0",1,3,5,7,NA,NA,NA,NA
"2641.0",1,3,5,7,NA,NA,NA,NA
"2642.0",1,3,5,7,NA,NA,NA,NA
"2643.0",1,3,5,7,NA,NA,NA,NA
"2646.0",1,3,5,7,NA,NA,NA,NA
"2648.0",1,3,5,7,NA,NA,NA,NA
"2649.0",1,3,5,7,NA,NA,NA,NA
"2650.0",1,3,5,7,NA,NA,NA,NA
"2651.0",1,3,5,NA,NA,NA,NA,NA
"2652.0",1,3,5,NA,NA,NA,NA,NA
"2654.0",1,3,5,7,NA,NA,NA,NA
"2655.0",1,3,5,7,NA,NA,NA,NA
"2658.0",1,3,5,7,NA,NA,NA,NA
"2659.0",1,3,5,NA,NA,NA,NA,NA
"2662.0",1,3,5,7,NA,NA,NA,NA
"2663.0",1,3,5,7,NA,NA,NA,NA
"2664.0",1,3,5,7,NA,NA,NA,NA
"2665.0",1,3,5,7,NA,NA,NA,NA
"2666.0",1,3,5,NA,NA,NA,NA,NA
"2667.0",1,3,5,7,NA,NA,NA,NA
"2668.0",3,5,7,NA,NA,NA,NA,NA
"2669.0",1,3,5,7,NA,NA,NA,NA
"2670.0",1,3,5,7,NA,NA,NA,NA
"2671.0",1,3,5,7,NA,NA,NA,NA
"2672.0",1,3,5,7,NA,NA,NA,NA
"2673.0",1,3,5,7,NA,NA,NA,NA
"2677.0",1,3,5,7,NA,NA,NA,NA
"2678.0",1,3,5,7,NA,NA,NA,NA
"2679.0",1,3,5,NA,NA,NA,NA,NA
"2680.0",1,3,5,7,NA,NA,NA,NA
"2682.0",1,3,5,NA,NA,NA,NA,NA
"2683.0",1,3,5,7,NA,NA,NA,NA
"2684.0",3,7,NA,NA,NA,NA,NA,NA
"2685.0",1,3,5,7,NA,NA,NA,NA
"2686.0",1,3,5,7,NA,NA,NA,NA
"2687.0",1,3,5,7,NA,NA,NA,NA
"2688.0",1,3,5,NA,NA,NA,NA,NA
"2689.0",1,3,5,7,NA,NA,NA,NA
"2691.0",1,3,5,7,NA,NA,NA,NA
"2692.0",1,3,5,NA,NA,NA,NA,NA
"2693.0",1,3,5,7,NA,NA,NA,NA
"2694.0",1,3,5,7,NA,NA,NA,NA
"2695.0",1,3,5,7,NA,NA,NA,NA
"2696.0",1,3,5,NA,NA,NA,NA,NA
"2697.0",1,3,5,7,NA,NA,NA,NA
"2698.0",1,3,5,7,NA,NA,NA,NA
"2699.0",1,3,5,7,NA,NA,NA,NA
"2700.0",1,3,5,7,NA,NA,NA,NA
"2702.0",1,3,5,7,NA,NA,NA,NA
"2703.0",1,3,5,7,NA,NA,NA,NA
"2704.0",1,3,5,7,NA,NA,NA,NA
"2705.0",1,3,5,7,NA,NA,NA,NA
"2707.0",1,3,5,7,NA,NA,NA,NA
"2708.0",1,3,5,7,NA,NA,NA,NA
"2710.0",1,3,5,NA,NA,NA,NA,NA
"2711.0",1,3,5,7,NA,NA,NA,NA
"2713.0",1,3,5,7,NA,NA,NA,NA
"2714.0",1,3,5,7,NA,NA,NA,NA
"2715.0",1,3,5,7,NA,NA,NA,NA
"2716.0",1,3,5,7,NA,NA,NA,NA
"2718.0",1,3,5,7,NA,NA,NA,NA
"2721.0",1,3,5,7,NA,NA,NA,NA
"2722.0",1,3,5,7,NA,NA,NA,NA
"2725.0",1,3,5,7,NA,NA,NA,NA
"2727.0",1,3,5,7,NA,NA,NA,NA
"2728.0",1,3,5,NA,NA,NA,NA,NA
"2729.0",1,3,5,7,NA,NA,NA,NA
"2730.0",1,3,5,7,NA,NA,NA,NA
"2731.0",1,3,5,7,NA,NA,NA,NA
"2732.0",1,3,5,7,NA,NA,NA,NA
"2735.0",1,3,5,7,NA,NA,NA,NA
"2736.0",1,3,5,7,NA,NA,NA,NA
"2738.0",1,3,5,7,NA,NA,NA,NA
"2739.0",1,3,5,7,NA,NA,NA,NA
"2741.0",1,3,5,7,NA,NA,NA,NA
"2742.0",1,3,5,7,NA,NA,NA,NA
"2743.0",1,3,5,7,NA,NA,NA,NA
"2745.0",1,3,5,7,NA,NA,NA,NA
"2746.0",1,3,5,7,NA,NA,NA,NA
"2747.0",1,3,5,7,NA,NA,NA,NA
"2751.0",1,3,5,7,NA,NA,NA,NA
"2752.0",1,3,5,7,NA,NA,NA,NA
"2753.0",1,3,5,7,NA,NA,NA,NA
"2756.0",1,3,5,7,NA,NA,NA,NA
"2758.0",1,3,5,7,NA,NA,NA,NA
"2759.0",1,3,5,7,NA,NA,NA,NA
"2761.0",1,3,5,7,NA,NA,NA,NA
"2762.0",1,3,5,7,NA,NA,NA,NA
"2763.0",1,3,5,7,NA,NA,NA,NA
"2764.0",1,3,5,7,NA,NA,NA,NA
"2765.0",1,3,5,7,NA,NA,NA,NA
"2766.0",1,3,5,7,NA,NA,NA,NA
"2767.0",1,3,5,7,NA,NA,NA,NA
"2768.0",1,3,5,7,NA,NA,NA,NA
"2769.0",1,3,5,7,NA,NA,NA,NA
"2770.0",1,3,5,7,NA,NA,NA,NA
"2771.0",1,3,5,7,NA,NA,NA,NA
"2772.0",1,3,5,7,NA,NA,NA,NA
"2773.0",1,3,5,7,NA,NA,NA,NA
"2775.0",1,3,5,7,NA,NA,NA,NA
"2776.0",1,3,5,7,NA,NA,NA,NA
"2782.0",1,3,5,7,NA,NA,NA,NA
"2784.0",1,3,5,7,NA,NA,NA,NA
"2786.0",1,3,5,7,NA,NA,NA,NA
"2787.0",1,3,5,7,NA,NA,NA,NA
"2788.0",1,3,5,7,NA,NA,NA,NA
"2789.0",1,3,5,7,NA,NA,NA,NA
"2790.0",1,3,5,NA,NA,NA,NA,NA
"2791.0",1,3,5,7,NA,NA,NA,NA
"2792.0",1,3,5,7,NA,NA,NA,NA
"2793.0",1,3,5,NA,NA,NA,NA,NA
"2794.0",1,3,5,7,NA,NA,NA,NA
"2796.0",1,3,5,7,NA,NA,NA,NA
"2797.0",1,3,5,7,NA,NA,NA,NA
"2798.0",1,3,5,7,NA,NA,NA,NA
"2800.0",1,3,5,NA,NA,NA,NA,NA
"2802.0",1,3,5,7,NA,NA,NA,NA
"2803.0",1,3,5,7,NA,NA,NA,NA
"2804.0",1,3,5,7,NA,NA,NA,NA
"2805.0",1,3,5,7,NA,NA,NA,NA
"2806.0",1,3,5,7,NA,NA,NA,NA
"2807.0",1,3,5,7,NA,NA,NA,NA
"2808.0",1,3,5,7,NA,NA,NA,NA
"2809.0",1,3,5,7,NA,NA,NA,NA
"2810.0",1,3,5,NA,NA,NA,NA,NA
"2811.0",1,3,5,7,NA,NA,NA,NA
"2813.0",1,3,5,7,NA,NA,NA,NA
"2816.0",1,3,NA,NA,NA,NA,NA,NA
"2817.0",1,3,5,7,NA,NA,NA,NA
"2818.0",1,3,5,7,NA,NA,NA,NA
"2819.0",1,3,5,7,NA,NA,NA,NA
"2821.0",1,3,5,7,NA,NA,NA,NA
"2822.0",1,3,5,NA,NA,NA,NA,NA
"2823.0",1,3,5,7,NA,NA,NA,NA
"2824.0",1,3,5,7,NA,NA,NA,NA
"2826.0",1,3,5,7,NA,NA,NA,NA
"2832.0",1,3,5,7,NA,NA,NA,NA
"2833.0",1,3,5,7,NA,NA,NA,NA
"2834.0",1,3,5,NA,NA,NA,NA,NA
"2835.0",1,3,5,7,NA,NA,NA,NA
"2836.0",1,3,5,7,NA,NA,NA,NA
"2838.0",1,3,5,NA,NA,NA,NA,NA
"2840.0",1,3,5,7,NA,NA,NA,NA
"2841.0",1,3,5,7,NA,NA,NA,NA
"2842.0",1,3,5,7,NA,NA,NA,NA
"2843.0",1,3,5,7,NA,NA,NA,NA
"2845.0",1,3,5,7,NA,NA,NA,NA
"2846.0",1,3,5,7,NA,NA,NA,NA
"2848.0",3,5,7,NA,NA,NA,NA,NA
"2850.0",1,3,5,7,NA,NA,NA,NA
"2851.0",1,3,5,7,NA,NA,NA,NA
"2852.0",1,3,5,7,NA,NA,NA,NA
"2853.0",1,3,5,7,NA,NA,NA,NA
"2855.0",1,3,5,7,NA,NA,NA,NA
"2857.0",1,3,5,7,NA,NA,NA,NA
"2858.0",1,3,5,7,NA,NA,NA,NA
"2860.0",1,3,5,7,NA,NA,NA,NA
"2861.0",1,3,5,7,NA,NA,NA,NA
"2862.0",5,7,NA,NA,NA,NA,NA,NA
"2863.0",1,3,5,7,NA,NA,NA,NA
"2864.0",1,3,5,7,NA,NA,NA,NA
"2865.0",1,3,5,7,NA,NA,NA,NA
"2866.0",1,3,5,7,NA,NA,NA,NA
"2869.0",1,3,5,7,NA,NA,NA,NA
"2870.0",1,3,5,7,NA,NA,NA,NA
"2871.0",1,3,5,7,NA,NA,NA,NA
"2872.0",1,3,5,7,NA,NA,NA,NA
"2873.0",1,3,5,7,NA,NA,NA,NA
"2875.0",1,3,5,7,NA,NA,NA,NA
"2876.0",1,3,5,7,NA,NA,NA,NA
"2881.0",1,3,5,7,NA,NA,NA,NA
"2882.0",1,3,5,7,NA,NA,NA,NA
"2883.0",1,3,5,7,NA,NA,NA,NA
"2886.0",1,3,5,7,NA,NA,NA,NA
"2887.0",1,3,5,7,NA,NA,NA,NA
"2888.0",1,3,5,7,NA,NA,NA,NA
"2889.0",1,3,5,7,NA,NA,NA,NA
"2893.0",1,3,5,7,NA,NA,NA,NA
"2894.0",1,3,5,NA,NA,NA,NA,NA
"2896.0",1,3,5,7,NA,NA,NA,NA
"2897.0",1,3,5,7,NA,NA,NA,NA
"2898.0",1,3,5,7,NA,NA,NA,NA
"2899.0",1,3,5,7,NA,NA,NA,NA
"2906.0",1,3,5,7,NA,NA,NA,NA
"2907.0",1,3,5,7,NA,NA,NA,NA
"2909.0",1,3,5,7,NA,NA,NA,NA
"2911.0",1,3,5,7,NA,NA,NA,NA
"2913.0",1,3,5,7,NA,NA,NA,NA
"2916.0",1,3,5,7,NA,NA,NA,NA
"2917.0",1,3,5,7,NA,NA,NA,NA
"2919.0",1,3,5,7,NA,NA,NA,NA
"2920.0",1,3,5,7,NA,NA,NA,NA
"2921.0",1,3,5,7,NA,NA,NA,NA
"2922.0",1,3,5,7,NA,NA,NA,NA
"2923.0",1,3,5,7,NA,NA,NA,NA
"2924.0",3,5,7,NA,NA,NA,NA,NA
"2925.0",1,3,5,7,NA,NA,NA,NA
"2926.0",1,3,5,7,NA,NA,NA,NA
"2927.0",1,3,5,7,NA,NA,NA,NA
"2929.0",1,3,5,7,NA,NA,NA,NA
"2930.0",1,3,5,7,NA,NA,NA,NA
"2932.0",1,3,5,7,NA,NA,NA,NA
"2934.0",1,3,5,7,NA,NA,NA,NA
"2935.0",1,3,5,7,NA,NA,NA,NA
"2936.0",1,3,5,7,NA,NA,NA,NA
"2937.0",1,3,5,7,NA,NA,NA,NA
"2938.0",1,3,5,7,NA,NA,NA,NA
"2939.0",1,3,5,7,NA,NA,NA,NA
"2940.0",1,3,5,7,NA,NA,NA,NA
"2941.0",1,3,5,7,NA,NA,NA,NA
"2942.0",1,3,5,7,NA,NA,NA,NA
"2943.0",1,3,5,7,NA,NA,NA,NA
"2944.0",1,3,5,7,NA,NA,NA,NA
"2945.0",1,3,5,7,NA,NA,NA,NA
"2947.0",1,3,5,7,NA,NA,NA,NA
"2948.0",1,3,5,7,NA,NA,NA,NA
"2949.0",1,3,5,7,NA,NA,NA,NA
"2950.0",1,3,5,7,NA,NA,NA,NA
"2951.0",3,5,7,NA,NA,NA,NA,NA
"2952.0",3,5,7,NA,NA,NA,NA,NA
"2954.0",3,5,7,NA,NA,NA,NA,NA
"2960.0",3,5,7,NA,NA,NA,NA,NA
"2963.0",3,5,NA,NA,NA,NA,NA,NA
"2964.0",3,5,7,NA,NA,NA,NA,NA
"2965.0",3,5,7,NA,NA,NA,NA,NA
"2966.0",3,5,NA,NA,NA,NA,NA,NA
"2967.0",3,5,7,NA,NA,NA,NA,NA
"2968.0",3,5,7,NA,NA,NA,NA,NA
"2970.0",3,5,NA,NA,NA,NA,NA,NA
"2976.0",3,5,7,NA,NA,NA,NA,NA
"2978.0",3,5,7,NA,NA,NA,NA,NA
"2981.0",3,5,NA,NA,NA,NA,NA,NA
"2984.0",3,5,7,NA,NA,NA,NA,NA
"2990.0",3,5,7,NA,NA,NA,NA,NA
"2993.0",3,5,NA,NA,NA,NA,NA,NA
"2994.0",3,5,NA,NA,NA,NA,NA,NA
"2995.0",3,5,7,NA,NA,NA,NA,NA
"2997.0",3,5,NA,NA,NA,NA,NA,NA
"3006.0",3,5,NA,NA,NA,NA,NA,NA
"3007.0",3,5,NA,NA,NA,NA,NA,NA
"3011.0",3,5,7,NA,NA,NA,NA,NA
"3012.0",3,5,7,NA,NA,NA,NA,NA
"3013.0",3,5,7,NA,NA,NA,NA,NA
"3016.0",3,5,7,NA,NA,NA,NA,NA
"3019.0",3,5,7,NA,NA,NA,NA,NA
"3020.0",3,5,7,NA,NA,NA,NA,NA
"3025.0",3,5,7,NA,NA,NA,NA,NA
"3027.0",3,5,7,NA,NA,NA,NA,NA
"3028.0",3,5,7,NA,NA,NA,NA,NA
"3030.0",3,5,7,NA,NA,NA,NA,NA
"3032.0",3,5,7,NA,NA,NA,NA,NA
"3034.0",3,5,7,NA,NA,NA,NA,NA
"3036.0",3,5,7,NA,NA,NA,NA,NA
"3037.0",3,5,7,NA,NA,NA,NA,NA
"3038.0",3,5,7,NA,NA,NA,NA,NA
"3042.0",3,5,7,NA,NA,NA,NA,NA
"3046.0",3,5,7,NA,NA,NA,NA,NA
"3049.0",3,5,7,NA,NA,NA,NA,NA
"3050.0",3,5,7,NA,NA,NA,NA,NA
"3051.0",3,5,7,NA,NA,NA,NA,NA
"3052.0",3,5,7,NA,NA,NA,NA,NA
"3053.0",3,5,7,NA,NA,NA,NA,NA
"3054.0",3,5,7,NA,NA,NA,NA,NA
"3056.0",3,5,7,NA,NA,NA,NA,NA
"3058.0",3,5,7,NA,NA,NA,NA,NA
"3061.0",3,5,7,NA,NA,NA,NA,NA
"3063.0",3,5,7,NA,NA,NA,NA,NA
"3067.0",3,5,7,NA,NA,NA,NA,NA
"3068.0",3,5,7,NA,NA,NA,NA,NA
"3069.0",3,5,7,NA,NA,NA,NA,NA
"3071.0",3,5,7,NA,NA,NA,NA,NA
"3072.0",3,5,7,NA,NA,NA,NA,NA
"3075.0",3,5,7,NA,NA,NA,NA,NA
"3077.0",3,5,7,NA,NA,NA,NA,NA
"3078.0",3,5,7,NA,NA,NA,NA,NA
"3079.0",3,5,7,NA,NA,NA,NA,NA
"3080.0",3,5,7,NA,NA,NA,NA,NA
"3081.0",3,5,7,NA,NA,NA,NA,NA
"3082.0",3,5,7,NA,NA,NA,NA,NA
"3083.0",3,5,7,NA,NA,NA,NA,NA
"3084.0",3,5,7,NA,NA,NA,NA,NA
"3085.0",3,5,7,NA,NA,NA,NA,NA
"3087.0",3,5,7,NA,NA,NA,NA,NA
"3089.0",3,5,7,NA,NA,NA,NA,NA
"3092.0",3,5,7,NA,NA,NA,NA,NA
"3104.0",3,5,7,NA,NA,NA,NA,NA
"3105.0",3,5,7,NA,NA,NA,NA,NA
"3106.0",3,5,NA,NA,NA,NA,NA,NA
"3108.0",3,5,7,NA,NA,NA,NA,NA
"3109.0",3,5,7,NA,NA,NA,NA,NA
"3110.0",3,5,7,NA,NA,NA,NA,NA
"3111.0",3,5,7,NA,NA,NA,NA,NA
"3113.0",3,5,7,NA,NA,NA,NA,NA
"3114.0",3,5,7,NA,NA,NA,NA,NA
"3116.0",3,5,7,NA,NA,NA,NA,NA
"3118.0",3,5,7,NA,NA,NA,NA,NA
"3119.0",3,5,7,NA,NA,NA,NA,NA
"3120.0",3,5,7,NA,NA,NA,NA,NA
"3121.0",3,5,7,NA,NA,NA,NA,NA
"3122.0",3,5,7,NA,NA,NA,NA,NA
"3123.0",3,5,7,NA,NA,NA,NA,NA
"3124.0",3,5,NA,NA,NA,NA,NA,NA
"3126.0",3,5,7,NA,NA,NA,NA,NA
"3128.0",3,5,7,NA,NA,NA,NA,NA
"3129.0",3,5,7,NA,NA,NA,NA,NA
"3130.0",3,5,7,NA,NA,NA,NA,NA
"3131.0",3,5,7,NA,NA,NA,NA,NA
"3132.0",3,5,7,NA,NA,NA,NA,NA
"3134.0",3,5,7,NA,NA,NA,NA,NA
"3135.0",3,5,7,NA,NA,NA,NA,NA
"3136.0",3,5,7,NA,NA,NA,NA,NA
"3138.0",3,5,NA,NA,NA,NA,NA,NA
"3139.0",3,5,7,NA,NA,NA,NA,NA
"3141.0",3,5,NA,NA,NA,NA,NA,NA
"3142.0",3,5,NA,NA,NA,NA,NA,NA
"3146.0",3,5,7,NA,NA,NA,NA,NA
"3151.0",3,5,7,NA,NA,NA,NA,NA
"3152.0",3,5,7,NA,NA,NA,NA,NA
"3153.0",3,5,7,NA,NA,NA,NA,NA
"3154.0",3,5,7,NA,NA,NA,NA,NA
"3156.0",3,5,7,NA,NA,NA,NA,NA
"3157.0",3,5,7,NA,NA,NA,NA,NA
"3159.0",3,5,NA,NA,NA,NA,NA,NA
"3161.0",3,5,NA,NA,NA,NA,NA,NA
"3164.0",3,5,7,NA,NA,NA,NA,NA
"3166.0",3,5,7,NA,NA,NA,NA,NA
"3167.0",3,5,7,NA,NA,NA,NA,NA
"3171.0",3,5,7,NA,NA,NA,NA,NA
"3175.0",3,5,NA,NA,NA,NA,NA,NA
"3180.0",3,5,7,NA,NA,NA,NA,NA
"3181.0",3,5,NA,NA,NA,NA,NA,NA
"3182.0",3,5,7,NA,NA,NA,NA,NA
"3184.0",3,5,NA,NA,NA,NA,NA,NA
"3185.0",3,5,NA,NA,NA,NA,NA,NA
"3188.0",3,5,7,NA,NA,NA,NA,NA
"3191.0",3,5,NA,NA,NA,NA,NA,NA
"3193.0",3,5,NA,NA,NA,NA,NA,NA
"3194.0",3,5,NA,NA,NA,NA,NA,NA
"3198.0",3,5,7,NA,NA,NA,NA,NA
"3201.0",3,5,NA,NA,NA,NA,NA,NA
"3202.0",3,5,NA,NA,NA,NA,NA,NA
"3205.0",3,5,NA,NA,NA,NA,NA,NA
"3223.0",3,5,NA,NA,NA,NA,NA,NA
"3247.0",3,5,7,NA,NA,NA,NA,NA
"3251.0",3,5,7,NA,NA,NA,NA,NA
"3257.0",3,5,7,NA,NA,NA,NA,NA
"3258.0",3,5,7,NA,NA,NA,NA,NA
"3260.0",3,5,7,NA,NA,NA,NA,NA
"3261.0",3,5,7,NA,NA,NA,NA,NA
"3262.0",3,5,7,NA,NA,NA,NA,NA
"3263.0",3,5,7,NA,NA,NA,NA,NA
"3265.0",3,5,7,NA,NA,NA,NA,NA
"3268.0",3,5,7,NA,NA,NA,NA,NA
"3269.0",3,5,7,NA,NA,NA,NA,NA
"3270.0",3,5,7,NA,NA,NA,NA,NA
"3271.0",3,5,7,NA,NA,NA,NA,NA
"3274.0",3,5,7,NA,NA,NA,NA,NA
"3275.0",3,5,7,NA,NA,NA,NA,NA
"3276.0",3,5,NA,NA,NA,NA,NA,NA
"3277.0",3,5,7,NA,NA,NA,NA,NA
"3279.0",3,5,7,NA,NA,NA,NA,NA
"3281.0",3,5,NA,NA,NA,NA,NA,NA
"3284.0",3,5,7,NA,NA,NA,NA,NA
"3289.0",3,5,7,NA,NA,NA,NA,NA
"3291.0",3,5,7,NA,NA,NA,NA,NA
"3292.0",3,5,7,NA,NA,NA,NA,NA
"3294.0",3,5,7,NA,NA,NA,NA,NA
"3295.0",3,5,7,NA,NA,NA,NA,NA
"3298.0",3,5,NA,NA,NA,NA,NA,NA
"3299.0",3,5,NA,NA,NA,NA,NA,NA
"3300.0",3,5,NA,NA,NA,NA,NA,NA
"3301.0",3,5,7,NA,NA,NA,NA,NA
"3302.0",3,5,7,NA,NA,NA,NA,NA
"3303.0",3,5,7,NA,NA,NA,NA,NA
"3306.0",3,5,7,NA,NA,NA,NA,NA
"3307.0",3,5,7,NA,NA,NA,NA,NA
"3308.0",3,5,NA,NA,NA,NA,NA,NA
"3309.0",3,5,NA,NA,NA,NA,NA,NA
"3310.0",3,5,NA,NA,NA,NA,NA,NA
"3312.0",3,5,7,NA,NA,NA,NA,NA
"3314.0",3,5,NA,NA,NA,NA,NA,NA
"3315.0",3,5,NA,NA,NA,NA,NA,NA
"3316.0",3,5,7,NA,NA,NA,NA,NA
"3320.0",3,5,7,NA,NA,NA,NA,NA
"3322.0",3,5,7,NA,NA,NA,NA,NA
"3323.0",3,5,NA,NA,NA,NA,NA,NA
"3324.0",3,5,7,NA,NA,NA,NA,NA
"3325.0",3,5,NA,NA,NA,NA,NA,NA
"3327.0",3,5,NA,NA,NA,NA,NA,NA
"3328.0",3,5,7,NA,NA,NA,NA,NA
"3329.0",3,5,NA,NA,NA,NA,NA,NA
"3336.0",3,5,7,NA,NA,NA,NA,NA
"3337.0",3,5,7,NA,NA,NA,NA,NA
"3338.0",3,5,NA,NA,NA,NA,NA,NA
"3339.0",3,5,7,NA,NA,NA,NA,NA
"3341.0",3,5,7,NA,NA,NA,NA,NA
"3343.0",3,5,7,NA,NA,NA,NA,NA
"3346.0",3,5,7,NA,NA,NA,NA,NA
"3348.0",3,5,7,NA,NA,NA,NA,NA
"3353.0",3,5,NA,NA,NA,NA,NA,NA
"3354.0",3,5,7,NA,NA,NA,NA,NA
"3355.0",3,5,7,NA,NA,NA,NA,NA
"3358.0",3,5,7,NA,NA,NA,NA,NA
"3359.0",3,7,NA,NA,NA,NA,NA,NA
"3362.0",3,5,7,NA,NA,NA,NA,NA
"3364.0",1,3,5,7,NA,NA,NA,NA
"3365.0",1,3,5,7,NA,NA,NA,NA
"3367.0",1,3,5,7,NA,NA,NA,NA
"3368.0",1,3,5,7,NA,NA,NA,NA
"3369.0",1,3,5,7,NA,NA,NA,NA
"3370.0",1,3,5,7,NA,NA,NA,NA
"3371.0",1,3,5,7,NA,NA,NA,NA
"3372.0",1,3,5,7,NA,NA,NA,NA
"3374.0",1,3,5,7,NA,NA,NA,NA
"3375.0",1,3,5,7,NA,NA,NA,NA
"3376.0",1,3,5,7,NA,NA,NA,NA
"3379.0",1,3,5,7,NA,NA,NA,NA
"3380.0",1,3,5,7,NA,NA,NA,NA
"3381.0",1,3,5,7,NA,NA,NA,NA
"3382.0",1,3,5,7,NA,NA,NA,NA
"3383.0",1,3,5,7,NA,NA,NA,NA
"3386.0",1,3,5,7,NA,NA,NA,NA
"3387.0",1,3,5,7,NA,NA,NA,NA
"3389.0",1,3,5,NA,NA,NA,NA,NA
"3391.0",1,3,5,7,NA,NA,NA,NA
"3392.0",1,3,5,NA,NA,NA,NA,NA
"3393.0",1,3,5,7,NA,NA,NA,NA
"3395.0",1,3,5,7,NA,NA,NA,NA
"3396.0",1,3,5,7,NA,NA,NA,NA
"3397.0",1,3,7,NA,NA,NA,NA,NA
"3398.0",1,3,5,7,NA,NA,NA,NA
"3399.0",1,3,5,7,NA,NA,NA,NA
"3400.0",1,3,5,7,NA,NA,NA,NA
"3401.0",1,3,5,7,NA,NA,NA,NA
"3402.0",1,3,5,7,NA,NA,NA,NA
"3403.0",1,3,5,7,NA,NA,NA,NA
"3405.0",1,3,5,7,NA,NA,NA,NA
"3406.0",1,3,5,7,NA,NA,NA,NA
"3407.0",1,3,5,7,NA,NA,NA,NA
"3408.0",1,3,5,7,NA,NA,NA,NA
"3409.0",1,3,5,7,NA,NA,NA,NA
"3410.0",1,3,5,7,NA,NA,NA,NA
"3411.0",1,3,7,NA,NA,NA,NA,NA
"3412.0",1,3,5,7,NA,NA,NA,NA
"3414.0",1,3,5,7,NA,NA,NA,NA
"3415.0",3,5,7,NA,NA,NA,NA,NA
"3416.0",1,3,5,7,NA,NA,NA,NA
"3418.0",1,3,5,NA,NA,NA,NA,NA
"3419.0",1,3,5,7,NA,NA,NA,NA
"3420.0",1,3,5,7,NA,NA,NA,NA
"3421.0",1,3,5,7,NA,NA,NA,NA
"3422.0",1,3,5,7,NA,NA,NA,NA
"3423.0",1,3,5,7,NA,NA,NA,NA
"3424.0",1,3,5,7,NA,NA,NA,NA
"3425.0",1,3,5,7,NA,NA,NA,NA
"3426.0",1,3,5,7,NA,NA,NA,NA
"3427.0",1,3,5,7,NA,NA,NA,NA
"3429.0",1,3,5,7,NA,NA,NA,NA
"3430.0",1,3,5,7,NA,NA,NA,NA
"3431.0",1,3,5,7,NA,NA,NA,NA
"3432.0",1,3,5,7,NA,NA,NA,NA
"3433.0",1,3,5,7,NA,NA,NA,NA
"3434.0",1,3,5,7,NA,NA,NA,NA
"3436.0",1,3,5,7,NA,NA,NA,NA
"3437.0",1,3,5,7,NA,NA,NA,NA
"3438.0",1,3,5,7,NA,NA,NA,NA
"3439.0",1,3,5,7,NA,NA,NA,NA
"3440.0",1,3,5,7,NA,NA,NA,NA
"3441.0",1,3,5,7,NA,NA,NA,NA
"3442.0",1,3,5,7,NA,NA,NA,NA
"3443.0",1,3,5,7,NA,NA,NA,NA
"3444.0",1,3,5,7,NA,NA,NA,NA
"3445.0",1,3,5,7,NA,NA,NA,NA
"3446.0",1,3,5,7,NA,NA,NA,NA
"3447.0",1,3,5,7,NA,NA,NA,NA
"3448.0",1,3,5,7,NA,NA,NA,NA
"3449.0",1,3,5,7,NA,NA,NA,NA
"3450.0",1,3,7,NA,NA,NA,NA,NA
"3451.0",1,3,5,7,NA,NA,NA,NA
"3453.0",1,3,5,7,NA,NA,NA,NA
"3455.0",1,3,5,7,NA,NA,NA,NA
"3456.0",1,3,5,7,NA,NA,NA,NA
"3458.0",1,3,5,7,NA,NA,NA,NA
"3459.0",1,3,5,7,NA,NA,NA,NA
"3460.0",1,3,NA,NA,NA,NA,NA,NA
"3461.0",3,5,7,NA,NA,NA,NA,NA
"3462.0",1,3,5,7,NA,NA,NA,NA
"3463.0",1,3,5,7,NA,NA,NA,NA
"3465.0",1,3,5,7,NA,NA,NA,NA
"3466.0",1,3,5,7,NA,NA,NA,NA
"3467.0",1,3,5,7,NA,NA,NA,NA
"3468.0",1,3,5,7,NA,NA,NA,NA
"3469.0",1,3,5,7,NA,NA,NA,NA
"3470.0",1,3,5,7,NA,NA,NA,NA
"3471.0",1,3,5,7,NA,NA,NA,NA
"3473.0",1,3,5,7,NA,NA,NA,NA
"3474.0",1,3,5,7,NA,NA,NA,NA
"3476.0",1,3,5,7,NA,NA,NA,NA
"3478.0",1,3,5,7,NA,NA,NA,NA
"3480.0",1,3,5,7,NA,NA,NA,NA
"3482.0",1,3,5,7,NA,NA,NA,NA
"3483.0",1,3,5,7,NA,NA,NA,NA
"3484.0",1,3,5,7,NA,NA,NA,NA
"3485.0",1,3,5,7,NA,NA,NA,NA
"3487.0",1,3,5,7,NA,NA,NA,NA
"3488.0",1,3,5,7,NA,NA,NA,NA
"3489.0",1,3,5,7,NA,NA,NA,NA
"3490.0",1,3,5,7,NA,NA,NA,NA
"3491.0",1,3,5,7,NA,NA,NA,NA
"3492.0",1,3,5,7,NA,NA,NA,NA
"3493.0",1,3,5,7,NA,NA,NA,NA
"3494.0",1,3,5,7,NA,NA,NA,NA
"3495.0",1,3,5,7,NA,NA,NA,NA
"3496.0",1,3,5,7,NA,NA,NA,NA
"3499.0",1,3,NA,NA,NA,NA,NA,NA
"3501.0",1,3,5,7,NA,NA,NA,NA
"3502.0",1,3,5,7,NA,NA,NA,NA
"3503.0",1,3,5,7,NA,NA,NA,NA
"3505.0",1,3,5,7,NA,NA,NA,NA
"3507.0",1,3,5,7,NA,NA,NA,NA
"3509.0",1,3,5,7,NA,NA,NA,NA
"3511.0",1,3,NA,NA,NA,NA,NA,NA
"3512.0",1,3,5,7,NA,NA,NA,NA
"3513.0",1,3,5,7,NA,NA,NA,NA
"3515.0",1,3,5,7,NA,NA,NA,NA
"3516.0",1,3,5,7,NA,NA,NA,NA
"3517.0",1,3,5,NA,NA,NA,NA,NA
"3518.0",1,3,5,NA,NA,NA,NA,NA
"3519.0",1,3,5,7,NA,NA,NA,NA
"3520.0",1,3,5,NA,NA,NA,NA,NA
"3521.0",1,3,5,7,NA,NA,NA,NA
"3523.0",1,3,5,7,NA,NA,NA,NA
"3525.0",1,3,5,7,NA,NA,NA,NA
"3526.0",1,3,5,7,NA,NA,NA,NA
"3528.0",1,3,5,7,NA,NA,NA,NA
"3529.0",1,3,5,NA,NA,NA,NA,NA
"3530.0",1,3,5,NA,NA,NA,NA,NA
"3531.0",1,3,5,7,NA,NA,NA,NA
"3532.0",1,3,5,NA,NA,NA,NA,NA
"3533.0",1,3,NA,NA,NA,NA,NA,NA
"3534.0",1,3,5,7,NA,NA,NA,NA
"3535.0",1,3,5,7,NA,NA,NA,NA
"3537.0",1,3,5,7,NA,NA,NA,NA
"3538.0",1,3,5,7,NA,NA,NA,NA
"3539.0",1,3,5,NA,NA,NA,NA,NA
"3541.0",1,3,5,7,NA,NA,NA,NA
"3542.0",1,3,5,7,NA,NA,NA,NA
"3544.0",1,3,5,NA,NA,NA,NA,NA
"3546.0",1,3,5,7,NA,NA,NA,NA
"3548.0",1,3,5,NA,NA,NA,NA,NA
"3549.0",1,3,5,7,NA,NA,NA,NA
"3551.0",1,3,NA,NA,NA,NA,NA,NA
"3552.0",1,3,5,7,NA,NA,NA,NA
"3553.0",3,5,NA,NA,NA,NA,NA,NA
"3554.0",1,3,5,7,NA,NA,NA,NA
"3555.0",1,3,5,7,NA,NA,NA,NA
"3557.0",1,3,5,7,NA,NA,NA,NA
"3560.0",1,3,5,7,NA,NA,NA,NA
"3561.0",1,3,5,7,NA,NA,NA,NA
"3563.0",1,3,5,7,NA,NA,NA,NA
"3565.0",1,3,5,7,NA,NA,NA,NA
"3566.0",1,3,5,7,NA,NA,NA,NA
"3568.0",1,3,5,7,NA,NA,NA,NA
"3569.0",1,3,5,7,NA,NA,NA,NA
"3570.0",1,3,5,7,NA,NA,NA,NA
"3571.0",1,3,5,7,NA,NA,NA,NA
"3572.0",1,3,5,7,NA,NA,NA,NA
"3574.0",1,3,5,7,NA,NA,NA,NA
"3575.0",1,3,5,7,NA,NA,NA,NA
"3576.0",1,3,5,7,NA,NA,NA,NA
"3578.0",1,3,5,7,NA,NA,NA,NA
"3579.0",1,3,5,7,NA,NA,NA,NA
"3581.0",1,3,5,7,NA,NA,NA,NA
"3582.0",1,3,5,7,NA,NA,NA,NA
"3584.0",1,3,5,7,NA,NA,NA,NA
"3585.0",1,3,5,7,NA,NA,NA,NA
"3587.0",1,3,5,7,NA,NA,NA,NA
"3589.0",1,3,5,7,NA,NA,NA,NA
"3590.0",1,3,5,7,NA,NA,NA,NA
"3591.0",1,3,5,7,NA,NA,NA,NA
"3592.0",1,3,5,7,NA,NA,NA,NA
"3593.0",1,3,5,7,NA,NA,NA,NA
"3595.0",1,3,5,7,NA,NA,NA,NA
"3596.0",1,3,5,7,NA,NA,NA,NA
"3599.0",1,3,5,7,NA,NA,NA,NA
"3600.0",1,3,5,7,NA,NA,NA,NA
"3601.0",1,3,5,7,NA,NA,NA,NA
"3602.0",1,3,5,7,NA,NA,NA,NA
"3603.0",1,3,5,7,NA,NA,NA,NA
"3604.0",1,3,5,7,NA,NA,NA,NA
"3606.0",1,3,5,7,NA,NA,NA,NA
"3610.0",1,3,5,7,NA,NA,NA,NA
"3612.0",1,3,5,7,NA,NA,NA,NA
"3615.0",1,3,5,7,NA,NA,NA,NA
"3616.0",1,3,5,7,NA,NA,NA,NA
"3617.0",1,3,5,7,NA,NA,NA,NA
"3620.0",1,3,5,7,NA,NA,NA,NA
"3622.0",1,3,5,7,NA,NA,NA,NA
"3623.0",1,3,5,7,NA,NA,NA,NA
"3624.0",1,3,5,7,NA,NA,NA,NA
"3625.0",1,3,5,7,NA,NA,NA,NA
"3626.0",1,3,5,7,NA,NA,NA,NA
"3628.0",1,3,5,7,NA,NA,NA,NA
"3629.0",1,3,5,7,NA,NA,NA,NA
"3630.0",1,3,5,7,NA,NA,NA,NA
"3631.0",1,3,5,7,NA,NA,NA,NA
"3632.0",1,3,5,7,NA,NA,NA,NA
"3633.0",1,3,5,7,NA,NA,NA,NA
"3634.0",1,3,5,7,NA,NA,NA,NA
"3635.0",1,3,5,7,NA,NA,NA,NA
"3637.0",1,3,5,7,NA,NA,NA,NA
"3638.0",1,3,5,7,NA,NA,NA,NA
"3640.0",1,3,5,7,NA,NA,NA,NA
"3642.0",1,3,5,7,NA,NA,NA,NA
"3644.0",1,3,5,7,NA,NA,NA,NA
"3645.0",1,3,5,7,NA,NA,NA,NA
"3646.0",1,3,5,7,NA,NA,NA,NA
"3647.0",1,3,5,7,NA,NA,NA,NA
"3648.0",1,3,5,7,NA,NA,NA,NA
"3650.0",1,3,5,7,NA,NA,NA,NA
"3652.0",1,3,5,7,NA,NA,NA,NA
"3654.0",1,3,5,7,NA,NA,NA,NA
"3656.0",1,3,5,7,NA,NA,NA,NA
"3659.0",1,3,5,7,NA,NA,NA,NA
"3661.0",1,3,NA,NA,NA,NA,NA,NA
"3662.0",1,3,5,7,NA,NA,NA,NA
"3665.0",1,3,5,7,NA,NA,NA,NA
"3666.0",1,3,5,7,NA,NA,NA,NA
"3670.0",1,3,5,7,NA,NA,NA,NA
"3672.0",1,3,5,7,NA,NA,NA,NA
"3673.0",1,3,5,7,NA,NA,NA,NA
"3674.0",1,3,5,7,NA,NA,NA,NA
"3675.0",1,3,5,7,NA,NA,NA,NA
"3676.0",1,3,5,7,NA,NA,NA,NA
"3678.0",1,3,5,7,NA,NA,NA,NA
"3680.0",1,3,5,7,NA,NA,NA,NA
"3681.0",1,3,5,NA,NA,NA,NA,NA
"3685.0",1,3,5,7,NA,NA,NA,NA
"3686.0",1,3,5,7,NA,NA,NA,NA
"3687.0",1,3,5,7,NA,NA,NA,NA
"3688.0",1,3,5,7,NA,NA,NA,NA
"3693.0",1,3,5,7,NA,NA,NA,NA
"3695.0",1,3,5,7,NA,NA,NA,NA
"3697.0",1,3,5,7,NA,NA,NA,NA
"3699.0",1,3,5,7,NA,NA,NA,NA
"3700.0",1,3,5,7,NA,NA,NA,NA
"3701.0",1,3,5,7,NA,NA,NA,NA
"3704.0",1,3,5,7,NA,NA,NA,NA
"3706.0",1,3,5,7,NA,NA,NA,NA
"3708.0",1,3,5,7,NA,NA,NA,NA
"3710.0",1,3,5,7,NA,NA,NA,NA
"3712.0",1,3,5,7,NA,NA,NA,NA
"3713.0",1,3,5,7,NA,NA,NA,NA
"3714.0",1,3,5,7,NA,NA,NA,NA
"3717.0",1,3,5,7,NA,NA,NA,NA
"3718.0",1,3,5,7,NA,NA,NA,NA
"3719.0",1,3,5,7,NA,NA,NA,NA
"3720.0",1,3,5,7,NA,NA,NA,NA
"3722.0",1,3,5,7,NA,NA,NA,NA
"3726.0",1,3,5,7,NA,NA,NA,NA
"3727.0",1,3,5,7,NA,NA,NA,NA
"3728.0",1,3,5,7,NA,NA,NA,NA
"3730.0",1,3,5,7,NA,NA,NA,NA
"3731.0",1,3,5,7,NA,NA,NA,NA
"3733.0",1,3,5,7,NA,NA,NA,NA
"3734.0",1,3,5,7,NA,NA,NA,NA
"3735.0",1,3,5,7,NA,NA,NA,NA
"3736.0",1,3,5,7,NA,NA,NA,NA
"3737.0",1,3,5,7,NA,NA,NA,NA
"3738.0",1,3,5,7,NA,NA,NA,NA
"3739.0",3,5,7,NA,NA,NA,NA,NA
"3752.0",3,5,7,NA,NA,NA,NA,NA
"3757.0",1,3,5,7,NA,NA,NA,NA
"3761.0",1,3,5,7,NA,NA,NA,NA
"3783.0",1,3,5,7,NA,NA,NA,NA
"3790.0",3,5,7,NA,NA,NA,NA,NA
"3800.0",3,5,7,NA,NA,NA,NA,NA
"3901.0",3,5,NA,NA,NA,NA,NA,NA
