"variable","mean","site","pft","model"
"treat_mean[None]",-1.69889792339388,"Blodgett","cedar","ddbh_model"
"treat_mean[Burn]",-1.47056688234396,"Blodgett","cedar","ddbh_model"
"treat_mean[Burn+Thin]",-0.822392062189987,"Blodgett","cedar","ddbh_model"
"treat_mean[Thin]",-0.97248723246053,"Blodgett","cedar","ddbh_model"
"treat_mean[None]",-1.07963638298076,"Blodgett","fir","ddbh_model"
"treat_mean[Burn]",-1.04779251074249,"Blodgett","fir","ddbh_model"
"treat_mean[Burn+Thin]",-0.851201023618351,"Blodgett","fir","ddbh_model"
"treat_mean[Thin]",-0.621527712189551,"Blodgett","fir","ddbh_model"
"treat_mean[None]",-1.41501065509702,"Blodgett","yellow_pine","ddbh_model"
"treat_mean[Burn]",-1.01471365135019,"Blodgett","yellow_pine","ddbh_model"
"treat_mean[Burn+Thin]",-1.12487346132215,"Blodgett","yellow_pine","ddbh_model"
"treat_mean[Thin]",-2.15894387700275,"Blodgett","yellow_pine","ddbh_model"
"treat_mean[None]",-0.978890305223663,"Blodgett","white_pine","ddbh_model"
"treat_mean[Burn]",-1.31837257994485,"Blodgett","white_pine","ddbh_model"
"treat_mean[Burn+Thin]",-0.459678186575565,"Blodgett","white_pine","ddbh_model"
"treat_mean[Thin]",-0.102284059294603,"Blodgett","white_pine","ddbh_model"
"treat_mean[None]",-1.50937756362086,"LaTour15","fir","ddbh_model_noBAcwdIrctnSize"
"treat_mean[Thin]",-0.967110082269236,"LaTour15","fir","ddbh_model_noBAcwdIrctnSize"
"treat_mean[Burn]",-1.09501383268405,"Sequoia_FFS15","cedar","ddbh_model_noBAcwdIrctnSizePlotPrior"
"treat_mean[None]",-1.67448403111212,"Sequoia_FFS15","cedar","ddbh_model_noBAcwdIrctnSizePlotPrior"
"treat_mean[Burn]",-1.09927874949412,"Sequoia_FFS15","fir","ddbh_model_noBAcwdIrctnSizePlotPrior"
"treat_mean[None]",-1.63116826096596,"Sequoia_FFS15","fir","ddbh_model_noBAcwdIrctnSizePlotPrior"
"treat_mean[Burn]",-1.03039521173487,"Sequoia_FFS15","white_pine","ddbh_model_noBAcwdIrctnSizePlotPrior"
"treat_mean[None]",-1.35434407603745,"Sequoia_FFS15","white_pine","ddbh_model_noBAcwdIrctnSizePlotPrior"
"treat_mean[None]",-1.45130141728671,"Sequoia_Tharp15","fir","ddbh_model_noBAcwdIrctnSizePlotPrior"
"treat_mean[Burn]",-1.22748316654583,"Sequoia_Tharp15","fir","ddbh_model_noBAcwdIrctnSizePlotPrior"
"treat_mean[Burn+Thin]",-1.09206963311172,"STEF-VDT15","cedar","ddbh_model_noBAcwdIrctnSize"
"treat_mean[Burn]",-1.73331415354504,"STEF-VDT15","cedar","ddbh_model_noBAcwdIrctnSize"
"treat_mean[Thin]",-0.694231749850473,"STEF-VDT15","cedar","ddbh_model_noBAcwdIrctnSize"
"treat_mean[None]",-1.83160071379413,"STEF-VDT15","cedar","ddbh_model_noBAcwdIrctnSize"
"treat_mean[Burn+Thin]",-0.979903701294942,"STEF-VDT15","fir","ddbh_model_noBAcwdIrctnSize"
"treat_mean[Burn]",-1.86041075924908,"STEF-VDT15","fir","ddbh_model_noBAcwdIrctnSize"
"treat_mean[Thin]",-0.643811217800203,"STEF-VDT15","fir","ddbh_model_noBAcwdIrctnSize"
"treat_mean[None]",-1.63336230058826,"STEF-VDT15","fir","ddbh_model_noBAcwdIrctnSize"
"treat_mean[Burn+Thin]",-0.934230262992969,"STEF-VDT15","yellow_pine","ddbh_model_noBAcwdIrctnSize"
"treat_mean[Burn]",-1.82140018706865,"STEF-VDT15","yellow_pine","ddbh_model_noBAcwdIrctnSize"
"treat_mean[Thin]",-0.0826544559530132,"STEF-VDT15","yellow_pine","ddbh_model_noBAcwdIrctnSize"
"treat_mean[None]",-1.29390572032369,"STEF-VDT15","yellow_pine","ddbh_model_noBAcwdIrctnSize"
"treat_mean[Burn+Thin]",-1.09394671304913,"STEF-VDT15","white_pine","ddbh_model_noBAcwdIrctnSize"
"treat_mean[Burn]",-1.54620685559345,"STEF-VDT15","white_pine","ddbh_model_noBAcwdIrctnSize"
"treat_mean[Thin]",-0.911592249801254,"STEF-VDT15","white_pine","ddbh_model_noBAcwdIrctnSize"
"treat_mean[None]",-1.73669072068978,"STEF-VDT15","white_pine","ddbh_model_noBAcwdIrctnSize"
"treat_mean[Burn+Thin]",-1.15518613986304,"Teakettle15","cedar","ddbh_model_noBAcwdIrctnSize"
"treat_mean[Burn]",-1.76675366814537,"Teakettle15","cedar","ddbh_model_noBAcwdIrctnSize"
"treat_mean[Thin]",-0.786162654184749,"Teakettle15","cedar","ddbh_model_noBAcwdIrctnSize"
"treat_mean[None]",-1.57843292280997,"Teakettle15","cedar","ddbh_model_noBAcwdIrctnSize"
"treat_mean[Burn+Thin]",-0.877022613672945,"Teakettle15","fir","ddbh_model_noBAcwdIrctnSize"
"treat_mean[Burn]",-1.26517889514463,"Teakettle15","fir","ddbh_model_noBAcwdIrctnSize"
"treat_mean[Thin]",-0.893696768357526,"Teakettle15","fir","ddbh_model_noBAcwdIrctnSize"
"treat_mean[None]",-1.48197337172246,"Teakettle15","fir","ddbh_model_noBAcwdIrctnSize"
"treat_mean[Burn+Thin]",-1.00828248713996,"Teakettle15","yellow_pine","ddbh_model_noBAcwdIrctnSize"
"treat_mean[Burn]",-1.49169270025808,"Teakettle15","yellow_pine","ddbh_model_noBAcwdIrctnSize"
"treat_mean[Thin]",-1.16101631706906,"Teakettle15","yellow_pine","ddbh_model_noBAcwdIrctnSize"
"treat_mean[None]",-1.92455544893707,"Teakettle15","yellow_pine","ddbh_model_noBAcwdIrctnSize"
"treat_mean[Burn+Thin]",-0.855835354913436,"Teakettle15","white_pine","ddbh_model_noBAcwdIrctnSize"
"treat_mean[Burn]",-1.48718282644164,"Teakettle15","white_pine","ddbh_model_noBAcwdIrctnSize"
"treat_mean[Thin]",-0.851749185327833,"Teakettle15","white_pine","ddbh_model_noBAcwdIrctnSize"
"treat_mean[None]",-1.71803104423608,"Teakettle15","white_pine","ddbh_model_noBAcwdIrctnSize"
"treat_mean[None]",-1.45745196386943,"Sequoia_Tharp15","white_pine","ddbh_model_noBAcwdIrctnSizePlotPrior"
"treat_mean[Burn]",-1.03743736641422,"Sequoia_Tharp15","white_pine","ddbh_model_noBAcwdIrctnSizePlotPrior"
"treat_mean[None]",-1.24301919272895,"UPFUb","fir","ddbh_model_noBAcwdIrctnSizeTreePrior"
"treat_mean[Thin]",-0.588073126575165,"UPFUb","fir","ddbh_model_noBAcwdIrctnSizeTreePrior"
"treat_cwd[None]",0.202380059423879,"Blodgett","cedar","ddbh_model"
"treat_cwd[Burn]",0.0948963042706763,"Blodgett","cedar","ddbh_model"
"treat_cwd[Burn+Thin]",0.0200625765008142,"Blodgett","cedar","ddbh_model"
"treat_cwd[Thin]",0.0595794857868243,"Blodgett","cedar","ddbh_model"
"treat_cwd[None]",0.192532469436743,"Blodgett","fir","ddbh_model"
"treat_cwd[Burn]",0.106659902532291,"Blodgett","fir","ddbh_model"
"treat_cwd[Burn+Thin]",0.153402558645235,"Blodgett","fir","ddbh_model"
"treat_cwd[Thin]",0.144566302577665,"Blodgett","fir","ddbh_model"
"treat_cwd[None]",0.0973972865504866,"Blodgett","yellow_pine","ddbh_model"
"treat_cwd[Burn]",0.039046866257697,"Blodgett","yellow_pine","ddbh_model"
"treat_cwd[Burn+Thin]",0.0510945914191855,"Blodgett","yellow_pine","ddbh_model"
"treat_cwd[Thin]",0.201235753220897,"Blodgett","yellow_pine","ddbh_model"
"treat_cwd[None]",0.0924595470582681,"Blodgett","white_pine","ddbh_model"
"treat_cwd[Burn]",0.125064558912117,"Blodgett","white_pine","ddbh_model"
"treat_cwd[Burn+Thin]",-0.0115033293858621,"Blodgett","white_pine","ddbh_model"
"treat_cwd[Thin]",0.0111757644412385,"Blodgett","white_pine","ddbh_model"
"treat_cwd[None]",-0.00857367672004748,"LaTour15","fir","ddbh_model_noBAcwdIrctnSize"
"treat_cwd[Thin]",-0.0549118187024373,"LaTour15","fir","ddbh_model_noBAcwdIrctnSize"
"treat_cwd[None]",0.037397180067423,"Sequoia_FFS15","cedar","ddbh_model_noBAcwdIrctnSizePlotPrior"
"treat_cwd[Burn]",0.150652973446211,"Sequoia_FFS15","cedar","ddbh_model_noBAcwdIrctnSizePlotPrior"
"treat_cwd[None]",-0.0742339677379259,"Sequoia_FFS15","fir","ddbh_model_noBAcwdIrctnSizePlotPrior"
"treat_cwd[Burn]",0.199756084885178,"Sequoia_FFS15","fir","ddbh_model_noBAcwdIrctnSizePlotPrior"
"treat_cwd[None]",-0.00678481600823363,"Sequoia_FFS15","white_pine","ddbh_model_noBAcwdIrctnSizePlotPrior"
"treat_cwd[Burn]",0.0951733937103814,"Sequoia_FFS15","white_pine","ddbh_model_noBAcwdIrctnSizePlotPrior"
"treat_cwd[None]",-0.071359320063988,"Sequoia_Tharp15","fir","ddbh_model_noBAcwdIrctnSizePlotPrior"
"treat_cwd[Burn]",0.105383755814269,"Sequoia_Tharp15","fir","ddbh_model_noBAcwdIrctnSizePlotPrior"
"treat_cwd[None]",-0.254996309923475,"STEF-VDT15","cedar","ddbh_model_noBAcwdIrctnSize"
"treat_cwd[Burn]",-0.0197284069870163,"STEF-VDT15","cedar","ddbh_model_noBAcwdIrctnSize"
"treat_cwd[Burn+Thin]",-0.0614908303327,"STEF-VDT15","cedar","ddbh_model_noBAcwdIrctnSize"
"treat_cwd[Thin]",-0.246993624092768,"STEF-VDT15","cedar","ddbh_model_noBAcwdIrctnSize"
"treat_cwd[None]",0.112918464623431,"STEF-VDT15","fir","ddbh_model_noBAcwdIrctnSize"
"treat_cwd[Burn]",0.373862835449617,"STEF-VDT15","fir","ddbh_model_noBAcwdIrctnSize"
"treat_cwd[Burn+Thin]",0.0767815386493341,"STEF-VDT15","fir","ddbh_model_noBAcwdIrctnSize"
"treat_cwd[Thin]",-0.0076089764825694,"STEF-VDT15","fir","ddbh_model_noBAcwdIrctnSize"
"treat_cwd[None]",-0.113362203553358,"STEF-VDT15","yellow_pine","ddbh_model_noBAcwdIrctnSize"
"treat_cwd[Burn]",-0.177657651101133,"STEF-VDT15","yellow_pine","ddbh_model_noBAcwdIrctnSize"
"treat_cwd[Burn+Thin]",0.0955990223097476,"STEF-VDT15","yellow_pine","ddbh_model_noBAcwdIrctnSize"
"treat_cwd[Thin]",-0.156696813470737,"STEF-VDT15","yellow_pine","ddbh_model_noBAcwdIrctnSize"
"treat_cwd[None]",-0.045303177928504,"STEF-VDT15","white_pine","ddbh_model_noBAcwdIrctnSize"
"treat_cwd[Burn]",-0.514648753045088,"STEF-VDT15","white_pine","ddbh_model_noBAcwdIrctnSize"
"treat_cwd[Burn+Thin]",-0.177929792898544,"STEF-VDT15","white_pine","ddbh_model_noBAcwdIrctnSize"
"treat_cwd[Thin]",-0.134986243357124,"STEF-VDT15","white_pine","ddbh_model_noBAcwdIrctnSize"
"treat_cwd[None]",-0.0825760083129789,"Teakettle15","cedar","ddbh_model_noBAcwdIrctnSize"
"treat_cwd[Burn]",-0.0975056839589862,"Teakettle15","cedar","ddbh_model_noBAcwdIrctnSize"
"treat_cwd[Burn+Thin]",0.0355504738783966,"Teakettle15","cedar","ddbh_model_noBAcwdIrctnSize"
"treat_cwd[Thin]",-0.118818830711426,"Teakettle15","cedar","ddbh_model_noBAcwdIrctnSize"
"treat_cwd[None]",-0.221036182395548,"Teakettle15","fir","ddbh_model_noBAcwdIrctnSize"
"treat_cwd[Burn]",0.0291180429941238,"Teakettle15","fir","ddbh_model_noBAcwdIrctnSize"
"treat_cwd[Burn+Thin]",0.0760731624492959,"Teakettle15","fir","ddbh_model_noBAcwdIrctnSize"
"treat_cwd[Thin]",-0.179475532839161,"Teakettle15","fir","ddbh_model_noBAcwdIrctnSize"
"treat_cwd[None]",-0.380064007717927,"Teakettle15","yellow_pine","ddbh_model_noBAcwdIrctnSize"
"treat_cwd[Burn]",-0.0156551131872322,"Teakettle15","yellow_pine","ddbh_model_noBAcwdIrctnSize"
"treat_cwd[Burn+Thin]",-0.296847469164976,"Teakettle15","yellow_pine","ddbh_model_noBAcwdIrctnSize"
"treat_cwd[Thin]",-0.0602082531036633,"Teakettle15","yellow_pine","ddbh_model_noBAcwdIrctnSize"
"treat_cwd[None]",-0.238931150405043,"Teakettle15","white_pine","ddbh_model_noBAcwdIrctnSize"
"treat_cwd[Burn]",-0.194484056767122,"Teakettle15","white_pine","ddbh_model_noBAcwdIrctnSize"
"treat_cwd[Burn+Thin]",-0.0381099931318321,"Teakettle15","white_pine","ddbh_model_noBAcwdIrctnSize"
"treat_cwd[Thin]",-0.101670314738899,"Teakettle15","white_pine","ddbh_model_noBAcwdIrctnSize"
"treat_cwd[None]",-0.0307919913602418,"Sequoia_Tharp15","white_pine","ddbh_model_noBAcwdIrctnSizePlotPrior"
"treat_cwd[Burn]",0.0138108295374267,"Sequoia_Tharp15","white_pine","ddbh_model_noBAcwdIrctnSizePlotPrior"
"treat_cwd[None]",-0.184324903385594,"UPFUb","fir","ddbh_model_noBAcwdIrctnSizeTreePrior"
"treat_cwd[Thin]",0.193721238246288,"UPFUb","fir","ddbh_model_noBAcwdIrctnSizeTreePrior"
"treat_size[None]",0.614016905534485,"Blodgett","cedar","ddbh_model"
"treat_size[Burn]",0.58120343215352,"Blodgett","cedar","ddbh_model"
"treat_size[Burn+Thin]",0.257418326130182,"Blodgett","cedar","ddbh_model"
"treat_size[Thin]",0.508634376527217,"Blodgett","cedar","ddbh_model"
"treat_size[None]",0.532822065114847,"Blodgett","fir","ddbh_model"
"treat_size[Burn]",0.476025776836048,"Blodgett","fir","ddbh_model"
"treat_size[Burn+Thin]",0.255113251306743,"Blodgett","fir","ddbh_model"
"treat_size[Thin]",0.328317777483657,"Blodgett","fir","ddbh_model"
"treat_size[None]",0.730479444199954,"Blodgett","yellow_pine","ddbh_model"
"treat_size[Burn]",0.561262961613188,"Blodgett","yellow_pine","ddbh_model"
"treat_size[Burn+Thin]",0.589399673023577,"Blodgett","yellow_pine","ddbh_model"
"treat_size[Thin]",1.05158564676267,"Blodgett","yellow_pine","ddbh_model"
"treat_size[None]",0.594986244577805,"Blodgett","white_pine","ddbh_model"
"treat_size[Burn]",0.595777216331776,"Blodgett","white_pine","ddbh_model"
"treat_size[Burn+Thin]",0.250150670882564,"Blodgett","white_pine","ddbh_model"
"treat_size[Thin]",0.223211793239003,"Blodgett","white_pine","ddbh_model"
"treat_size[None]",0.612079335933242,"LaTour15","fir","ddbh_model_noBAcwdIrctnSize"
"treat_size[Thin]",0.509150693183927,"LaTour15","fir","ddbh_model_noBAcwdIrctnSize"
"treat_size[None]",0.301617691434308,"Sequoia_FFS15","cedar","ddbh_model_noBAcwdIrctnSizePlotPrior"
"treat_size[Burn]",0.0611254635502575,"Sequoia_FFS15","cedar","ddbh_model_noBAcwdIrctnSizePlotPrior"
"treat_size[None]",0.544774741376246,"Sequoia_FFS15","fir","ddbh_model_noBAcwdIrctnSizePlotPrior"
"treat_size[Burn]",0.148405420303429,"Sequoia_FFS15","fir","ddbh_model_noBAcwdIrctnSizePlotPrior"
"treat_size[None]",0.722747644719956,"Sequoia_FFS15","white_pine","ddbh_model_noBAcwdIrctnSizePlotPrior"
"treat_size[Burn]",0.338243311732206,"Sequoia_FFS15","white_pine","ddbh_model_noBAcwdIrctnSizePlotPrior"
"treat_size[None]",0.171827102064859,"Sequoia_Tharp15","fir","ddbh_model_noBAcwdIrctnSizePlotPrior"
"treat_size[Burn]",0.0309936183382265,"Sequoia_Tharp15","fir","ddbh_model_noBAcwdIrctnSizePlotPrior"
"treat_size[None]",0.565455387949678,"STEF-VDT15","cedar","ddbh_model_noBAcwdIrctnSize"
"treat_size[Burn]",0.417620737910576,"STEF-VDT15","cedar","ddbh_model_noBAcwdIrctnSize"
"treat_size[Burn+Thin]",0.331750804194866,"STEF-VDT15","cedar","ddbh_model_noBAcwdIrctnSize"
"treat_size[Thin]",0.196672329311519,"STEF-VDT15","cedar","ddbh_model_noBAcwdIrctnSize"
"treat_size[None]",0.482450139356121,"STEF-VDT15","fir","ddbh_model_noBAcwdIrctnSize"
"treat_size[Burn]",0.53001471315045,"STEF-VDT15","fir","ddbh_model_noBAcwdIrctnSize"
"treat_size[Burn+Thin]",0.341147973421061,"STEF-VDT15","fir","ddbh_model_noBAcwdIrctnSize"
"treat_size[Thin]",0.237433758571291,"STEF-VDT15","fir","ddbh_model_noBAcwdIrctnSize"
"treat_size[None]",0.852840475909061,"STEF-VDT15","yellow_pine","ddbh_model_noBAcwdIrctnSize"
"treat_size[Burn]",0.894189878061157,"STEF-VDT15","yellow_pine","ddbh_model_noBAcwdIrctnSize"
"treat_size[Burn+Thin]",0.678655427759467,"STEF-VDT15","yellow_pine","ddbh_model_noBAcwdIrctnSize"
"treat_size[Thin]",0.281413587468168,"STEF-VDT15","yellow_pine","ddbh_model_noBAcwdIrctnSize"
"treat_size[None]",0.749758115588021,"STEF-VDT15","white_pine","ddbh_model_noBAcwdIrctnSize"
"treat_size[Burn]",0.470756422686803,"STEF-VDT15","white_pine","ddbh_model_noBAcwdIrctnSize"
"treat_size[Burn+Thin]",0.439162063194671,"STEF-VDT15","white_pine","ddbh_model_noBAcwdIrctnSize"
"treat_size[Thin]",0.57406377988628,"STEF-VDT15","white_pine","ddbh_model_noBAcwdIrctnSize"
"treat_size[None]",0.43434495204373,"Teakettle15","cedar","ddbh_model_noBAcwdIrctnSize"
"treat_size[Burn]",0.308842869609536,"Teakettle15","cedar","ddbh_model_noBAcwdIrctnSize"
"treat_size[Burn+Thin]",0.138433891995314,"Teakettle15","cedar","ddbh_model_noBAcwdIrctnSize"
"treat_size[Thin]",0.10031265090079,"Teakettle15","cedar","ddbh_model_noBAcwdIrctnSize"
"treat_size[None]",0.222385797630948,"Teakettle15","fir","ddbh_model_noBAcwdIrctnSize"
"treat_size[Burn]",0.187857596933372,"Teakettle15","fir","ddbh_model_noBAcwdIrctnSize"
"treat_size[Burn+Thin]",0.0610328866093752,"Teakettle15","fir","ddbh_model_noBAcwdIrctnSize"
"treat_size[Thin]",0.040376028796596,"Teakettle15","fir","ddbh_model_noBAcwdIrctnSize"
"treat_size[None]",0.259102492598638,"Teakettle15","yellow_pine","ddbh_model_noBAcwdIrctnSize"
"treat_size[Burn]",0.0285141620667202,"Teakettle15","yellow_pine","ddbh_model_noBAcwdIrctnSize"
"treat_size[Burn+Thin]",-0.0283885185965573,"Teakettle15","yellow_pine","ddbh_model_noBAcwdIrctnSize"
"treat_size[Thin]",0.0577046867449182,"Teakettle15","yellow_pine","ddbh_model_noBAcwdIrctnSize"
"treat_size[None]",0.73740993146015,"Teakettle15","white_pine","ddbh_model_noBAcwdIrctnSize"
"treat_size[Burn]",0.507539631622063,"Teakettle15","white_pine","ddbh_model_noBAcwdIrctnSize"
"treat_size[Burn+Thin]",0.320790229914824,"Teakettle15","white_pine","ddbh_model_noBAcwdIrctnSize"
"treat_size[Thin]",0.302849862257351,"Teakettle15","white_pine","ddbh_model_noBAcwdIrctnSize"
"treat_size[None]",0.161004904786222,"Sequoia_Tharp15","white_pine","ddbh_model_noBAcwdIrctnSizePlotPrior"
"treat_size[Burn]",0.148169861823626,"Sequoia_Tharp15","white_pine","ddbh_model_noBAcwdIrctnSizePlotPrior"
"treat_size[None]",0.564087625798558,"UPFUb","fir","ddbh_model_noBAcwdIrctnSizeTreePrior"
"treat_size[Thin]",0.218984846933049,"UPFUb","fir","ddbh_model_noBAcwdIrctnSizeTreePrior"
