"TreeID","1","2","3","4","5","6","7","8","9","10","11","12","13","14","15","16","17","18","19","20","21","22","23","24","25","26","27","28","29","30","31","32"
"FFS2BURN_1976",145.9,147.5,NA,NA,NA,NA,NA,NA,NA,NA,NA,NA,NA,NA,NA,NA,NA,NA,NA,NA,NA,NA,NA,NA,NA,NA,NA,NA,NA,NA,NA,NA
"FFS2BURN_1981",22.5,22.82,23.14,23.46,23.78,24.1,24.66,25.22,25.78,26.34,26.9,27.55,28.2,28.85,29.5,NA,NA,NA,NA,NA,NA,NA,NA,NA,NA,NA,NA,NA,NA,NA,NA,NA
"FFS2BURN_1983",24.7,25.1,25.5,25.9,26.3,26.7,27.48,28.26,29.04,29.82,30.6,31.4,32.2,33,33.8,NA,NA,NA,NA,NA,NA,NA,NA,NA,NA,NA,NA,NA,NA,NA,NA,NA
"FFS2BURN_1990",32.8,33.02,33.24,33.46,33.68,33.9,34.68,35.46,36.24,37.02,37.8,38.92,40.04,41.16,42.28,43.4,NA,NA,NA,NA,NA,NA,NA,NA,NA,NA,NA,NA,NA,NA,NA,NA
"FFS2BURN_1991",36.2,36.62,37.04,37.46,37.88,38.3,38.86,39.42,39.98,40.54,41.1,41.96,42.82,43.68,44.54,45.4,NA,NA,NA,NA,NA,NA,NA,NA,NA,NA,NA,NA,NA,NA,NA,NA
"FFS2BURN_1992",18,18.18,18.36,18.54,18.72,18.9,NA,NA,NA,NA,NA,NA,NA,NA,NA,NA,NA,NA,NA,NA,NA,NA,NA,NA,NA,NA,NA,NA,NA,NA,NA,NA
"FFS2BURN_1993",42.6,43.14,43.68,44.22,44.76,45.3,45.96,46.62,47.28,47.94,48.6,49.54,50.48,51.42,52.36,53.3,NA,NA,NA,NA,NA,NA,NA,NA,NA,NA,NA,NA,NA,NA,NA,NA
"FFS2BURN_1994",37.4,37.84,38.28,38.72,39.16,39.6,39.74,39.88,40.02,40.16,40.3,40.84,41.38,41.92,42.46,43,NA,NA,NA,NA,NA,NA,NA,NA,NA,NA,NA,NA,NA,NA,NA,NA
"FFS2BURN_1997",25,25.42,25.84,26.26,26.68,27.1,27.76,28.42,29.08,29.74,30.4,30.96,31.52,32.08,32.64,33.2,NA,NA,NA,NA,NA,NA,NA,NA,NA,NA,NA,NA,NA,NA,NA,NA
"FFS2BURN_1999",21.6,21.6,21.6,21.6,21.6,21.6,21.8,22,22.2,NA,NA,NA,NA,NA,NA,NA,NA,NA,NA,NA,NA,NA,NA,NA,NA,NA,NA,NA,NA,NA,NA,NA
"FFS2BURN_2000",35.9,36.5,37.1,37.7,38.3,38.9,39.62,40.34,41.06,41.78,42.5,43.3,44.1,44.9,45.7,46.5,NA,NA,NA,NA,NA,NA,NA,NA,NA,NA,NA,NA,NA,NA,NA,NA
"FFS2BURN_2181",33.5,33.84,34.18,34.52,34.86,35.2,35.6,36,36.4,36.8,37.2,37.5,37.8,38.1,38.4,38.7,NA,NA,NA,NA,NA,NA,NA,NA,NA,NA,NA,NA,NA,NA,NA,NA
"FFS2BURN_2182",18.2,18.32,18.44,18.56,18.68,18.8,19.04,19.28,19.52,19.76,20,20.3,20.6,20.9,21.2,21.5,NA,NA,NA,NA,NA,NA,NA,NA,NA,NA,NA,NA,NA,NA,NA,NA
"FFS2BURN_2184",143.9,144.32,144.74,145.16,145.58,146,146.76,147.52,148.28,149.04,149.8,150.52,151.24,151.96,152.68,153.4,NA,NA,NA,NA,NA,NA,NA,NA,NA,NA,NA,NA,NA,NA,NA,NA
"FFS2BURN_2185",37.5,37.66,37.82,37.98,38.14,38.3,38.6,38.9,39.2,39.5,39.8,40.08,40.36,40.64,40.92,41.2,NA,NA,NA,NA,NA,NA,NA,NA,NA,NA,NA,NA,NA,NA,NA,NA
"FFS2BURN_2186",114.7,114.94,115.18,115.42,115.66,115.9,116.6,117.3,118,118.7,119.4,119.96,120.52,121.08,121.64,122.2,NA,NA,NA,NA,NA,NA,NA,NA,NA,NA,NA,NA,NA,NA,NA,NA
"FFS2BURN_2187",33.5,33.66,33.82,33.98,34.14,34.3,34.54,34.78,35.02,35.26,35.5,35.75,36,36.25,36.5,NA,NA,NA,NA,NA,NA,NA,NA,NA,NA,NA,NA,NA,NA,NA,NA,NA
"FFS2BURN_2188",17.1,17.0833333333333,17.0666666666667,17.05,17.0333333333333,17.0166666666667,17,16.5,NA,NA,NA,NA,NA,NA,NA,NA,NA,NA,NA,NA,NA,NA,NA,NA,NA,NA,NA,NA,NA,NA,NA,NA
"FFS2BURN_2191",54.8,55.42,56.04,56.66,57.28,57.9,58.7,59.5,60.3,61.1,61.9,62.8,63.7,64.6,65.5,66.4,NA,NA,NA,NA,NA,NA,NA,NA,NA,NA,NA,NA,NA,NA,NA,NA
"FFS2BURN_2193",63.3,63.88,64.46,65.04,65.62,66.2,66.475,66.75,67.025,67.3,NA,NA,NA,NA,NA,NA,NA,NA,NA,NA,NA,NA,NA,NA,NA,NA,NA,NA,NA,NA,NA,NA
"FFS2BURN_2194",32.9,33.42,33.94,34.46,34.98,35.5,36.54,37.58,38.62,39.66,40.7,41.36,42.02,42.68,43.34,44,NA,NA,NA,NA,NA,NA,NA,NA,NA,NA,NA,NA,NA,NA,NA,NA
"FFS2BURN_2195",46,46.46,46.92,47.38,47.84,48.3,48.96,49.62,50.28,50.94,51.6,52.18,52.76,53.34,53.92,54.5,NA,NA,NA,NA,NA,NA,NA,NA,NA,NA,NA,NA,NA,NA,NA,NA
"FFS2BURN_2506",17,17.3,17.6,17.9,18.2,18.5,19.12,19.74,20.36,20.98,21.6,22.56,23.52,24.48,25.44,26.4,NA,NA,NA,NA,NA,NA,NA,NA,NA,NA,NA,NA,NA,NA,NA,NA
"FFS2BURN_2508",102.4,102.34,102.28,102.22,102.16,102.1,102.1,102.1,102.1,102.1,102.1,102.38,102.66,102.94,103.22,103.5,NA,NA,NA,NA,NA,NA,NA,NA,NA,NA,NA,NA,NA,NA,NA,NA
"FFS2BURN_2509",17.2,17.66,18.12,18.58,19.04,19.5,20.1,20.7,21.3,21.9,22.5,23.48,24.46,25.44,26.42,27.4,NA,NA,NA,NA,NA,NA,NA,NA,NA,NA,NA,NA,NA,NA,NA,NA
"FFS2BURN_2510",107.1,107.14,107.18,107.22,107.26,107.3,107.64,107.98,108.32,108.66,109,109.1,109.2,109.3,109.4,109.5,NA,NA,NA,NA,NA,NA,NA,NA,NA,NA,NA,NA,NA,NA,NA,NA
"FFS2BURN_2512",37.2,38.06,38.92,39.78,40.64,41.5,42.64,43.78,44.92,46.06,47.2,47.92,48.64,49.36,50.08,50.8,NA,NA,NA,NA,NA,NA,NA,NA,NA,NA,NA,NA,NA,NA,NA,NA
"FFS2BURN_2513",16.7,17.16,17.62,18.08,18.54,19,19.84,20.68,21.52,22.36,23.2,23.96,24.72,25.48,26.24,27,NA,NA,NA,NA,NA,NA,NA,NA,NA,NA,NA,NA,NA,NA,NA,NA
"FFS2BURN_2514",86.5,86.7,86.9,87.1,87.3,87.5,87.7,87.9,88.1,88.3,88.5,88.74,88.98,89.22,89.46,89.7,NA,NA,NA,NA,NA,NA,NA,NA,NA,NA,NA,NA,NA,NA,NA,NA
"FFS2BURN_2520",16.5,16.88,17.26,17.64,18.02,18.4,18.96,19.52,20.08,20.64,21.2,21.88,22.56,23.24,23.92,24.6,NA,NA,NA,NA,NA,NA,NA,NA,NA,NA,NA,NA,NA,NA,NA,NA
"FFS2BURN_2524",18.3,18.66,19.02,19.38,19.74,20.1,20.0666666666667,20.0333333333333,20,NA,NA,NA,NA,NA,NA,NA,NA,NA,NA,NA,NA,NA,NA,NA,NA,NA,NA,NA,NA,NA,NA,NA
"FFS2BURN_2531",19.4,19.88,20.36,20.84,21.32,21.8,22.42,23.04,23.66,24.28,24.9,25.32,25.74,26.16,26.58,27,NA,NA,NA,NA,NA,NA,NA,NA,NA,NA,NA,NA,NA,NA,NA,NA
"FFS2BURN_2532",28,28.08,28.16,28.24,28.32,28.4,28.25,28.1,NA,NA,NA,NA,NA,NA,NA,NA,NA,NA,NA,NA,NA,NA,NA,NA,NA,NA,NA,NA,NA,NA,NA,NA
"FFS2BURN_2541",129.4,129.78,130.16,130.54,130.92,131.3,NA,NA,NA,NA,NA,NA,NA,NA,NA,NA,NA,NA,NA,NA,NA,NA,NA,NA,NA,NA,NA,NA,NA,NA,NA,NA
"FFS2BURN_2544",15.7,15.88,16.06,16.24,16.42,16.6,16.78,16.96,17.14,17.32,17.5,18.28,19.06,19.84,20.62,21.4,NA,NA,NA,NA,NA,NA,NA,NA,NA,NA,NA,NA,NA,NA,NA,NA
"FFS2BURN_2559",NA,NA,NA,NA,NA,NA,NA,NA,NA,NA,15.5,16.6,17.7,18.8,19.9,21,NA,NA,NA,NA,NA,NA,NA,NA,NA,NA,NA,NA,NA,NA,NA,NA
"FFS2BURN_2570",26.3,26.54,26.78,27.02,27.26,27.5,27.84,28.18,28.52,28.86,29.2,29.46,29.72,29.98,30.24,30.5,NA,NA,NA,NA,NA,NA,NA,NA,NA,NA,NA,NA,NA,NA,NA,NA
"FFS2BURN_2571",46,46.32,46.64,46.96,47.28,47.6,48.1,48.6,49.1,49.6,50.1,50.46,50.82,51.18,51.54,51.9,NA,NA,NA,NA,NA,NA,NA,NA,NA,NA,NA,NA,NA,NA,NA,NA
"FFS2BURN_4805",49.1,50.08,51.06,52.04,53.02,54,55.06,56.12,57.18,58.24,59.3,60.48,61.66,62.84,64.02,65.2,NA,NA,NA,NA,NA,NA,NA,NA,NA,NA,NA,NA,NA,NA,NA,NA
"FFS2BURN_4809",137.8,137.84,137.88,137.92,137.96,138,138.04,138.08,138.12,138.16,138.2,138.266666666667,138.333333333333,138.4,NA,NA,NA,NA,NA,NA,NA,NA,NA,NA,NA,NA,NA,NA,NA,NA,NA,NA
"FFS2BURN_4830",69.2,70.2,71.2,72.2,73.2,74.2,75.16,76.12,77.08,78.04,79,79.96,80.92,81.88,82.84,83.8,NA,NA,NA,NA,NA,NA,NA,NA,NA,NA,NA,NA,NA,NA,NA,NA
"FFS2BURN_4833",19.4,19.64,19.88,20.12,20.36,20.6,21.1,21.6,22.1,22.6,23.1,23.48,23.86,24.24,24.62,25,NA,NA,NA,NA,NA,NA,NA,NA,NA,NA,NA,NA,NA,NA,NA,NA
"FFS2BURN_4834",145.7,145.88,146.06,146.24,146.42,146.6,146.8,147,147.2,147.4,147.6,147.92,148.24,148.56,148.88,149.2,NA,NA,NA,NA,NA,NA,NA,NA,NA,NA,NA,NA,NA,NA,NA,NA
"FFS2BURN_4835",30,30,30,30,30,30,30.3,30.6,30.9,31.2,31.5,31.98,32.46,32.94,33.42,33.9,NA,NA,NA,NA,NA,NA,NA,NA,NA,NA,NA,NA,NA,NA,NA,NA
"FFS2BURN_4838",134.5,134.74,134.98,135.22,135.46,135.7,134.2,132.7,NA,NA,NA,NA,NA,NA,NA,NA,NA,NA,NA,NA,NA,NA,NA,NA,NA,NA,NA,NA,NA,NA,NA,NA
"FFS2BURN_4859",125.7,125.1,124.5,123.9,NA,NA,NA,NA,NA,NA,NA,NA,NA,NA,NA,NA,NA,NA,NA,NA,NA,NA,NA,NA,NA,NA,NA,NA,NA,NA,NA,NA
"FFS2BURN_4865",89.8,89.66,89.52,89.38,89.24,89.1,89.275,89.45,89.625,89.8,NA,NA,NA,NA,NA,NA,NA,NA,NA,NA,NA,NA,NA,NA,NA,NA,NA,NA,NA,NA,NA,NA
"FFS2BURN_4867",84.2,84.44,84.68,84.92,85.16,85.4,85.64,85.88,86.12,86.36,86.6,86.8,NA,NA,NA,NA,NA,NA,NA,NA,NA,NA,NA,NA,NA,NA,NA,NA,NA,NA,NA,NA
"FFS2BURN_4868",62.4,62.66,62.92,63.18,63.44,63.7,63.78,63.86,63.94,64.02,64.1,NA,NA,NA,NA,NA,NA,NA,NA,NA,NA,NA,NA,NA,NA,NA,NA,NA,NA,NA,NA,NA
"FFS2BURN_4870",29.4,29.7,30,30.3,30.6,30.9,31.64,32.38,33.12,33.86,34.6,35.52,36.44,37.36,38.28,39.2,NA,NA,NA,NA,NA,NA,NA,NA,NA,NA,NA,NA,NA,NA,NA,NA
"FFS2BURN_4875",30.3,30.6,30.9,31.2,31.5,31.8,32.68,33.56,34.44,35.32,36.2,36.6,37,37.4,37.8,38.2,NA,NA,NA,NA,NA,NA,NA,NA,NA,NA,NA,NA,NA,NA,NA,NA
"FFS2BURN_4888",83.3,83.44,83.58,83.72,83.86,84,84.38,84.76,85.14,85.52,85.9,86.1,86.3,86.5,86.7,86.9,NA,NA,NA,NA,NA,NA,NA,NA,NA,NA,NA,NA,NA,NA,NA,NA
"FFS2BURN_4891",41.8,41.9,42,42.1,42.2,42.3,42.42,42.54,42.66,42.78,42.9,43.08,43.26,43.44,43.62,43.8,NA,NA,NA,NA,NA,NA,NA,NA,NA,NA,NA,NA,NA,NA,NA,NA
"FFS2BURN_4892",21.7,22.16,22.62,23.08,23.54,24,24.6,25.2,25.8,26.4,27,27.64,28.28,28.92,29.56,30.2,NA,NA,NA,NA,NA,NA,NA,NA,NA,NA,NA,NA,NA,NA,NA,NA
"FFS2BURN_4896",23.7,24.04,24.38,24.72,25.06,25.4,25.88,26.36,26.84,27.32,27.8,28.38,28.96,29.54,30.12,30.7,NA,NA,NA,NA,NA,NA,NA,NA,NA,NA,NA,NA,NA,NA,NA,NA
"FFS2BURN_4897",17.1,17.28,17.46,17.64,17.82,18,18.2,18.4,18.6,18.8,19,19.26,19.52,19.78,20.04,20.3,NA,NA,NA,NA,NA,NA,NA,NA,NA,NA,NA,NA,NA,NA,NA,NA
"FFS2BURN_4899",18,18.26,18.52,18.78,19.04,19.3,19.74,20.18,20.62,21.06,21.5,22.1,22.7,23.3,23.9,24.5,NA,NA,NA,NA,NA,NA,NA,NA,NA,NA,NA,NA,NA,NA,NA,NA
"FFS2BURN_5102",46.8,47.3,47.8,48.3,48.8,49.3,50.14,50.98,51.82,52.66,53.5,54.46,55.42,56.38,57.34,58.3,NA,NA,NA,NA,NA,NA,NA,NA,NA,NA,NA,NA,NA,NA,NA,NA
"FFS2BURN_5105",57.2,57.66,58.12,58.58,59.04,59.5,60.18,60.86,61.54,62.22,62.9,63.46,64.02,64.58,65.14,65.7,NA,NA,NA,NA,NA,NA,NA,NA,NA,NA,NA,NA,NA,NA,NA,NA
"FFS2BURN_5106",89.1,88.94,88.78,88.62,88.46,88.3,88.94,89.58,90.22,90.86,91.5,92.38,93.26,94.14,95.02,95.9,NA,NA,NA,NA,NA,NA,NA,NA,NA,NA,NA,NA,NA,NA,NA,NA
"FFS2BURN_5107",94.5,93.72,92.94,92.16,91.38,90.6,91.3,92,92.7,93.4,94.1,94.66,95.22,95.78,96.34,96.9,NA,NA,NA,NA,NA,NA,NA,NA,NA,NA,NA,NA,NA,NA,NA,NA
"FFS2BURN_5111",129.5,130.16,130.82,131.48,132.14,132.8,133.16,133.52,133.88,134.24,134.6,135.24,135.88,136.52,137.16,137.8,NA,NA,NA,NA,NA,NA,NA,NA,NA,NA,NA,NA,NA,NA,NA,NA
"FFS2BURN_5113",85,85.52,86.04,86.56,87.08,87.6,88.22,88.84,89.46,90.08,90.7,91.36,92.02,92.68,93.34,94,NA,NA,NA,NA,NA,NA,NA,NA,NA,NA,NA,NA,NA,NA,NA,NA
"FFS2BURN_5117",110.5,111.2,111.9,112.6,113.3,114,115.18,116.36,117.54,118.72,119.9,120.6,121.3,122,122.7,123.4,NA,NA,NA,NA,NA,NA,NA,NA,NA,NA,NA,NA,NA,NA,NA,NA
"FFS2BURN_5121",83.7,83.82,83.94,84.06,84.18,84.3,84.48,84.66,84.84,85.02,85.2,85.2,NA,NA,NA,NA,NA,NA,NA,NA,NA,NA,NA,NA,NA,NA,NA,NA,NA,NA,NA,NA
"FFS2BURN_5122",143.4,143.56,143.72,143.88,144.04,144.2,144.34,144.48,144.62,144.76,144.9,145.24,145.58,145.92,146.26,146.6,NA,NA,NA,NA,NA,NA,NA,NA,NA,NA,NA,NA,NA,NA,NA,NA
"FFS2BURN_5125",44.7,45.22,45.74,46.26,46.78,47.3,47.7,NA,NA,NA,NA,NA,NA,NA,NA,NA,NA,NA,NA,NA,NA,NA,NA,NA,NA,NA,NA,NA,NA,NA,NA,NA
"FFS2BURN_5131",112.5,112.58,112.66,112.74,112.82,112.9,113.18,113.46,113.74,114.02,114.3,114.4,114.5,114.6,114.7,114.8,NA,NA,NA,NA,NA,NA,NA,NA,NA,NA,NA,NA,NA,NA,NA,NA
"FFS2BURN_5132",26,26.14,26.28,26.42,26.56,26.7,26.88,27.06,27.24,27.42,27.6,27.58,27.56,27.54,27.52,27.5,NA,NA,NA,NA,NA,NA,NA,NA,NA,NA,NA,NA,NA,NA,NA,NA
"FFS2BURN_5133",61.1,61.54,61.98,62.42,62.86,63.3,63.84,64.38,64.92,65.46,66,65.68,65.36,65.04,64.72,64.4,NA,NA,NA,NA,NA,NA,NA,NA,NA,NA,NA,NA,NA,NA,NA,NA
"FFS2BURN_5135",89.8,90.36,90.92,91.48,92.04,92.6,93.22,93.84,94.46,95.08,95.7,96.22,96.74,97.26,97.78,98.3,NA,NA,NA,NA,NA,NA,NA,NA,NA,NA,NA,NA,NA,NA,NA,NA
"FFS2BURN_5137",28.6,28.88,29.16,29.44,29.72,30,29.94,29.88,29.82,29.76,29.7,NA,NA,NA,NA,NA,NA,NA,NA,NA,NA,NA,NA,NA,NA,NA,NA,NA,NA,NA,NA,NA
"FFS2BURN_5138",107.6,108.36,109.12,109.88,110.64,111.4,112.44,113.48,114.52,115.56,116.6,116.48,116.36,116.24,116.12,116,NA,NA,NA,NA,NA,NA,NA,NA,NA,NA,NA,NA,NA,NA,NA,NA
"FFS2BURN_5139",49.3,49.6,49.9,50.2,50.5,50.8,50.86,50.92,50.98,51.04,51.1,50.68,50.26,49.84,49.42,49,NA,NA,NA,NA,NA,NA,NA,NA,NA,NA,NA,NA,NA,NA,NA,NA
"FFS2BURN_5140",37.3,37.42,37.54,37.66,37.78,37.9,38,38.1,38.2,38.3,38.4,38.5,38.6,38.7,38.8,38.9,NA,NA,NA,NA,NA,NA,NA,NA,NA,NA,NA,NA,NA,NA,NA,NA
"FFS2BURN_5141",99.2,99.94,100.68,101.42,102.16,102.9,104.14,105.38,106.62,107.86,109.1,109.96,110.82,111.68,112.54,113.4,NA,NA,NA,NA,NA,NA,NA,NA,NA,NA,NA,NA,NA,NA,NA,NA
"FFS2BURN_5142",24.1,24.68,25.26,25.84,26.42,27,27.8,28.6,29.4,30.2,31,31.74,32.48,33.22,33.96,34.7,NA,NA,NA,NA,NA,NA,NA,NA,NA,NA,NA,NA,NA,NA,NA,NA
"FFS2BURN_5149",NA,NA,NA,NA,NA,NA,NA,NA,NA,NA,16.7,17.96,19.22,20.48,21.74,23,NA,NA,NA,NA,NA,NA,NA,NA,NA,NA,NA,NA,NA,NA,NA,NA
"FFS2BURN_5161",27.4,27.76,28.12,28.48,28.84,29.2,30.06,30.92,31.78,32.64,33.5,33.7,33.9,34.1,34.3,34.5,NA,NA,NA,NA,NA,NA,NA,NA,NA,NA,NA,NA,NA,NA,NA,NA
"FFS2BURN_5162",76.3,76.74,77.18,77.62,78.06,78.5,79,79.5,80,80.5,81,NA,NA,NA,NA,NA,NA,NA,NA,NA,NA,NA,NA,NA,NA,NA,NA,NA,NA,NA,NA,NA
"FFS2BURN_5174",49.7,50.28,50.86,51.44,52.02,52.6,53.05,53.5,NA,NA,NA,NA,NA,NA,NA,NA,NA,NA,NA,NA,NA,NA,NA,NA,NA,NA,NA,NA,NA,NA,NA,NA
"FFS2BURN_5175",43,43.48,43.96,44.44,44.92,45.4,45.82,46.24,46.66,47.08,47.5,48.38,49.26,50.14,51.02,51.9,NA,NA,NA,NA,NA,NA,NA,NA,NA,NA,NA,NA,NA,NA,NA,NA
"FFS2BURN_5201",56.3,56.88,57.46,58.04,58.62,59.2,59.96,60.72,61.48,62.24,63,64,65,66,67,68,NA,NA,NA,NA,NA,NA,NA,NA,NA,NA,NA,NA,NA,NA,NA,NA
"FFS2BURN_5204",37.5,37.7,37.9,38.1,38.3,38.5,38.2,NA,NA,NA,NA,NA,NA,NA,NA,NA,NA,NA,NA,NA,NA,NA,NA,NA,NA,NA,NA,NA,NA,NA,NA,NA
"FFS2BURN_5208",31.4,31.7,32,32.3,32.6,32.9,33.56,34.22,34.88,35.54,36.2,36.3,36.4,NA,NA,NA,NA,NA,NA,NA,NA,NA,NA,NA,NA,NA,NA,NA,NA,NA,NA,NA
"FFS2BURN_5209",79.9,80.22,80.54,80.86,81.18,81.5,81.34,81.18,81.02,80.86,80.7,80.64,80.58,80.52,80.46,80.4,NA,NA,NA,NA,NA,NA,NA,NA,NA,NA,NA,NA,NA,NA,NA,NA
"FFS2BURN_5211",29.8,30.14,30.48,30.82,31.16,31.5,32,32.5,33,33.5,34,34.25,34.5,34.75,35,NA,NA,NA,NA,NA,NA,NA,NA,NA,NA,NA,NA,NA,NA,NA,NA,NA
"FFS2BURN_5213",40.5,40.98,41.46,41.94,42.42,42.9,43.62,44.34,45.06,45.78,46.5,47.52,48.54,49.56,50.58,51.6,NA,NA,NA,NA,NA,NA,NA,NA,NA,NA,NA,NA,NA,NA,NA,NA
"FFS2BURN_5223",52.5,53.48,54.46,55.44,56.42,57.4,58.46,59.52,60.58,61.64,62.7,63.08,63.46,63.84,64.22,64.6,NA,NA,NA,NA,NA,NA,NA,NA,NA,NA,NA,NA,NA,NA,NA,NA
"FFS2BURN_5230",NA,NA,NA,NA,NA,NA,NA,NA,NA,NA,18,19.06,20.12,21.18,22.24,23.3,NA,NA,NA,NA,NA,NA,NA,NA,NA,NA,NA,NA,NA,NA,NA,NA
"FFS2BURN_5232",NA,NA,NA,NA,NA,16.4,16.98,17.56,18.14,18.72,19.3,19.44,19.58,19.72,19.86,20,NA,NA,NA,NA,NA,NA,NA,NA,NA,NA,NA,NA,NA,NA,NA,NA
"FFS2BURN_5235",30.9,31.2,31.5,31.8,32.1,32.4,32.82,33.24,33.66,34.08,34.5,34.88,35.26,35.64,36.02,36.4,NA,NA,NA,NA,NA,NA,NA,NA,NA,NA,NA,NA,NA,NA,NA,NA
"FFS2BURN_5236",35.4,35.46,35.52,35.58,35.64,35.7,36.06,36.42,36.78,37.14,37.5,37.98,38.46,38.94,39.42,39.9,NA,NA,NA,NA,NA,NA,NA,NA,NA,NA,NA,NA,NA,NA,NA,NA
"FFS2BURN_5237",NA,NA,NA,NA,NA,NA,NA,NA,NA,NA,18.3,19.1,19.9,20.7,21.5,22.3,NA,NA,NA,NA,NA,NA,NA,NA,NA,NA,NA,NA,NA,NA,NA,NA
"FFS2BURN_5240",41.6,42,42.4,42.8,43.2,43.6,44.14,44.68,45.22,45.76,46.3,47,47.7,48.4,49.1,49.8,NA,NA,NA,NA,NA,NA,NA,NA,NA,NA,NA,NA,NA,NA,NA,NA
"FFS2BURN_5241",34.9,35.3,35.7,36.1,36.5,36.9,37.56,38.22,38.88,39.54,40.2,40.84,41.48,42.12,42.76,43.4,NA,NA,NA,NA,NA,NA,NA,NA,NA,NA,NA,NA,NA,NA,NA,NA
"FFS2BURN_5247",67.9,69.08,70.26,71.44,72.62,73.8,75.22,76.64,78.06,79.48,80.9,81.62,82.34,83.06,83.78,84.5,NA,NA,NA,NA,NA,NA,NA,NA,NA,NA,NA,NA,NA,NA,NA,NA
"FFS2BURN_5248",30.4,30.72,31.04,31.36,31.68,32,32.54,33.08,33.62,34.16,34.7,35,35.3,35.6,35.9,36.2,NA,NA,NA,NA,NA,NA,NA,NA,NA,NA,NA,NA,NA,NA,NA,NA
"FFS2BURN_5249",42.2,42.94,43.68,44.42,45.16,45.9,47.22,48.54,49.86,51.18,52.5,53.36,54.22,55.08,55.94,56.8,NA,NA,NA,NA,NA,NA,NA,NA,NA,NA,NA,NA,NA,NA,NA,NA
"FFS2BURN_5252",25.9,26.16,26.42,26.68,26.94,27.2,27.62,28.04,28.46,28.88,29.3,29.725,30.15,30.575,31,NA,NA,NA,NA,NA,NA,NA,NA,NA,NA,NA,NA,NA,NA,NA,NA,NA
"FFS2BURN_5256",102.5,102.98,103.46,103.94,104.42,104.9,105.14,105.38,105.62,105.86,106.1,105.7,105.3,104.9,104.5,104.1,NA,NA,NA,NA,NA,NA,NA,NA,NA,NA,NA,NA,NA,NA,NA,NA
"FFS2BURN_5257",83.5,83.78,84.06,84.34,84.62,84.9,85.16,85.42,85.68,85.94,86.2,86.7,87.2,87.7,88.2,88.7,NA,NA,NA,NA,NA,NA,NA,NA,NA,NA,NA,NA,NA,NA,NA,NA
"FFS2BURN_5259",81.8,81.92,82.04,82.16,82.28,82.4,82.375,82.35,82.325,82.3,NA,NA,NA,NA,NA,NA,NA,NA,NA,NA,NA,NA,NA,NA,NA,NA,NA,NA,NA,NA,NA,NA
"FFS2BURN_5260",36.1,36.66,37.22,37.78,38.34,38.9,39.66,40.42,41.18,41.94,42.7,43.6,44.5,45.4,46.3,47.2,NA,NA,NA,NA,NA,NA,NA,NA,NA,NA,NA,NA,NA,NA,NA,NA
"FFS2BURN_5261",28,28.18,28.36,28.54,28.72,28.9,29,29.1,29.2,29.3,29.4,29.5,29.6,29.7,29.8,NA,NA,NA,NA,NA,NA,NA,NA,NA,NA,NA,NA,NA,NA,NA,NA,NA
"FFS2BURN_5262",27.8,27.98,28.16,28.34,28.52,28.7,28.64,28.58,28.52,28.46,28.4,NA,NA,NA,NA,NA,NA,NA,NA,NA,NA,NA,NA,NA,NA,NA,NA,NA,NA,NA,NA,NA
"FFS2BURN_5263",20.1,20.38,20.66,20.94,21.22,21.5,21.84,22.18,22.52,22.86,23.2,23.4775,23.755,24.0325,24.31,NA,NA,NA,NA,NA,NA,NA,NA,NA,NA,NA,NA,NA,NA,NA,NA,NA
"FFS2BURN_5264",49.4,50.4,51.4,52.4,53.4,54.4,55.48,56.56,57.64,58.72,59.8,60.74,61.68,62.62,63.56,64.5,NA,NA,NA,NA,NA,NA,NA,NA,NA,NA,NA,NA,NA,NA,NA,NA
"FFS2BURN_5269",155.6,155.92,156.24,156.56,156.88,157.2,157.46,157.72,157.98,158.24,158.5,157.36,156.22,155.08,153.94,152.8,NA,NA,NA,NA,NA,NA,NA,NA,NA,NA,NA,NA,NA,NA,NA,NA
"FFS2BURN_5271",62.2,62.76,63.32,63.88,64.44,65,65.32,65.64,65.96,66.28,66.6,66.86,67.12,67.38,67.64,67.9,NA,NA,NA,NA,NA,NA,NA,NA,NA,NA,NA,NA,NA,NA,NA,NA
"FFS2BURN_5275",93.1,93.44,93.78,94.12,94.46,94.8,95.54,96.28,97.02,97.76,98.5,98.82,99.14,99.46,99.78,100.1,NA,NA,NA,NA,NA,NA,NA,NA,NA,NA,NA,NA,NA,NA,NA,NA
"FFS2BURN_5276",26.6,27.06,27.52,27.98,28.44,28.9,29.4,29.9,30.4,30.9,31.4,31.625,31.85,32.075,32.3,NA,NA,NA,NA,NA,NA,NA,NA,NA,NA,NA,NA,NA,NA,NA,NA,NA
"FFS2BURN_5286",70.9,71.48,72.06,72.64,73.22,73.8,74.14,74.48,74.82,75.16,75.5,75.9,76.3,76.7,77.1,77.5,NA,NA,NA,NA,NA,NA,NA,NA,NA,NA,NA,NA,NA,NA,NA,NA
"FFS2BURN_5289",24.8,24.81,24.82,24.83,24.84,24.85,24.86,24.87,24.88,24.89,24.9,24.875,24.85,24.825,24.8,NA,NA,NA,NA,NA,NA,NA,NA,NA,NA,NA,NA,NA,NA,NA,NA,NA
"FFS2BURN_5290",NA,NA,NA,NA,NA,NA,NA,NA,NA,NA,16.9,17.82,18.74,19.66,20.58,21.5,NA,NA,NA,NA,NA,NA,NA,NA,NA,NA,NA,NA,NA,NA,NA,NA
"FFS2BURN_5292",65.9,66.5,67.1,67.7,68.3,68.9,69.64,70.38,71.12,71.86,72.6,73.82,75.04,76.26,77.48,78.7,NA,NA,NA,NA,NA,NA,NA,NA,NA,NA,NA,NA,NA,NA,NA,NA
"FFS2BURN_5298",31.3,31.82,32.34,32.86,33.38,33.9,34.56,35.22,35.88,36.54,37.2,37.7,38.2,38.7,39.2,39.7,NA,NA,NA,NA,NA,NA,NA,NA,NA,NA,NA,NA,NA,NA,NA,NA
"FFS2BURN_5299",57.4,58.02,58.64,59.26,59.88,60.5,61.48,62.46,63.44,64.42,65.4,66.08,66.76,67.44,68.12,68.8,NA,NA,NA,NA,NA,NA,NA,NA,NA,NA,NA,NA,NA,NA,NA,NA
"FFS2BURN_5308",47,47.58,48.16,48.74,49.32,49.9,50.52,51.14,51.76,52.38,53,53.6,54.2,54.8,55.4,56,NA,NA,NA,NA,NA,NA,NA,NA,NA,NA,NA,NA,NA,NA,NA,NA
"FFS2BURN_5310",24.2,24.92,25.64,26.36,27.08,27.8,28.62,29.44,30.26,31.08,31.9,32.76,33.62,34.48,35.34,36.2,NA,NA,NA,NA,NA,NA,NA,NA,NA,NA,NA,NA,NA,NA,NA,NA
"FFS2BURN_5311",63.2,64.02,64.84,65.66,66.48,67.3,67.92,68.54,69.16,69.78,70.4,71.1,71.8,72.5,73.2,73.9,NA,NA,NA,NA,NA,NA,NA,NA,NA,NA,NA,NA,NA,NA,NA,NA
"FFS2BURN_5319",30,30.26,30.52,30.78,31.04,31.3,31.48,31.66,31.84,32.02,32.2,32.28,32.36,32.44,32.52,32.6,NA,NA,NA,NA,NA,NA,NA,NA,NA,NA,NA,NA,NA,NA,NA,NA
"FFS2BURN_5320",152,152.05,152.1,152.15,152.2,NA,NA,NA,NA,NA,NA,NA,NA,NA,NA,NA,NA,NA,NA,NA,NA,NA,NA,NA,NA,NA,NA,NA,NA,NA,NA,NA
"FFS2BURN_5330",48.1,48.84,49.58,50.32,51.06,51.8,53.04,54.28,55.52,56.76,58,59.16,60.32,61.48,62.64,63.8,NA,NA,NA,NA,NA,NA,NA,NA,NA,NA,NA,NA,NA,NA,NA,NA
"FFS2BURN_5331",21.3,21.76,22.22,22.68,23.14,23.6,24.14,24.68,25.22,25.76,26.3,26.84,27.38,27.92,28.46,29,NA,NA,NA,NA,NA,NA,NA,NA,NA,NA,NA,NA,NA,NA,NA,NA
"FFS2BURN_5333",97.8,98.3,98.8,99.3,99.8,100.3,100.98,101.66,102.34,103.02,103.7,104.34,104.98,105.62,106.26,106.9,NA,NA,NA,NA,NA,NA,NA,NA,NA,NA,NA,NA,NA,NA,NA,NA
"FFS2BURN_5339",108.5,108.72,108.94,109.16,109.38,109.6,109.9,110.2,110.5,110.8,111.1,111.24,111.38,111.52,111.66,111.8,NA,NA,NA,NA,NA,NA,NA,NA,NA,NA,NA,NA,NA,NA,NA,NA
"FFS2BURN_5341",40.6,40.76,40.92,41.08,41.24,41.4,41.7,42,42.3,42.6,42.9,43.0333333333333,43.1666666666667,43.3,NA,NA,NA,NA,NA,NA,NA,NA,NA,NA,NA,NA,NA,NA,NA,NA,NA,NA
"FFS2BURN_5342",38.4,38.68,38.96,39.24,39.52,39.8,40.34,40.88,41.42,41.96,42.5,42.82,43.14,43.46,43.78,44.1,NA,NA,NA,NA,NA,NA,NA,NA,NA,NA,NA,NA,NA,NA,NA,NA
"FFS2BURN_5343",30,30.3,30.6,30.9,31.2,31.5,32.12,32.74,33.36,33.98,34.6,35.02,35.44,35.86,36.28,36.7,NA,NA,NA,NA,NA,NA,NA,NA,NA,NA,NA,NA,NA,NA,NA,NA
"FFS2BURN_5344",17.7,17.88,18.06,18.24,18.42,18.6,18.88,19.16,19.44,19.72,20,20.12,20.24,20.36,20.48,20.6,NA,NA,NA,NA,NA,NA,NA,NA,NA,NA,NA,NA,NA,NA,NA,NA
"FFS2BURN_5345",53.4,54.48,55.56,56.64,57.72,58.8,60.12,61.44,62.76,64.08,65.4,66.3,67.2,68.1,69,69.9,NA,NA,NA,NA,NA,NA,NA,NA,NA,NA,NA,NA,NA,NA,NA,NA
"FFS2BURN_5364",27.4,27.72,28.04,28.36,28.68,29,29.5,30,30.5,31,31.5,32.06,32.62,33.18,33.74,34.3,NA,NA,NA,NA,NA,NA,NA,NA,NA,NA,NA,NA,NA,NA,NA,NA
"FFS2BURN_5376",53.4,53.66,53.92,54.18,54.44,54.7,55.34,55.98,56.62,57.26,57.9,58.62,59.34,60.06,60.78,61.5,NA,NA,NA,NA,NA,NA,NA,NA,NA,NA,NA,NA,NA,NA,NA,NA
"FFS2BURN_5385",114,114.16,114.32,114.48,114.64,114.8,114.8,114.8,114.8,NA,NA,NA,NA,NA,NA,NA,NA,NA,NA,NA,NA,NA,NA,NA,NA,NA,NA,NA,NA,NA,NA,NA
"FFS2BURN_5388",140,139.8,139.6,139.4,139.2,139,140,NA,NA,NA,NA,NA,NA,NA,NA,NA,NA,NA,NA,NA,NA,NA,NA,NA,NA,NA,NA,NA,NA,NA,NA,NA
"FFS2BURN_5393",39.1,39.74,40.38,41.02,41.66,42.3,43.22,44.14,45.06,45.98,46.9,47.96,49.02,50.08,51.14,52.2,NA,NA,NA,NA,NA,NA,NA,NA,NA,NA,NA,NA,NA,NA,NA,NA
"FFS2BURN_5394",16.3,16.34,16.38,16.42,16.46,16.5,16.7,16.9,17.1,17.3,17.5,17.625,17.75,17.875,18,NA,NA,NA,NA,NA,NA,NA,NA,NA,NA,NA,NA,NA,NA,NA,NA,NA
"FFS2BURN_5396",50.1,50.72,51.34,51.96,52.58,53.2,54.04,54.88,55.72,56.56,57.4,58.36,59.32,60.28,61.24,62.2,NA,NA,NA,NA,NA,NA,NA,NA,NA,NA,NA,NA,NA,NA,NA,NA
"FFS2BURN_5464",106.3,106.6,106.9,107.2,107.5,107.8,108.38,108.96,109.54,110.12,110.7,111.34,111.98,112.62,113.26,113.9,NA,NA,NA,NA,NA,NA,NA,NA,NA,NA,NA,NA,NA,NA,NA,NA
"FFS2BURN_5466",121.9,121.76,121.62,121.48,121.34,121.2,121.42,121.64,121.86,122.08,122.3,122.54,122.78,123.02,123.26,123.5,NA,NA,NA,NA,NA,NA,NA,NA,NA,NA,NA,NA,NA,NA,NA,NA
"FFS2BURN_5467",87.4,87.52,87.64,87.76,87.88,88,87.96,87.92,87.88,87.84,87.8,88.08,88.36,88.64,88.92,89.2,NA,NA,NA,NA,NA,NA,NA,NA,NA,NA,NA,NA,NA,NA,NA,NA
"FFS2BURN_5469",25.7,25.98,26.26,26.54,26.82,27.1,27.38,27.66,27.94,28.22,28.5,28.92,29.34,29.76,30.18,30.6,NA,NA,NA,NA,NA,NA,NA,NA,NA,NA,NA,NA,NA,NA,NA,NA
"FFS2BURN_5470",130.9,131,131.1,131.2,131.3,131.4,131.72,132.04,132.36,132.68,133,133.3,133.6,133.9,134.2,134.5,NA,NA,NA,NA,NA,NA,NA,NA,NA,NA,NA,NA,NA,NA,NA,NA
"FFS2BURN_5476",19.9,20.28,20.66,21.04,21.42,21.8,22.4,23,23.6,24.2,24.8,25.34,25.88,26.42,26.96,27.5,NA,NA,NA,NA,NA,NA,NA,NA,NA,NA,NA,NA,NA,NA,NA,NA
"FFS2BURN_5479",25,25.44,25.88,26.32,26.76,27.2,27.76,28.32,28.88,29.44,30,30.6,31.2,31.8,32.4,33,NA,NA,NA,NA,NA,NA,NA,NA,NA,NA,NA,NA,NA,NA,NA,NA
"FFS2BURN_5480",159.9,159.72,159.54,159.36,159.18,159,159.3,159.6,159.9,160.2,160.5,160.86,161.22,161.58,161.94,162.3,NA,NA,NA,NA,NA,NA,NA,NA,NA,NA,NA,NA,NA,NA,NA,NA
"FFS2BURN_5483",159,159.04,159.08,159.12,159.16,159.2,159.46,159.72,159.98,160.24,160.5,160.38,160.26,160.14,160.02,159.9,NA,NA,NA,NA,NA,NA,NA,NA,NA,NA,NA,NA,NA,NA,NA,NA
"FFS2BURN_5487",62.7,63.46,64.22,64.98,65.74,66.5,67.72,68.94,70.16,71.38,72.6,73.68,74.76,75.84,76.92,78,NA,NA,NA,NA,NA,NA,NA,NA,NA,NA,NA,NA,NA,NA,NA,NA
"FFS2BURN_5489",52.3,52.76,53.22,53.68,54.14,54.6,55.32,56.04,56.76,57.48,58.2,58.72,59.24,59.76,60.28,60.8,NA,NA,NA,NA,NA,NA,NA,NA,NA,NA,NA,NA,NA,NA,NA,NA
"FFS2BURN_5490",55.1,55.56,56.02,56.48,56.94,57.4,58.08,58.76,59.44,60.12,60.8,61.34,61.88,62.42,62.96,63.5,NA,NA,NA,NA,NA,NA,NA,NA,NA,NA,NA,NA,NA,NA,NA,NA
"FFS2BURN_5493",35.1,35.58,36.06,36.54,37.02,37.5,38.28,39.06,39.84,40.62,41.4,42.06,42.72,43.38,44.04,44.7,NA,NA,NA,NA,NA,NA,NA,NA,NA,NA,NA,NA,NA,NA,NA,NA
"FFS2BURN_5494",33,33.34,33.68,34.02,34.36,34.7,35.34,35.98,36.62,37.26,37.9,38.46,39.02,39.58,40.14,40.7,NA,NA,NA,NA,NA,NA,NA,NA,NA,NA,NA,NA,NA,NA,NA,NA
"FFS2BURN_5495",16,16.18,16.36,16.54,16.72,16.9,17.28,17.66,18.04,18.42,18.8,19,19.2,19.4,19.6,19.8,NA,NA,NA,NA,NA,NA,NA,NA,NA,NA,NA,NA,NA,NA,NA,NA
"FFS2BURN_5496",21.6,21.98,22.36,22.74,23.12,23.5,24.06,24.62,25.18,25.74,26.3,26.76,27.22,27.68,28.14,28.6,NA,NA,NA,NA,NA,NA,NA,NA,NA,NA,NA,NA,NA,NA,NA,NA
"FFS2BURN_5498",16.2,16.64,17.08,17.52,17.96,18.4,18.98,19.56,20.14,20.72,21.3,21.76,22.22,22.68,23.14,23.6,NA,NA,NA,NA,NA,NA,NA,NA,NA,NA,NA,NA,NA,NA,NA,NA
"FFS2BURN_5500",110,110.48,110.96,111.44,111.92,112.4,113.88,115.36,116.84,118.32,119.8,120.6,121.4,122.2,123,123.8,NA,NA,NA,NA,NA,NA,NA,NA,NA,NA,NA,NA,NA,NA,NA,NA
"FFS2BURN_8417",20.8,20.98,21.16,21.34,21.52,21.7,21.86,22.02,22.18,22.34,22.5,22.65,22.8,22.95,23.1,NA,NA,NA,NA,NA,NA,NA,NA,NA,NA,NA,NA,NA,NA,NA,NA,NA
"FFS2BURN_9012",20.4,21,21.6,22.2,22.8,23.4,24.28,25.16,26.04,26.92,27.8,29.14,30.48,31.82,33.16,34.5,NA,NA,NA,NA,NA,NA,NA,NA,NA,NA,NA,NA,NA,NA,NA,NA
"FFS2BURN_9071",17.8,18.48,19.16,19.84,20.52,21.2,21.98,22.76,23.54,24.32,25.1,25.82,26.54,27.26,27.98,28.7,NA,NA,NA,NA,NA,NA,NA,NA,NA,NA,NA,NA,NA,NA,NA,NA
"FFS5BURN_1579",123,123.1,123.2,123.3,123.4,123.5,123.84,124.18,124.52,124.86,125.2,125,124.8,124.6,124.4,124.2,NA,NA,NA,NA,NA,NA,NA,NA,NA,NA,NA,NA,NA,NA,NA,NA
"FFS5BURN_1581",115,115.04,115.08,115.12,115.16,115.2,115.4,115.6,115.8,116,116.2,116.14,116.08,116.02,115.96,115.9,NA,NA,NA,NA,NA,NA,NA,NA,NA,NA,NA,NA,NA,NA,NA,NA
"FFS5BURN_1584",29,29.1,29.2,29.3,NA,NA,NA,NA,NA,NA,NA,NA,NA,NA,NA,NA,NA,NA,NA,NA,NA,NA,NA,NA,NA,NA,NA,NA,NA,NA,NA,NA
"FFS5BURN_1586",82.7,82.84,82.98,83.12,83.26,83.4,83.82,84.24,84.66,85.08,85.5,85.6,NA,NA,NA,NA,NA,NA,NA,NA,NA,NA,NA,NA,NA,NA,NA,NA,NA,NA,NA,NA
"FFS5BURN_1588",66.5,66.4,66.3,66.2,66.1,66,66.3,66.6,66.9,67.2,67.5,67.64,67.78,67.92,68.06,68.2,NA,NA,NA,NA,NA,NA,NA,NA,NA,NA,NA,NA,NA,NA,NA,NA
"FFS5BURN_1590",45.4,45.9,46.4,46.9,47.4,47.9,48.12,48.34,48.56,48.78,49,49.26,49.52,49.78,50.04,50.3,NA,NA,NA,NA,NA,NA,NA,NA,NA,NA,NA,NA,NA,NA,NA,NA
"FFS5BURN_1592",17.9,18.14,18.38,18.62,18.86,19.1,19.84,20.58,21.32,22.06,22.8,23.42,24.04,24.66,25.28,25.9,NA,NA,NA,NA,NA,NA,NA,NA,NA,NA,NA,NA,NA,NA,NA,NA
"FFS5BURN_1599",76.1,76.68,77.26,77.84,78.42,79,NA,NA,NA,NA,NA,NA,NA,NA,NA,NA,NA,NA,NA,NA,NA,NA,NA,NA,NA,NA,NA,NA,NA,NA,NA,NA
"FFS5BURN_4045",23,23.18,23.36,23.54,23.72,23.9,23.92,23.94,23.96,23.98,24,24.18,24.36,24.54,24.72,24.9,NA,NA,NA,NA,NA,NA,NA,NA,NA,NA,NA,NA,NA,NA,NA,NA
"FFS5BURN_4063",95.9,96.34,96.78,97.22,97.66,98.1,98.48,98.86,99.24,99.62,100,100.4,100.8,101.2,101.6,102,NA,NA,NA,NA,NA,NA,NA,NA,NA,NA,NA,NA,NA,NA,NA,NA
"FFS5BURN_4069",91.7,92.4,93.1,93.8,94.5,95.2,96.06,96.92,97.78,98.64,99.5,100.02,100.54,101.06,101.58,102.1,NA,NA,NA,NA,NA,NA,NA,NA,NA,NA,NA,NA,NA,NA,NA,NA
"FFS5BURN_4074",71.5,71.48,71.46,71.44,71.42,71.4,71.54,71.68,71.82,71.96,72.1,NA,NA,NA,NA,NA,NA,NA,NA,NA,NA,NA,NA,NA,NA,NA,NA,NA,NA,NA,NA,NA
"FFS5BURN_4103",71.6,72.54,73.48,74.42,75.36,76.3,76.24,76.18,76.12,76.06,76,76.5,NA,NA,NA,NA,NA,NA,NA,NA,NA,NA,NA,NA,NA,NA,NA,NA,NA,NA,NA,NA
"FFS5BURN_4108",129.2,129.52,129.84,130.16,130.48,130.8,131.14,131.48,131.82,132.16,132.5,132.42,132.34,132.26,132.18,132.1,NA,NA,NA,NA,NA,NA,NA,NA,NA,NA,NA,NA,NA,NA,NA,NA
"FFS5BURN_4112",65.3,65.3,65.3,65.3,65.3,65.3,65.46,65.62,65.78,65.94,66.1,66.32,66.54,66.76,66.98,67.2,NA,NA,NA,NA,NA,NA,NA,NA,NA,NA,NA,NA,NA,NA,NA,NA
"FFS5BURN_4114",NA,NA,NA,NA,NA,141.9,142,142.1,142.2,142.3,142.4,142.78,143.16,143.54,143.92,144.3,NA,NA,NA,NA,NA,NA,NA,NA,NA,NA,NA,NA,NA,NA,NA,NA
"FFS5BURN_4116",106,106.2,106.4,106.6,106.8,107,NA,NA,NA,NA,NA,NA,NA,NA,NA,NA,NA,NA,NA,NA,NA,NA,NA,NA,NA,NA,NA,NA,NA,NA,NA,NA
"FFS5BURN_4123",40,40.44,40.88,41.32,41.76,42.2,42.52,42.84,43.16,43.48,43.8,44.26,44.72,45.18,45.64,46.1,NA,NA,NA,NA,NA,NA,NA,NA,NA,NA,NA,NA,NA,NA,NA,NA
"FFS5BURN_4125",32.6,32.6,32.6,32.6,32.6,32.6,32.64,32.68,32.72,32.76,32.8,32.84,32.88,32.92,32.96,33,NA,NA,NA,NA,NA,NA,NA,NA,NA,NA,NA,NA,NA,NA,NA,NA
"FFS5BURN_4128",33.4,33.9,34.4,34.9,35.4,35.9,36.3,36.7,37.1,37.5,37.9,38.34,38.78,39.22,39.66,40.1,NA,NA,NA,NA,NA,NA,NA,NA,NA,NA,NA,NA,NA,NA,NA,NA
"FFS5BURN_4130",37.4,38.04,38.68,39.32,39.96,40.6,41.06,41.52,41.98,42.44,42.9,43.1,43.3,43.5,43.7,43.9,NA,NA,NA,NA,NA,NA,NA,NA,NA,NA,NA,NA,NA,NA,NA,NA
"FFS5BURN_4135",30.4,30.4,30.4,30.4,30.4,30.4,31.54,32.68,33.82,34.96,36.1,36.84,37.58,38.32,39.06,39.8,NA,NA,NA,NA,NA,NA,NA,NA,NA,NA,NA,NA,NA,NA,NA,NA
"FFS5BURN_4136",35.5,35.42,35.34,35.26,35.18,35.1,35.04,34.98,34.92,34.86,34.8,34.5,NA,NA,NA,NA,NA,NA,NA,NA,NA,NA,NA,NA,NA,NA,NA,NA,NA,NA,NA,NA
"FFS5BURN_4140",60.1,60.24,60.38,60.52,60.66,60.8,61.16,61.52,61.88,62.24,62.6,62.9,63.2,63.5,63.8,64.1,NA,NA,NA,NA,NA,NA,NA,NA,NA,NA,NA,NA,NA,NA,NA,NA
"FFS5BURN_4148",109.1,109.84,110.58,111.32,112.06,112.8,112.98,113.16,113.34,113.52,113.7,113.14,112.58,112.02,111.46,110.9,NA,NA,NA,NA,NA,NA,NA,NA,NA,NA,NA,NA,NA,NA,NA,NA
"FFS5BURN_4202",68.6,68.6,68.6,68.6,68.6,68.6,68.675,68.75,68.825,68.9,NA,NA,NA,NA,NA,NA,NA,NA,NA,NA,NA,NA,NA,NA,NA,NA,NA,NA,NA,NA,NA,NA
"FFS5BURN_4205",98.4,98.4,98.4,98.4,98.4,98.4,98.94,99.48,100.02,100.56,101.1,101.36,101.62,101.88,102.14,102.4,NA,NA,NA,NA,NA,NA,NA,NA,NA,NA,NA,NA,NA,NA,NA,NA
"FFS5BURN_4207",36.3,36.62,36.94,37.26,37.58,37.9,38.22,38.54,38.86,39.18,39.5,39.82,40.14,40.46,40.78,41.1,NA,NA,NA,NA,NA,NA,NA,NA,NA,NA,NA,NA,NA,NA,NA,NA
"FFS5BURN_4209",25.4,25.58,25.76,25.94,26.12,26.3,26.38,26.46,26.54,26.62,26.7,NA,NA,NA,NA,NA,NA,NA,NA,NA,NA,NA,NA,NA,NA,NA,NA,NA,NA,NA,NA,NA
"FFS5BURN_4213",88.9,89.3,89.7,90.1,90.5,90.9,91.34,91.78,92.22,92.66,93.1,93.48,93.86,94.24,94.62,95,NA,NA,NA,NA,NA,NA,NA,NA,NA,NA,NA,NA,NA,NA,NA,NA
"FFS5BURN_4214",71.7,71.45,71.2,70.95,70.7,NA,NA,NA,NA,NA,NA,NA,NA,NA,NA,NA,NA,NA,NA,NA,NA,NA,NA,NA,NA,NA,NA,NA,NA,NA,NA,NA
"FFS5BURN_4215",72.2,72.26,72.32,72.38,72.44,72.5,72.52,72.54,72.56,72.58,72.6,NA,NA,NA,NA,NA,NA,NA,NA,NA,NA,NA,NA,NA,NA,NA,NA,NA,NA,NA,NA,NA
"FFS5BURN_4220",93.9,94.22,94.54,94.86,95.18,95.5,95.86,96.22,96.58,96.94,97.3,97.74,98.18,98.62,99.06,99.5,NA,NA,NA,NA,NA,NA,NA,NA,NA,NA,NA,NA,NA,NA,NA,NA
"FFS5BURN_4224",94,94.18,94.36,94.54,94.72,94.9,95.48,96.06,96.64,97.22,97.8,98.1,98.4,98.7,99,99.3,NA,NA,NA,NA,NA,NA,NA,NA,NA,NA,NA,NA,NA,NA,NA,NA
"FFS5BURN_4227",110.7,111.12,111.54,111.96,112.38,112.8,113.34,113.88,114.42,114.96,115.5,116,116.5,117,117.5,118,NA,NA,NA,NA,NA,NA,NA,NA,NA,NA,NA,NA,NA,NA,NA,NA
"FFS5BURN_4235",102,102.14,102.28,102.42,102.56,102.7,103,103.3,103.6,103.9,104.2,104.4,104.6,104.8,105,105.2,NA,NA,NA,NA,NA,NA,NA,NA,NA,NA,NA,NA,NA,NA,NA,NA
"FFS5BURN_4237",44.6,44.68,44.76,44.84,44.92,45,45.22,45.44,45.66,45.88,46.1,46.5,46.9,47.3,47.7,48.1,NA,NA,NA,NA,NA,NA,NA,NA,NA,NA,NA,NA,NA,NA,NA,NA
"FFS5BURN_4238",41.5,41.92,42.34,42.76,43.18,43.6,44.14,44.68,45.22,45.76,46.3,47.14,47.98,48.82,49.66,50.5,NA,NA,NA,NA,NA,NA,NA,NA,NA,NA,NA,NA,NA,NA,NA,NA
"FFS5BURN_4239",86.8,87.24,87.68,88.12,88.56,89,89.42,89.84,90.26,90.68,91.1,91.6,NA,NA,NA,NA,NA,NA,NA,NA,NA,NA,NA,NA,NA,NA,NA,NA,NA,NA,NA,NA
"FFS5BURN_4240",51.7,52.1,52.5,52.9,53.3,53.7,53.8,53.9,54,54.1,54.2,54.3,NA,NA,NA,NA,NA,NA,NA,NA,NA,NA,NA,NA,NA,NA,NA,NA,NA,NA,NA,NA
"FFS5BURN_4243",66.9,67.64,68.38,69.12,69.86,70.6,71.48,72.36,73.24,74.12,75,74.7,NA,NA,NA,NA,NA,NA,NA,NA,NA,NA,NA,NA,NA,NA,NA,NA,NA,NA,NA,NA
"FFS5BURN_4248",109.4,109.7,110,110.3,110.6,110.9,111.28,111.66,112.04,112.42,112.8,113.8,NA,NA,NA,NA,NA,NA,NA,NA,NA,NA,NA,NA,NA,NA,NA,NA,NA,NA,NA,NA
"FFS5BURN_4249",86.3,86.52,86.74,86.96,87.18,87.4,87.74,88.08,88.42,88.76,89.1,89.48,89.86,90.24,90.62,91,NA,NA,NA,NA,NA,NA,NA,NA,NA,NA,NA,NA,NA,NA,NA,NA
"FFS5BURN_4250",133.1,133.24,133.38,133.52,133.66,133.8,134,134.2,134.4,134.6,134.8,135.18,135.56,135.94,136.32,136.7,NA,NA,NA,NA,NA,NA,NA,NA,NA,NA,NA,NA,NA,NA,NA,NA
"FFS5BURN_4254",92.3,92.76,93.22,93.68,94.14,94.6,94.9,95.2,95.5,95.8,96.1,96.4,NA,NA,NA,NA,NA,NA,NA,NA,NA,NA,NA,NA,NA,NA,NA,NA,NA,NA,NA,NA
"FFS5BURN_4256",74.8,75.02,75.24,75.46,75.68,75.9,76.26,76.62,76.98,77.34,77.7,77.6,NA,NA,NA,NA,NA,NA,NA,NA,NA,NA,NA,NA,NA,NA,NA,NA,NA,NA,NA,NA
"FFS5BURN_4262",82.9,83.46,84.02,84.58,85.14,85.7,86.4,87.1,87.8,88.5,89.2,89.78,90.36,90.94,91.52,92.1,NA,NA,NA,NA,NA,NA,NA,NA,NA,NA,NA,NA,NA,NA,NA,NA
"FFS5BURN_4281",80.5,80.96,81.42,81.88,82.34,82.8,83.12,83.44,83.76,84.08,84.4,84.2,NA,NA,NA,NA,NA,NA,NA,NA,NA,NA,NA,NA,NA,NA,NA,NA,NA,NA,NA,NA
"FFS5BURN_4282",46.3,46.48,46.66,46.84,47.02,47.2,47.34,47.48,47.62,47.76,47.9,47.4,NA,NA,NA,NA,NA,NA,NA,NA,NA,NA,NA,NA,NA,NA,NA,NA,NA,NA,NA,NA
"FFS5BURN_4286",136.3,136.58,136.86,137.14,137.42,137.7,137.88,138.06,138.24,138.42,138.6,139.5,NA,NA,NA,NA,NA,NA,NA,NA,NA,NA,NA,NA,NA,NA,NA,NA,NA,NA,NA,NA
"FFS5BURN_4319",112.3,112.3,112.3,112.3,112.3,112.3,112.62,112.94,113.26,113.58,113.9,114.26,114.62,114.98,115.34,115.7,NA,NA,NA,NA,NA,NA,NA,NA,NA,NA,NA,NA,NA,NA,NA,NA
"FFS5BURN_4320",65.3,65.38,65.46,65.54,65.62,65.7,66.06,66.42,66.78,67.14,67.5,67.78,68.06,68.34,68.62,68.9,NA,NA,NA,NA,NA,NA,NA,NA,NA,NA,NA,NA,NA,NA,NA,NA
"FFS5BURN_4324",65,65.28,65.56,65.84,66.12,66.4,66.74,67.08,67.42,67.76,68.1,68.2,68.3,68.4,68.5,68.6,NA,NA,NA,NA,NA,NA,NA,NA,NA,NA,NA,NA,NA,NA,NA,NA
"FFS5BURN_4325",105.3,105.3,105.3,105.3,105.3,105.3,105.48,105.66,105.84,106.02,106.2,106.28,106.36,106.44,106.52,106.6,NA,NA,NA,NA,NA,NA,NA,NA,NA,NA,NA,NA,NA,NA,NA,NA
"FFS5BURN_4332",67.5,68.48,69.46,70.44,71.42,72.4,73.32,74.24,75.16,76.08,77,77.7,78.4,79.1,79.8,80.5,NA,NA,NA,NA,NA,NA,NA,NA,NA,NA,NA,NA,NA,NA,NA,NA
"FFS5BURN_4347",118.1,118.22,118.34,118.46,118.58,118.7,119.08,119.46,119.84,120.22,120.6,121.02,121.44,121.86,122.28,122.7,NA,NA,NA,NA,NA,NA,NA,NA,NA,NA,NA,NA,NA,NA,NA,NA
"FFS5BURN_4348",97.5,97.58,97.66,97.74,97.82,97.9,98.62,99.34,100.06,100.78,101.5,101.78,102.06,102.34,102.62,102.9,NA,NA,NA,NA,NA,NA,NA,NA,NA,NA,NA,NA,NA,NA,NA,NA
"FFS5BURN_4349",67.6,67.44,67.28,67.12,66.96,66.8,66.9,67,67.1,67.2,NA,NA,NA,NA,NA,NA,NA,NA,NA,NA,NA,NA,NA,NA,NA,NA,NA,NA,NA,NA,NA,NA
"FFS5BURN_4351",73.3,73.42,73.54,73.66,73.78,73.9,74.28,74.66,75.04,75.42,75.8,75.3,74.8,NA,NA,NA,NA,NA,NA,NA,NA,NA,NA,NA,NA,NA,NA,NA,NA,NA,NA,NA
"FFS5BURN_4353",77.9,78.26,78.62,78.98,79.34,79.7,80.02,80.34,80.66,80.98,81.3,81.36,81.42,81.48,81.54,81.6,NA,NA,NA,NA,NA,NA,NA,NA,NA,NA,NA,NA,NA,NA,NA,NA
"FFS5BURN_4356",74.6,74.88,75.16,75.44,75.72,76,76.6,77.2,77.8,78.4,79,79.38,79.76,80.14,80.52,80.9,NA,NA,NA,NA,NA,NA,NA,NA,NA,NA,NA,NA,NA,NA,NA,NA
"FFS5BURN_4358",103.1,102.92,102.74,102.56,102.38,102.2,102.34,102.48,102.62,102.76,102.9,NA,NA,NA,NA,NA,NA,NA,NA,NA,NA,NA,NA,NA,NA,NA,NA,NA,NA,NA,NA,NA
"FFS5BURN_4359",37.8,37.2,NA,NA,NA,NA,NA,NA,NA,NA,NA,NA,NA,NA,NA,NA,NA,NA,NA,NA,NA,NA,NA,NA,NA,NA,NA,NA,NA,NA,NA,NA
"FFS5BURN_4361",46.9,46.65,46.4,NA,NA,NA,NA,NA,NA,NA,NA,NA,NA,NA,NA,NA,NA,NA,NA,NA,NA,NA,NA,NA,NA,NA,NA,NA,NA,NA,NA,NA
"FFS5BURN_4362",68.7,68.7,68.7,68.7,NA,NA,NA,NA,NA,NA,NA,NA,NA,NA,NA,NA,NA,NA,NA,NA,NA,NA,NA,NA,NA,NA,NA,NA,NA,NA,NA,NA
"FFS5BURN_4363",78.5,78.88,79.26,79.64,80.02,80.4,81.22,82.04,82.86,83.68,84.5,85.38,86.26,87.14,88.02,88.9,NA,NA,NA,NA,NA,NA,NA,NA,NA,NA,NA,NA,NA,NA,NA,NA
"FFS5BURN_4365",95.5,95.5,95.5,95.5,95.5,95.5,95.75,96,96.25,96.5,NA,NA,NA,NA,NA,NA,NA,NA,NA,NA,NA,NA,NA,NA,NA,NA,NA,NA,NA,NA,NA,NA
"FFS5BURN_4368",66.8,67,67.2,67.4,67.6,67.8,68.74,69.68,70.62,71.56,72.5,72.64,72.78,72.92,73.06,73.2,NA,NA,NA,NA,NA,NA,NA,NA,NA,NA,NA,NA,NA,NA,NA,NA
"FFS5BURN_4371",66.4,66.52,66.64,66.76,66.88,67,67.24,67.48,67.72,67.96,68.2,68.58,68.96,69.34,69.72,70.1,NA,NA,NA,NA,NA,NA,NA,NA,NA,NA,NA,NA,NA,NA,NA,NA
"FFS5BURN_4385",87,86.88,86.76,86.64,86.52,86.4,86.76,87.12,87.48,87.84,88.2,88.26,88.32,88.38,88.44,88.5,NA,NA,NA,NA,NA,NA,NA,NA,NA,NA,NA,NA,NA,NA,NA,NA
"FFS5BURN_4386",56.1,56.18,56.26,56.34,56.42,56.5,57.04,57.58,58.12,58.66,59.2,59.42,59.64,59.86,60.08,60.3,NA,NA,NA,NA,NA,NA,NA,NA,NA,NA,NA,NA,NA,NA,NA,NA
"FFS5BURN_4387",37.9,38.2666666666667,38.6333333333333,39,NA,NA,NA,NA,NA,NA,NA,NA,NA,NA,NA,NA,NA,NA,NA,NA,NA,NA,NA,NA,NA,NA,NA,NA,NA,NA,NA,NA
"FFS5BURN_4388",53.8,54.02,54.24,54.46,54.68,54.9,55.32,55.74,56.16,56.58,57,57.74,58.48,59.22,59.96,60.7,NA,NA,NA,NA,NA,NA,NA,NA,NA,NA,NA,NA,NA,NA,NA,NA
"FFS5BURN_4391",73.4,73.2,73,72.8,72.6,72.4,72.64,72.88,73.12,73.36,73.6,73.3,73,NA,NA,NA,NA,NA,NA,NA,NA,NA,NA,NA,NA,NA,NA,NA,NA,NA,NA,NA
"FFS5BURN_4395",83.9,84.02,84.14,84.26,84.38,84.5,84.88,85.26,85.64,86.02,86.4,86.68,86.96,87.24,87.52,87.8,NA,NA,NA,NA,NA,NA,NA,NA,NA,NA,NA,NA,NA,NA,NA,NA
"FFS5BURN_4396",97.5,97.86,98.22,98.58,98.94,99.3,99.7,100.1,100.5,100.9,101.3,101.36,101.42,101.48,101.54,101.6,NA,NA,NA,NA,NA,NA,NA,NA,NA,NA,NA,NA,NA,NA,NA,NA
"FFS5BURN_4400",124.8,124.92,125.04,125.16,125.28,125.4,125.58,125.76,125.94,126.12,126.3,126.64,126.98,127.32,127.66,128,NA,NA,NA,NA,NA,NA,NA,NA,NA,NA,NA,NA,NA,NA,NA,NA
"FFS5BURN_4439",82.2,82.78,83.36,83.94,84.52,85.1,86.16,87.22,88.28,89.34,90.4,90.32,90.24,90.16,90.08,90,NA,NA,NA,NA,NA,NA,NA,NA,NA,NA,NA,NA,NA,NA,NA,NA
"FFS5BURN_4441",115.9,115.96,116.02,116.08,116.14,116.2,116.52,116.84,117.16,117.48,117.8,118.14,118.48,118.82,119.16,119.5,NA,NA,NA,NA,NA,NA,NA,NA,NA,NA,NA,NA,NA,NA,NA,NA
"FFS5BURN_4453",95.6,95.9,96.2,96.5,96.8,97.1,97.7,98.3,98.9,99.5,100.1,100.72,101.34,101.96,102.58,103.2,NA,NA,NA,NA,NA,NA,NA,NA,NA,NA,NA,NA,NA,NA,NA,NA
"FFS5BURN_4454",111.4,111.3,111.2,111.1,111,110.9,111.4,111.9,112.4,112.9,113.4,NA,NA,NA,NA,NA,NA,NA,NA,NA,NA,NA,NA,NA,NA,NA,NA,NA,NA,NA,NA,NA
"FFS5BURN_4469",143.7,143.3,142.9,142.5,142.1,141.7,142,142.3,142.6,142.9,143.2,143.54,143.88,144.22,144.56,144.9,NA,NA,NA,NA,NA,NA,NA,NA,NA,NA,NA,NA,NA,NA,NA,NA
"FFS5BURN_4474",114.9,114.88,114.86,114.84,114.82,114.8,115.54,116.28,117.02,117.76,118.5,118.08,117.66,117.24,116.82,116.4,NA,NA,NA,NA,NA,NA,NA,NA,NA,NA,NA,NA,NA,NA,NA,NA
"FFS5BURN_4491",90.7,90.7,90.7,90.7,90.7,90.7,91.34,91.98,92.62,93.26,93.9,94.02,94.14,94.26,94.38,94.5,NA,NA,NA,NA,NA,NA,NA,NA,NA,NA,NA,NA,NA,NA,NA,NA
"FFS5BURN_4492",102.9,102.98,103.06,103.14,103.22,103.3,103.62,103.94,104.26,104.58,104.9,NA,NA,NA,NA,NA,NA,NA,NA,NA,NA,NA,NA,NA,NA,NA,NA,NA,NA,NA,NA,NA
"FFS5BURN_4497",95,95,95,95,95,95,95.76,96.52,97.28,98.04,98.8,98.86,98.92,98.98,99.04,99.1,NA,NA,NA,NA,NA,NA,NA,NA,NA,NA,NA,NA,NA,NA,NA,NA
"FFS6BURN_1351",20.7,20.4,20.1,19.8,19.5,19.2,19.14,19.08,19.02,18.96,18.9,18.8,18.7,NA,NA,NA,NA,NA,NA,NA,NA,NA,NA,NA,NA,NA,NA,NA,NA,NA,NA,NA
"FFS6BURN_1353",24.9,24.86,24.82,24.78,24.74,24.7,24.68,24.66,24.64,24.62,24.6,24.45,24.3,NA,NA,NA,NA,NA,NA,NA,NA,NA,NA,NA,NA,NA,NA,NA,NA,NA,NA,NA
"FFS6BURN_1354",43.6,44.26,44.92,45.58,46.24,46.9,48.2,49.5,50.8,52.1,53.4,54.06,54.72,55.38,56.04,56.7,NA,NA,NA,NA,NA,NA,NA,NA,NA,NA,NA,NA,NA,NA,NA,NA
"FFS6BURN_1355",25.9,26.42,26.94,27.46,27.98,28.5,29.22,29.94,30.66,31.38,32.1,32.68,33.26,33.84,34.42,35,NA,NA,NA,NA,NA,NA,NA,NA,NA,NA,NA,NA,NA,NA,NA,NA
"FFS6BURN_1356",16.9,17.18,17.46,17.74,18.02,18.3,18.86,19.42,19.98,20.54,21.1,21.48,21.86,22.24,22.62,23,NA,NA,NA,NA,NA,NA,NA,NA,NA,NA,NA,NA,NA,NA,NA,NA
"FFS6BURN_1357",NA,NA,NA,NA,NA,NA,NA,NA,NA,NA,16.1,16.46,16.82,17.18,17.54,17.9,NA,NA,NA,NA,NA,NA,NA,NA,NA,NA,NA,NA,NA,NA,NA,NA
"FFS6BURN_1359",109.7,109.92,110.14,110.36,110.58,110.8,111.2,111.6,112,112.4,112.8,113.54,114.28,115.02,115.76,116.5,NA,NA,NA,NA,NA,NA,NA,NA,NA,NA,NA,NA,NA,NA,NA,NA
"FFS6BURN_1360",93.9,94.02,94.14,94.26,94.38,94.5,94.6,94.7,94.8,94.9,95,94.9,94.8,NA,NA,NA,NA,NA,NA,NA,NA,NA,NA,NA,NA,NA,NA,NA,NA,NA,NA,NA
"FFS6BURN_1361",60.7,60.66,60.62,60.58,60.54,60.5,60.52,60.54,60.56,60.58,60.6,60.4,60.2,NA,NA,NA,NA,NA,NA,NA,NA,NA,NA,NA,NA,NA,NA,NA,NA,NA,NA,NA
"FFS6BURN_1365",NA,NA,NA,NA,NA,69.7,70.24,70.78,71.32,71.86,72.4,72.76,73.12,73.48,73.84,74.2,NA,NA,NA,NA,NA,NA,NA,NA,NA,NA,NA,NA,NA,NA,NA,NA
"FFS6BURN_1366",NA,NA,NA,NA,NA,58.2,58.58,58.96,59.34,59.72,60.1,60.28,60.46,60.64,60.82,61,NA,NA,NA,NA,NA,NA,NA,NA,NA,NA,NA,NA,NA,NA,NA,NA
"FFS6BURN_1375",157,156.18,155.36,154.54,153.72,152.9,NA,NA,NA,NA,NA,NA,NA,NA,NA,NA,NA,NA,NA,NA,NA,NA,NA,NA,NA,NA,NA,NA,NA,NA,NA,NA
"FFS6BURN_4401",74.1,74.54,74.98,75.42,75.86,76.3,77.2,78.1,79,79.9,80.8,81.6,82.4,83.2,84,84.8,NA,NA,NA,NA,NA,NA,NA,NA,NA,NA,NA,NA,NA,NA,NA,NA
"FFS6BURN_4405",67.8,67.56,67.32,67.08,66.84,66.6,66.72,66.84,66.96,67.08,67.2,67.4,NA,NA,NA,NA,NA,NA,NA,NA,NA,NA,NA,NA,NA,NA,NA,NA,NA,NA,NA,NA
"FFS6BURN_4423",73.4,73.42,73.44,73.46,73.48,73.5,73.66,73.82,73.98,74.14,74.3,74.5,NA,NA,NA,NA,NA,NA,NA,NA,NA,NA,NA,NA,NA,NA,NA,NA,NA,NA,NA,NA
"FFS6BURN_4424",71.6,71.58,71.56,71.54,71.52,71.5,71.66,71.82,71.98,72.14,72.3,72.25,72.2,NA,NA,NA,NA,NA,NA,NA,NA,NA,NA,NA,NA,NA,NA,NA,NA,NA,NA,NA
"FFS6BURN_4475",41.3,41.38,41.46,41.54,41.62,41.7,42.18,42.66,43.14,43.62,44.1,44.4,44.7,45,45.3,45.6,NA,NA,NA,NA,NA,NA,NA,NA,NA,NA,NA,NA,NA,NA,NA,NA
"FFS6BURN_4476",71.4,71.7,72,72.3,72.6,72.9,73.56,74.22,74.88,75.54,76.2,76.64,77.08,77.52,77.96,78.4,NA,NA,NA,NA,NA,NA,NA,NA,NA,NA,NA,NA,NA,NA,NA,NA
"FFS6BURN_4478",41.4,41.62,41.84,42.06,42.28,42.5,43.48,44.46,45.44,46.42,47.4,48.1,48.8,49.5,50.2,50.9,NA,NA,NA,NA,NA,NA,NA,NA,NA,NA,NA,NA,NA,NA,NA,NA
"FFS6BURN_4480",18.2,18.26,18.32,18.38,18.44,18.5,18.6,18.7,18.8,18.9,19,19.2,NA,NA,NA,NA,NA,NA,NA,NA,NA,NA,NA,NA,NA,NA,NA,NA,NA,NA,NA,NA
"FFS6BURN_4482",57.9,58.16,58.42,58.68,58.94,59.2,60,60.8,61.6,62.4,63.2,63.72,64.24,64.76,65.28,65.8,NA,NA,NA,NA,NA,NA,NA,NA,NA,NA,NA,NA,NA,NA,NA,NA
"FFS6BURN_4488",24.8,25.36,25.92,26.48,27.04,27.6,28.7,29.8,30.9,32,33.1,34.14,35.18,36.22,37.26,38.3,NA,NA,NA,NA,NA,NA,NA,NA,NA,NA,NA,NA,NA,NA,NA,NA
"FFS6BURN_4489",98.3,98.46,98.62,98.78,98.94,99.1,99.14,99.18,99.22,99.26,99.3,99.54,99.78,100.02,100.26,100.5,NA,NA,NA,NA,NA,NA,NA,NA,NA,NA,NA,NA,NA,NA,NA,NA
"FFS6BURN_4504",93,93.32,93.64,93.96,94.28,94.6,95.28,95.96,96.64,97.32,98,98.48,98.96,99.44,99.92,100.4,NA,NA,NA,NA,NA,NA,NA,NA,NA,NA,NA,NA,NA,NA,NA,NA
"FFS6BURN_4505",99.7,99.92,100.14,100.36,100.58,100.8,101.24,101.68,102.12,102.56,103,103.18,103.36,103.54,103.72,103.9,NA,NA,NA,NA,NA,NA,NA,NA,NA,NA,NA,NA,NA,NA,NA,NA
"FFS6BURN_4525",116.4,116.22,116.04,115.86,115.68,115.5,115.76,116.02,116.28,116.54,116.8,116.96,117.12,117.28,117.44,117.6,NA,NA,NA,NA,NA,NA,NA,NA,NA,NA,NA,NA,NA,NA,NA,NA
"FFS6BURN_4528",63.6,64.1,64.6,65.1,65.6,66.1,66.5,66.9,67.3,67.7,68.1,68.5,68.9,69.3,69.7,70.1,NA,NA,NA,NA,NA,NA,NA,NA,NA,NA,NA,NA,NA,NA,NA,NA
"FFS6BURN_4531",58.1,58.04,57.98,57.92,57.86,57.8,57.78,57.76,57.74,57.72,57.7,NA,NA,NA,NA,NA,NA,NA,NA,NA,NA,NA,NA,NA,NA,NA,NA,NA,NA,NA,NA,NA
"FFS6BURN_4535",60.5,60.76,61.02,61.28,61.54,61.8,62.22,62.64,63.06,63.48,63.9,64.2,64.5,64.8,65.1,65.4,NA,NA,NA,NA,NA,NA,NA,NA,NA,NA,NA,NA,NA,NA,NA,NA
"FFS6BURN_4536",38.1,38.1,38.1,38.1,38.1,38.1,38.24,38.38,38.52,38.66,38.8,39,39.2,39.4,39.6,39.8,NA,NA,NA,NA,NA,NA,NA,NA,NA,NA,NA,NA,NA,NA,NA,NA
"FFS6BURN_4543",67.9,68.62,69.34,70.06,70.78,71.5,72.88,74.26,75.64,77.02,78.4,78.9,79.4,79.9,80.4,80.9,NA,NA,NA,NA,NA,NA,NA,NA,NA,NA,NA,NA,NA,NA,NA,NA
"FFS6BURN_4546",40.5,40.5,40.5,40.5,40.5,40.5,40.94,41.38,41.82,42.26,42.7,43.14,43.58,44.02,44.46,44.9,NA,NA,NA,NA,NA,NA,NA,NA,NA,NA,NA,NA,NA,NA,NA,NA
"FFS6BURN_4549",70.1,70.64,71.18,71.72,72.26,72.8,73.1,73.4,73.7,74,74.3,74.7,75.1,75.5,75.9,76.3,NA,NA,NA,NA,NA,NA,NA,NA,NA,NA,NA,NA,NA,NA,NA,NA
"FFS6BURN_4557",82.6,82.76,82.92,83.08,83.24,83.4,83.9,84.4,84.9,85.4,85.9,86.14,86.38,86.62,86.86,87.1,NA,NA,NA,NA,NA,NA,NA,NA,NA,NA,NA,NA,NA,NA,NA,NA
"FFS6BURN_4559",122.4,122.64,122.88,123.12,123.36,123.6,124.28,124.96,125.64,126.32,127,127.38,127.76,128.14,128.52,128.9,NA,NA,NA,NA,NA,NA,NA,NA,NA,NA,NA,NA,NA,NA,NA,NA
"FFS6BURN_4563",74.6,74.92,75.24,75.56,75.88,76.2,76.54,76.88,77.22,77.56,77.9,78.2,78.5,78.8,79.1,79.4,NA,NA,NA,NA,NA,NA,NA,NA,NA,NA,NA,NA,NA,NA,NA,NA
"FFS6BURN_4567",67.4,67.52,67.64,67.76,67.88,68,68.4,68.8,69.2,69.6,70,70.16,70.32,70.48,70.64,70.8,NA,NA,NA,NA,NA,NA,NA,NA,NA,NA,NA,NA,NA,NA,NA,NA
"FFS6BURN_4569",49.4,49.8,50.2,50.6,51,51.4,51.9,52.4,52.9,53.4,53.9,53.92,53.94,53.96,53.98,54,NA,NA,NA,NA,NA,NA,NA,NA,NA,NA,NA,NA,NA,NA,NA,NA
"FFS6BURN_4576",72.8,72.68,72.56,72.44,72.32,72.2,72.4,NA,NA,NA,NA,NA,NA,NA,NA,NA,NA,NA,NA,NA,NA,NA,NA,NA,NA,NA,NA,NA,NA,NA,NA,NA
"FFS6BURN_4577",57.9,57.78,57.66,57.54,57.42,57.3,57.7,58.1,58.5,58.9,59.3,59.54,59.78,60.02,60.26,60.5,NA,NA,NA,NA,NA,NA,NA,NA,NA,NA,NA,NA,NA,NA,NA,NA
"FFS6BURN_4578",32,32.26,32.52,32.78,33.04,33.3,33.96,34.62,35.28,35.94,36.6,37.22,37.84,38.46,39.08,39.7,NA,NA,NA,NA,NA,NA,NA,NA,NA,NA,NA,NA,NA,NA,NA,NA
"FFS6BURN_4585",51,51.06,51.12,51.18,51.24,51.3,51.52,51.74,51.96,52.18,52.4,52.15,51.9,NA,NA,NA,NA,NA,NA,NA,NA,NA,NA,NA,NA,NA,NA,NA,NA,NA,NA,NA
"FFS6BURN_4587",30.2,30.14,30.08,30.02,29.96,29.9,30.04,30.18,30.32,30.46,30.6,30.62,30.64,30.66,30.68,30.7,NA,NA,NA,NA,NA,NA,NA,NA,NA,NA,NA,NA,NA,NA,NA,NA
"FFS6BURN_4588",83.9,83.72,83.54,83.36,83.18,83,83.06,83.12,83.18,83.24,83.3,83.55,83.8,NA,NA,NA,NA,NA,NA,NA,NA,NA,NA,NA,NA,NA,NA,NA,NA,NA,NA,NA
"FFS6BURN_4589",48.5,48.5,48.5,48.5,48.5,48.5,48.84,49.18,49.52,49.86,50.2,NA,NA,NA,NA,NA,NA,NA,NA,NA,NA,NA,NA,NA,NA,NA,NA,NA,NA,NA,NA,NA
"FFS6BURN_4590",73.7,73.7,73.7,73.7,73.7,73.7,74.14,74.58,75.02,75.46,75.9,76.06,76.22,76.38,76.54,76.7,NA,NA,NA,NA,NA,NA,NA,NA,NA,NA,NA,NA,NA,NA,NA,NA
"FFS6BURN_4593",50.9,51.05,51.2,51.35,51.5,NA,NA,NA,NA,NA,NA,NA,NA,NA,NA,NA,NA,NA,NA,NA,NA,NA,NA,NA,NA,NA,NA,NA,NA,NA,NA,NA
"FFS6BURN_4594",40.1,40.18,40.26,40.34,40.42,40.5,41.1,41.7,42.3,42.9,43.5,44.14,44.78,45.42,46.06,46.7,NA,NA,NA,NA,NA,NA,NA,NA,NA,NA,NA,NA,NA,NA,NA,NA
"FFS6BURN_4595",41.1,41.48,41.86,42.24,42.62,43,43.6,44.2,44.8,45.4,46,46.48,46.96,47.44,47.92,48.4,NA,NA,NA,NA,NA,NA,NA,NA,NA,NA,NA,NA,NA,NA,NA,NA
"FFS6BURN_4605",62.7,62.76,62.82,62.88,62.94,63,63.34,63.68,64.02,64.36,64.7,64.9,65.1,65.3,65.5,65.7,NA,NA,NA,NA,NA,NA,NA,NA,NA,NA,NA,NA,NA,NA,NA,NA
"FFS6BURN_4606",49.3,49.72,50.14,50.56,50.98,51.4,52.5,53.6,54.7,55.8,56.9,57.34,57.78,58.22,58.66,59.1,NA,NA,NA,NA,NA,NA,NA,NA,NA,NA,NA,NA,NA,NA,NA,NA
"FFS6BURN_4608",45.3,45.72,46.14,46.56,46.98,47.4,48.18,48.96,49.74,50.52,51.3,51.88,52.46,53.04,53.62,54.2,NA,NA,NA,NA,NA,NA,NA,NA,NA,NA,NA,NA,NA,NA,NA,NA
"FFS6BURN_4621",32.7,32.94,33.18,33.42,33.66,33.9,34.2,34.5,34.8,35.1,35.4,36.02,36.64,37.26,37.88,38.5,NA,NA,NA,NA,NA,NA,NA,NA,NA,NA,NA,NA,NA,NA,NA,NA
"FFS6BURN_4624",48.3,48.64,48.98,49.32,49.66,50,50.44,50.88,51.32,51.76,52.2,52.66,53.12,53.58,54.04,54.5,NA,NA,NA,NA,NA,NA,NA,NA,NA,NA,NA,NA,NA,NA,NA,NA
"FFS6BURN_4625",51.7,52.04,52.38,52.72,53.06,53.4,53.88,54.36,54.84,55.32,55.8,56.3,56.8,57.3,57.8,58.3,NA,NA,NA,NA,NA,NA,NA,NA,NA,NA,NA,NA,NA,NA,NA,NA
"FFS6BURN_4631",80,80.68,81.36,82.04,82.72,83.4,83.88,84.36,84.84,85.32,85.8,86.38,86.96,87.54,88.12,88.7,NA,NA,NA,NA,NA,NA,NA,NA,NA,NA,NA,NA,NA,NA,NA,NA
"FFS6BURN_4718",61.9,62.56,63.22,63.88,64.54,65.2,65.86,66.52,67.18,67.84,68.5,68.9,69.3,69.7,70.1,70.5,NA,NA,NA,NA,NA,NA,NA,NA,NA,NA,NA,NA,NA,NA,NA,NA
"FFS6BURN_4723",40.7,41.08,41.46,41.84,42.22,42.6,43.68,44.76,45.84,46.92,48,48.42,48.84,49.26,49.68,50.1,NA,NA,NA,NA,NA,NA,NA,NA,NA,NA,NA,NA,NA,NA,NA,NA
"FFS6BURN_4726",46.8,47.5,NA,NA,NA,NA,NA,NA,NA,NA,NA,NA,NA,NA,NA,NA,NA,NA,NA,NA,NA,NA,NA,NA,NA,NA,NA,NA,NA,NA,NA,NA
"FFS6BURN_4729",36.5,36.9,37.3,37.7,38.1,38.5,39.62,40.74,41.86,42.98,44.1,44.7,45.3,45.9,46.5,47.1,NA,NA,NA,NA,NA,NA,NA,NA,NA,NA,NA,NA,NA,NA,NA,NA
"FFS6BURN_4730",55.4,54.8,NA,NA,NA,NA,NA,NA,NA,NA,NA,NA,NA,NA,NA,NA,NA,NA,NA,NA,NA,NA,NA,NA,NA,NA,NA,NA,NA,NA,NA,NA
"FFS6BURN_4733",42,42.12,42.24,42.36,42.48,42.6,42.68,42.76,42.84,42.92,43,43.02,43.04,43.06,43.08,43.1,NA,NA,NA,NA,NA,NA,NA,NA,NA,NA,NA,NA,NA,NA,NA,NA
"FFS6BURN_4734",39.8,39.94,40.08,40.22,40.36,40.5,40.52,40.54,40.56,40.58,40.6,40.66,40.72,40.78,40.84,40.9,NA,NA,NA,NA,NA,NA,NA,NA,NA,NA,NA,NA,NA,NA,NA,NA
"FFS6BURN_4735",22,22.04,22.08,22.12,22.16,22.2,22.34,22.48,22.62,22.76,22.9,23.1,23.3,23.5,23.7,23.9,NA,NA,NA,NA,NA,NA,NA,NA,NA,NA,NA,NA,NA,NA,NA,NA
"FFS6BURN_4737",41.4,41.78,42.16,42.54,42.92,43.3,43.78,44.26,44.74,45.22,45.7,46.2,46.7,47.2,47.7,48.2,NA,NA,NA,NA,NA,NA,NA,NA,NA,NA,NA,NA,NA,NA,NA,NA
"FFS6BURN_4738",33.6,33.78,33.96,34.14,34.32,34.5,34.7,34.9,35.1,35.3,35.5,35.64,35.78,35.92,36.06,36.2,NA,NA,NA,NA,NA,NA,NA,NA,NA,NA,NA,NA,NA,NA,NA,NA
"FFS6BURN_4739",20.3,20.56,20.82,21.08,21.34,21.6,22.56,23.52,24.48,25.44,26.4,26.96,27.52,28.08,28.64,29.2,NA,NA,NA,NA,NA,NA,NA,NA,NA,NA,NA,NA,NA,NA,NA,NA
"FFS6BURN_4743",NA,NA,NA,NA,NA,15,15.74,16.48,17.22,17.96,18.7,19.2,19.7,20.2,20.7,21.2,NA,NA,NA,NA,NA,NA,NA,NA,NA,NA,NA,NA,NA,NA,NA,NA
"FFS6BURN_4745",30,30,NA,NA,NA,NA,NA,NA,NA,NA,NA,NA,NA,NA,NA,NA,NA,NA,NA,NA,NA,NA,NA,NA,NA,NA,NA,NA,NA,NA,NA,NA
"FFS6BURN_4746",40.3,40.56,40.82,41.08,41.34,41.6,42.26,42.92,43.58,44.24,44.9,45.36,45.82,46.28,46.74,47.2,NA,NA,NA,NA,NA,NA,NA,NA,NA,NA,NA,NA,NA,NA,NA,NA
"FFS6BURN_4747",74.5,74.72,74.94,75.16,75.38,75.6,76,76.4,76.8,77.2,77.6,78,78.4,78.8,79.2,79.6,NA,NA,NA,NA,NA,NA,NA,NA,NA,NA,NA,NA,NA,NA,NA,NA
"FFS6BURN_4749",33.7,33.82,33.94,34.06,34.18,34.3,34.76,35.22,35.68,36.14,36.6,36.74,36.88,37.02,37.16,37.3,NA,NA,NA,NA,NA,NA,NA,NA,NA,NA,NA,NA,NA,NA,NA,NA
"FFS6BURN_4750",80,80.06,80.12,80.18,80.24,80.3,80.6,80.9,81.2,81.5,81.8,NA,NA,NA,NA,NA,NA,NA,NA,NA,NA,NA,NA,NA,NA,NA,NA,NA,NA,NA,NA,NA
"FFS6BURN_4753",26.9,26.78,26.66,26.54,26.42,26.3,26.55,26.8,NA,NA,NA,NA,NA,NA,NA,NA,NA,NA,NA,NA,NA,NA,NA,NA,NA,NA,NA,NA,NA,NA,NA,NA
"FFS6BURN_4754",76,76.56,77.12,77.68,78.24,78.8,79.04,79.28,79.52,79.76,80,80.16,80.32,80.48,80.64,80.8,NA,NA,NA,NA,NA,NA,NA,NA,NA,NA,NA,NA,NA,NA,NA,NA
"FFS6BURN_4755",65.5,65.7,65.9,66.1,66.3,66.5,66.94,67.38,67.82,68.26,68.7,69.3,69.9,70.5,71.1,71.7,NA,NA,NA,NA,NA,NA,NA,NA,NA,NA,NA,NA,NA,NA,NA,NA
"FFS6BURN_4757",33.7,33.76,33.82,33.88,33.94,34,34.16,34.32,34.48,34.64,34.8,34.9333333333333,35.0666666666667,35.2,NA,NA,NA,NA,NA,NA,NA,NA,NA,NA,NA,NA,NA,NA,NA,NA,NA,NA
"FFS6BURN_4758",79.1,79.08,79.06,79.04,79.02,79,79.28,79.56,79.84,80.12,80.4,80.425,80.45,80.475,80.5,NA,NA,NA,NA,NA,NA,NA,NA,NA,NA,NA,NA,NA,NA,NA,NA,NA
"FFS6BURN_4761",36.6,37.24,37.88,38.52,39.16,39.8,40.78,41.76,42.74,43.72,44.7,45.42,46.14,46.86,47.58,48.3,NA,NA,NA,NA,NA,NA,NA,NA,NA,NA,NA,NA,NA,NA,NA,NA
"FFS6BURN_4770",87.2,87.36,87.52,87.68,87.84,88,88.24,88.48,88.72,88.96,89.2,89.0333333333333,88.8666666666667,88.7,NA,NA,NA,NA,NA,NA,NA,NA,NA,NA,NA,NA,NA,NA,NA,NA,NA,NA
"FFS6BURN_4772",55.4,55.54,55.68,55.82,55.96,56.1,56.46,56.82,57.18,57.54,57.9,58.32,58.74,59.16,59.58,60,NA,NA,NA,NA,NA,NA,NA,NA,NA,NA,NA,NA,NA,NA,NA,NA
"FFS6BURN_4774",51.1,51.36,51.62,51.88,52.14,52.4,52.92,53.44,53.96,54.48,55,55.38,55.76,56.14,56.52,56.9,NA,NA,NA,NA,NA,NA,NA,NA,NA,NA,NA,NA,NA,NA,NA,NA
"FFS6BURN_4775",75.1,75.38,75.66,75.94,76.22,76.5,76.98,77.46,77.94,78.42,78.9,79.3,79.7,80.1,80.5,80.9,NA,NA,NA,NA,NA,NA,NA,NA,NA,NA,NA,NA,NA,NA,NA,NA
"FFS6BURN_4800",30.4,31.28,32.16,33.04,33.92,34.8,35.64,36.48,37.32,38.16,39,39.62,40.24,40.86,41.48,42.1,NA,NA,NA,NA,NA,NA,NA,NA,NA,NA,NA,NA,NA,NA,NA,NA
"FFS6BURN_4902",68.7,69.04,69.38,69.72,70.06,70.4,70.72,71.04,71.36,71.68,72,72.4,72.8,73.2,73.6,74,NA,NA,NA,NA,NA,NA,NA,NA,NA,NA,NA,NA,NA,NA,NA,NA
"FFS6BURN_4904",46.2,46,NA,NA,NA,NA,NA,NA,NA,NA,NA,NA,NA,NA,NA,NA,NA,NA,NA,NA,NA,NA,NA,NA,NA,NA,NA,NA,NA,NA,NA,NA
"FFS6BURN_5605",71.5,72.18,72.86,73.54,74.22,74.9,75.72,76.54,77.36,78.18,79,79.8,80.6,81.4,82.2,83,NA,NA,NA,NA,NA,NA,NA,NA,NA,NA,NA,NA,NA,NA,NA,NA
"FFS6BURN_5610",42.8,42.94,43.08,43.22,43.36,43.5,43.66,43.82,43.98,44.14,44.3,44.5,44.7,44.9,45.1,45.3,NA,NA,NA,NA,NA,NA,NA,NA,NA,NA,NA,NA,NA,NA,NA,NA
"FFS6BURN_5611",22.9,23.12,23.34,23.56,23.78,24,24.34,24.68,25.02,25.36,25.7,26.06,26.42,26.78,27.14,27.5,NA,NA,NA,NA,NA,NA,NA,NA,NA,NA,NA,NA,NA,NA,NA,NA
"FFS6BURN_5614",NA,NA,NA,NA,NA,34.5,34.66,34.82,34.98,35.14,35.3,35.34,35.38,35.42,35.46,35.5,NA,NA,NA,NA,NA,NA,NA,NA,NA,NA,NA,NA,NA,NA,NA,NA
"FFS6BURN_5617",21.4,21.56,21.72,21.88,22.04,22.2,22.68,23.16,23.64,24.12,24.6,24.84,25.08,25.32,25.56,25.8,NA,NA,NA,NA,NA,NA,NA,NA,NA,NA,NA,NA,NA,NA,NA,NA
"FFS6BURN_5623",64.5,64.52,64.54,64.56,64.58,64.6,64.9,65.2,65.5,65.8,66.1,66.28,66.46,66.64,66.82,67,NA,NA,NA,NA,NA,NA,NA,NA,NA,NA,NA,NA,NA,NA,NA,NA
"FFS6BURN_5625",84.3,84.66,85.02,85.38,85.74,86.1,86.98,87.86,88.74,89.62,90.5,90.86,91.22,91.58,91.94,92.3,NA,NA,NA,NA,NA,NA,NA,NA,NA,NA,NA,NA,NA,NA,NA,NA
"FFS6BURN_5633",25,25.56,26.12,26.68,27.24,27.8,28.7,29.6,30.5,31.4,32.3,32.88,33.46,34.04,34.62,35.2,NA,NA,NA,NA,NA,NA,NA,NA,NA,NA,NA,NA,NA,NA,NA,NA
"FFS6BURN_5634",24.1,24.18,24.26,24.34,24.42,24.5,24.76,25.02,25.28,25.54,25.8,26.2,26.6,27,27.4,27.8,NA,NA,NA,NA,NA,NA,NA,NA,NA,NA,NA,NA,NA,NA,NA,NA
"FFS6BURN_5637",28.6,28.78,28.96,29.14,29.32,29.5,29.98,30.46,30.94,31.42,31.9,32.18,32.46,32.74,33.02,33.3,NA,NA,NA,NA,NA,NA,NA,NA,NA,NA,NA,NA,NA,NA,NA,NA
"FFS6BURN_5638",33.5,33.94,34.38,34.82,35.26,35.7,36.28,36.86,37.44,38.02,38.6,39.2,39.8,40.4,41,41.6,NA,NA,NA,NA,NA,NA,NA,NA,NA,NA,NA,NA,NA,NA,NA,NA
"FFS6BURN_5640",32.6,32.96,33.32,33.68,34.04,34.4,35.1,35.8,36.5,37.2,37.9,38.92,39.94,40.96,41.98,43,NA,NA,NA,NA,NA,NA,NA,NA,NA,NA,NA,NA,NA,NA,NA,NA
"FFS6BURN_5642",55.4,55.42,55.44,55.46,55.48,55.5,55.82,56.14,56.46,56.78,57.1,57.3,57.5,57.7,57.9,58.1,NA,NA,NA,NA,NA,NA,NA,NA,NA,NA,NA,NA,NA,NA,NA,NA
"FFS6BURN_5647",60.5,60.8,61.1,61.4,61.7,62,62.56,63.12,63.68,64.24,64.8,65.36,65.92,66.48,67.04,67.6,NA,NA,NA,NA,NA,NA,NA,NA,NA,NA,NA,NA,NA,NA,NA,NA
"FFS6BURN_5648",77.7,77.84,77.98,78.12,78.26,78.4,78.56,78.72,78.88,79.04,79.2,NA,NA,NA,NA,NA,NA,NA,NA,NA,NA,NA,NA,NA,NA,NA,NA,NA,NA,NA,NA,NA
"FFS6BURN_5654",23.6,23.6,23.6,23.6,23.6,23.6,23.68,23.76,23.84,23.92,24,24.12,24.24,24.36,24.48,24.6,NA,NA,NA,NA,NA,NA,NA,NA,NA,NA,NA,NA,NA,NA,NA,NA
"FFS6BURN_5656",24.9,25.02,25.14,25.26,25.38,25.5,25.4,25.3,25.2,25.1,25,25.08,25.16,25.24,25.32,25.4,NA,NA,NA,NA,NA,NA,NA,NA,NA,NA,NA,NA,NA,NA,NA,NA
"FFS6BURN_5657",16.8,16.8,16.8,16.8,16.8,16.8,16.875,16.95,17.025,17.1,NA,NA,NA,NA,NA,NA,NA,NA,NA,NA,NA,NA,NA,NA,NA,NA,NA,NA,NA,NA,NA,NA
"FFS6BURN_5658",34,34,34,34,34,34,34,34,34,34,34,34.04,34.08,34.12,34.16,34.2,NA,NA,NA,NA,NA,NA,NA,NA,NA,NA,NA,NA,NA,NA,NA,NA
"FFS6BURN_5659",17.4,16.9,NA,NA,NA,NA,NA,NA,NA,NA,NA,NA,NA,NA,NA,NA,NA,NA,NA,NA,NA,NA,NA,NA,NA,NA,NA,NA,NA,NA,NA,NA
"FFS6BURN_5660",19.2,19.22,19.24,19.26,19.28,19.3,19,NA,NA,NA,NA,NA,NA,NA,NA,NA,NA,NA,NA,NA,NA,NA,NA,NA,NA,NA,NA,NA,NA,NA,NA,NA
"FFS6BURN_5661",53.8,54.12,54.44,54.76,55.08,55.4,55.5,55.6,55.7,55.8,55.9,56.08,56.26,56.44,56.62,56.8,NA,NA,NA,NA,NA,NA,NA,NA,NA,NA,NA,NA,NA,NA,NA,NA
"FFS6BURN_5662",47.9,48.12,48.34,48.56,48.78,49,49.02,49.04,49.06,49.08,49.1,49.1,49.1,49.1,49.1,49.1,NA,NA,NA,NA,NA,NA,NA,NA,NA,NA,NA,NA,NA,NA,NA,NA
"FFS6BURN_5663",22.2,22.62,23.04,23.46,23.88,24.3,24.94,25.58,26.22,26.86,27.5,26.8,NA,NA,NA,NA,NA,NA,NA,NA,NA,NA,NA,NA,NA,NA,NA,NA,NA,NA,NA,NA
"FFS6BURN_5664",15.6,16.02,16.44,16.86,17.28,17.7,18.4,19.1,19.8,20.5,21.2,21.2,21.2,NA,NA,NA,NA,NA,NA,NA,NA,NA,NA,NA,NA,NA,NA,NA,NA,NA,NA,NA
"FFS6BURN_5665",55.7,56.14,56.58,57.02,57.46,57.9,58.48,59.06,59.64,60.22,60.8,61.12,61.44,61.76,62.08,62.4,NA,NA,NA,NA,NA,NA,NA,NA,NA,NA,NA,NA,NA,NA,NA,NA
"FFS6BURN_5669",27.5,27.14,26.78,26.42,26.06,25.7,25.62,25.54,25.46,25.38,25.3,25.3,25.3,25.3,25.3,25.3,NA,NA,NA,NA,NA,NA,NA,NA,NA,NA,NA,NA,NA,NA,NA,NA
"FFS6BURN_5672",51.1,51.44,51.78,52.12,52.46,52.8,53.44,54.08,54.72,55.36,56,56.4,56.8,57.2,57.6,58,NA,NA,NA,NA,NA,NA,NA,NA,NA,NA,NA,NA,NA,NA,NA,NA
"FFS6BURN_5676",39,39.06,39.12,39.18,39.24,39.3,39.025,38.75,38.475,38.2,NA,NA,NA,NA,NA,NA,NA,NA,NA,NA,NA,NA,NA,NA,NA,NA,NA,NA,NA,NA,NA,NA
"FFS6BURN_5677",42.4,42.26,42.12,41.98,41.84,41.7,41.76,41.82,41.88,41.94,42,42.04,42.08,42.12,42.16,42.2,NA,NA,NA,NA,NA,NA,NA,NA,NA,NA,NA,NA,NA,NA,NA,NA
"FFS6BURN_5686",24,24.1,NA,NA,NA,NA,NA,NA,NA,NA,NA,NA,NA,NA,NA,NA,NA,NA,NA,NA,NA,NA,NA,NA,NA,NA,NA,NA,NA,NA,NA,NA
"FFS6BURN_5689",17.6,18.46,19.32,20.18,21.04,21.9,23.02,24.14,25.26,26.38,27.5,28.1,28.7,29.3,29.9,30.5,NA,NA,NA,NA,NA,NA,NA,NA,NA,NA,NA,NA,NA,NA,NA,NA
"FFS6BURN_5692",52,52.18,52.36,52.54,52.72,52.9,53.1,53.3,53.5,53.7,53.9,54.04,54.18,54.32,54.46,54.6,NA,NA,NA,NA,NA,NA,NA,NA,NA,NA,NA,NA,NA,NA,NA,NA
"FFS6BURN_5693",46.4,46.42,46.44,46.46,46.48,46.5,46.74,46.98,47.22,47.46,47.7,47.8,47.9,48,48.1,48.2,NA,NA,NA,NA,NA,NA,NA,NA,NA,NA,NA,NA,NA,NA,NA,NA
"FFS6BURN_5696",NA,NA,NA,NA,NA,NA,NA,NA,NA,NA,15.2,15.8,16.4,17,17.6,18.2,NA,NA,NA,NA,NA,NA,NA,NA,NA,NA,NA,NA,NA,NA,NA,NA
"FFS6BURN_5697",62.5,63.18,63.86,64.54,65.22,65.9,66.88,67.86,68.84,69.82,70.8,71.64,72.48,73.32,74.16,75,NA,NA,NA,NA,NA,NA,NA,NA,NA,NA,NA,NA,NA,NA,NA,NA
"FFS6BURN_8404",32.8,32.8,32.8,32.8,32.8,32.8,32.94,33.08,33.22,33.36,33.5,33.48,33.46,33.44,33.42,33.4,NA,NA,NA,NA,NA,NA,NA,NA,NA,NA,NA,NA,NA,NA,NA,NA
"FFS7CONTROL_1086",49.4,49.52,49.64,49.76,49.88,50,50.26,50.52,50.78,51.04,51.3,51.56,51.82,52.08,52.34,52.6,NA,NA,NA,NA,NA,NA,NA,NA,NA,NA,NA,NA,NA,NA,NA,NA
"FFS7CONTROL_1087",88.5,88.98,89.46,89.94,90.42,90.9,91,91.1,91.2,91.3,91.4,91.8,92.2,NA,NA,NA,NA,NA,NA,NA,NA,NA,NA,NA,NA,NA,NA,NA,NA,NA,NA,NA
"FFS7CONTROL_1088",25.5,25.56,25.62,25.68,25.74,25.8,25.98,26.16,26.34,26.52,26.7,26.86,27.02,27.18,27.34,27.5,NA,NA,NA,NA,NA,NA,NA,NA,NA,NA,NA,NA,NA,NA,NA,NA
"FFS7CONTROL_1089",94.1,94.26,94.42,94.58,94.74,94.9,95.08,95.26,95.44,95.62,95.8,95.9,96,96.1,96.2,96.3,NA,NA,NA,NA,NA,NA,NA,NA,NA,NA,NA,NA,NA,NA,NA,NA
"FFS7CONTROL_1090",17.8,17.66,17.52,17.38,17.24,17.1,17.12,17.14,17.16,17.18,17.2,17.2,17.2,17.2,17.2,17.2,NA,NA,NA,NA,NA,NA,NA,NA,NA,NA,NA,NA,NA,NA,NA,NA
"FFS7CONTROL_1091",20,20.08,20.16,20.24,20.32,20.4,20.56,20.72,20.88,21.04,21.2,21.36,21.52,21.68,21.84,22,NA,NA,NA,NA,NA,NA,NA,NA,NA,NA,NA,NA,NA,NA,NA,NA
"FFS7CONTROL_1092",119.4,119.54,119.68,119.82,119.96,120.1,120.38,120.66,120.94,121.22,121.5,121.58,121.66,121.74,121.82,121.9,NA,NA,NA,NA,NA,NA,NA,NA,NA,NA,NA,NA,NA,NA,NA,NA
"FFS7CONTROL_1093",29.1,29.18,29.26,29.34,29.42,29.5,29.82,30.14,30.46,30.78,31.1,31.34,31.58,31.82,32.06,32.3,NA,NA,NA,NA,NA,NA,NA,NA,NA,NA,NA,NA,NA,NA,NA,NA
"FFS7CONTROL_1094",39.5,39.98,40.46,40.94,41.42,41.9,42.44,42.98,43.52,44.06,44.6,44.78,44.96,45.14,45.32,45.5,NA,NA,NA,NA,NA,NA,NA,NA,NA,NA,NA,NA,NA,NA,NA,NA
"FFS7CONTROL_1096",31.2,31.5,31.8,32.1,32.4,32.7,33,33.3,33.6,33.9,34.2,34.42,34.64,34.86,35.08,35.3,NA,NA,NA,NA,NA,NA,NA,NA,NA,NA,NA,NA,NA,NA,NA,NA
"FFS7CONTROL_1099",23.1,23.16,23.22,23.28,23.34,23.4,23.52,23.64,23.76,23.88,24,23.98,23.96,23.94,23.92,23.9,NA,NA,NA,NA,NA,NA,NA,NA,NA,NA,NA,NA,NA,NA,NA,NA
"FFS7CONTROL_1100",24,24.16,24.32,24.48,24.64,24.8,25.16,25.52,25.88,26.24,26.6,26.78,26.96,27.14,27.32,27.5,NA,NA,NA,NA,NA,NA,NA,NA,NA,NA,NA,NA,NA,NA,NA,NA
"FFS7CONTROL_1187",26.3,26.6,26.9,27.2,27.5,27.8,28.2,28.6,29,29.4,29.8,30.18,30.56,30.94,31.32,31.7,NA,NA,NA,NA,NA,NA,NA,NA,NA,NA,NA,NA,NA,NA,NA,NA
"FFS7CONTROL_1189",139.9,140.44,140.98,141.52,142.06,142.6,143.38,144.16,144.94,145.72,146.5,147.04,147.58,148.12,148.66,149.2,NA,NA,NA,NA,NA,NA,NA,NA,NA,NA,NA,NA,NA,NA,NA,NA
"FFS7CONTROL_1190",52.4,52.1,NA,NA,NA,NA,NA,NA,NA,NA,NA,NA,NA,NA,NA,NA,NA,NA,NA,NA,NA,NA,NA,NA,NA,NA,NA,NA,NA,NA,NA,NA
"FFS7CONTROL_1191",81.7,81.7,NA,NA,NA,NA,NA,NA,NA,NA,NA,NA,NA,NA,NA,NA,NA,NA,NA,NA,NA,NA,NA,NA,NA,NA,NA,NA,NA,NA,NA,NA
"FFS7CONTROL_1192",NA,NA,NA,NA,NA,15.1,15.34,15.58,15.82,16.06,16.3,16.48,16.66,16.84,17.02,17.2,NA,NA,NA,NA,NA,NA,NA,NA,NA,NA,NA,NA,NA,NA,NA,NA
"FFS7CONTROL_1193",20.5,20.8,21.1,21.4,21.7,22,22.44,22.88,23.32,23.76,24.2,24.66,25.12,25.58,26.04,26.5,NA,NA,NA,NA,NA,NA,NA,NA,NA,NA,NA,NA,NA,NA,NA,NA
"FFS7CONTROL_1198",147.4,147.4,147.4,147.4,147.4,147.4,147.64,147.88,148.12,148.36,148.6,148.64,148.68,148.72,148.76,148.8,NA,NA,NA,NA,NA,NA,NA,NA,NA,NA,NA,NA,NA,NA,NA,NA
"FFS7CONTROL_4657",72,72.78,73.56,74.34,75.12,75.9,76.72,77.54,78.36,79.18,80,80.76,81.52,82.28,83.04,83.8,NA,NA,NA,NA,NA,NA,NA,NA,NA,NA,NA,NA,NA,NA,NA,NA
"FFS7CONTROL_4658",45.2,45.2,45.2,45.2,45.2,45.2,45.32,45.44,45.56,45.68,45.8,45.8,45.8,45.8,45.8,45.8,NA,NA,NA,NA,NA,NA,NA,NA,NA,NA,NA,NA,NA,NA,NA,NA
"FFS7CONTROL_4661",29.3,29.48,29.66,29.84,30.02,30.2,30.48,30.76,31.04,31.32,31.6,31.66,31.72,31.78,31.84,31.9,NA,NA,NA,NA,NA,NA,NA,NA,NA,NA,NA,NA,NA,NA,NA,NA
"FFS7CONTROL_4662",50.7,51,51.3,51.6,51.9,52.2,52.62,53.04,53.46,53.88,54.3,54.58,54.86,55.14,55.42,55.7,NA,NA,NA,NA,NA,NA,NA,NA,NA,NA,NA,NA,NA,NA,NA,NA
"FFS7CONTROL_4664",21,21.22,21.44,21.66,21.88,22.1,22.38,22.66,22.94,23.22,23.5,23.68,23.86,24.04,24.22,24.4,NA,NA,NA,NA,NA,NA,NA,NA,NA,NA,NA,NA,NA,NA,NA,NA
"FFS7CONTROL_4666",15.6,15.8333333333333,16.0666666666667,16.3,16.5333333333333,16.7666666666667,17,17.225,17.45,17.675,17.9,17.94,17.98,18.02,18.06,18.1,NA,NA,NA,NA,NA,NA,NA,NA,NA,NA,NA,NA,NA,NA,NA,NA
"FFS7CONTROL_4667",23,23.34,23.68,24.02,24.36,24.7,25.12,25.54,25.96,26.38,26.8,26.82,26.84,26.86,26.88,26.9,NA,NA,NA,NA,NA,NA,NA,NA,NA,NA,NA,NA,NA,NA,NA,NA
"FFS7CONTROL_4668",49.9,50.16,50.42,50.68,50.94,51.2,51.62,52.04,52.46,52.88,53.3,53.56,53.82,54.08,54.34,54.6,NA,NA,NA,NA,NA,NA,NA,NA,NA,NA,NA,NA,NA,NA,NA,NA
"FFS7CONTROL_4670",90.8,91.08,91.36,91.64,91.92,92.2,92.54,92.88,93.22,93.56,93.9,94.12,94.34,94.56,94.78,95,NA,NA,NA,NA,NA,NA,NA,NA,NA,NA,NA,NA,NA,NA,NA,NA
"FFS7CONTROL_4671",41.7,42.1,42.5,42.9,43.3,43.7,44.12,44.54,44.96,45.38,45.8,46.06,46.32,46.58,46.84,47.1,NA,NA,NA,NA,NA,NA,NA,NA,NA,NA,NA,NA,NA,NA,NA,NA
"FFS7CONTROL_4672",59.3,59.72,60.14,60.56,60.98,61.4,61.98,62.56,63.14,63.72,64.3,64.52,64.74,64.96,65.18,65.4,NA,NA,NA,NA,NA,NA,NA,NA,NA,NA,NA,NA,NA,NA,NA,NA
"FFS7CONTROL_4673",15.8,16.12,16.44,16.76,17.08,17.4,17.68,17.96,18.24,18.52,18.8,18.96,19.12,19.28,19.44,19.6,NA,NA,NA,NA,NA,NA,NA,NA,NA,NA,NA,NA,NA,NA,NA,NA
"FFS7CONTROL_4674",95.6,95.9,96.2,96.5,96.8,97.1,97.64,98.18,98.72,99.26,99.8,100.12,100.44,100.76,101.08,101.4,NA,NA,NA,NA,NA,NA,NA,NA,NA,NA,NA,NA,NA,NA,NA,NA
"FFS7CONTROL_4675",NA,NA,NA,NA,NA,15.2,15.54,15.88,16.22,16.56,16.9,17.16,17.42,17.68,17.94,18.2,NA,NA,NA,NA,NA,NA,NA,NA,NA,NA,NA,NA,NA,NA,NA,NA
"FFS7CONTROL_4676",15,15.3,15.6,15.9,16.2,16.5,16.86,17.22,17.58,17.94,18.3,18.56,18.82,19.08,19.34,19.6,NA,NA,NA,NA,NA,NA,NA,NA,NA,NA,NA,NA,NA,NA,NA,NA
"FFS7CONTROL_4678",15.9,15.74,15.58,15.42,15.26,15.1,15.44,15.78,16.12,16.46,16.8,17.18,17.56,17.94,18.32,18.7,NA,NA,NA,NA,NA,NA,NA,NA,NA,NA,NA,NA,NA,NA,NA,NA
"FFS7CONTROL_4679",143.4,143.52,143.64,143.76,143.88,144,144.02,144.04,144.06,144.08,144.1,143.9,NA,NA,NA,NA,NA,NA,NA,NA,NA,NA,NA,NA,NA,NA,NA,NA,NA,NA,NA,NA
"FFS7CONTROL_4680",37.5,38.24,38.98,39.72,40.46,41.2,41.28,41.36,41.44,41.52,41.6,41.82,42.04,42.26,42.48,42.7,NA,NA,NA,NA,NA,NA,NA,NA,NA,NA,NA,NA,NA,NA,NA,NA
"FFS7CONTROL_4682",22.1,22.68,23.26,23.84,24.42,25,25.48,25.96,26.44,26.92,27.4,27.98,28.56,29.14,29.72,30.3,NA,NA,NA,NA,NA,NA,NA,NA,NA,NA,NA,NA,NA,NA,NA,NA
"FFS7CONTROL_4683",42.1,42.7,43.3,43.9,44.5,45.1,45.84,46.58,47.32,48.06,48.8,49.46,50.12,50.78,51.44,52.1,NA,NA,NA,NA,NA,NA,NA,NA,NA,NA,NA,NA,NA,NA,NA,NA
"FFS7CONTROL_4684",22.2,22.54,22.88,23.22,23.56,23.9,24.24,24.58,24.92,25.26,25.6,25.9,26.2,26.5,26.8,27.1,NA,NA,NA,NA,NA,NA,NA,NA,NA,NA,NA,NA,NA,NA,NA,NA
"FFS7CONTROL_4685",20.1,20.12,20.14,20.16,20.18,20.2,20.26,20.32,20.38,20.44,20.5,20.52,20.54,20.56,20.58,20.6,NA,NA,NA,NA,NA,NA,NA,NA,NA,NA,NA,NA,NA,NA,NA,NA
"FFS7CONTROL_4689",17.7,17.72,17.74,17.76,17.78,17.8,18.04,18.28,18.52,18.76,19,19.28,19.56,19.84,20.12,20.4,NA,NA,NA,NA,NA,NA,NA,NA,NA,NA,NA,NA,NA,NA,NA,NA
"FFS7CONTROL_4690",113.8,114,114.2,114.4,114.6,114.8,115.14,115.48,115.82,116.16,116.5,116.74,116.98,117.22,117.46,117.7,NA,NA,NA,NA,NA,NA,NA,NA,NA,NA,NA,NA,NA,NA,NA,NA
"FFS7CONTROL_4691",26.3,26.44,26.58,26.72,26.86,27,27.4,27.8,28.2,28.6,29,29.14,29.28,29.42,29.56,29.7,NA,NA,NA,NA,NA,NA,NA,NA,NA,NA,NA,NA,NA,NA,NA,NA
"FFS7CONTROL_4693",56.6,57.06,57.52,57.98,58.44,58.9,59.4,59.9,60.4,60.9,61.4,61.66,61.92,62.18,62.44,62.7,NA,NA,NA,NA,NA,NA,NA,NA,NA,NA,NA,NA,NA,NA,NA,NA
"FFS7CONTROL_4697",19.5,19.92,20.34,20.76,21.18,21.6,22.1,22.6,23.1,23.6,24.1,24.38,24.66,24.94,25.22,25.5,NA,NA,NA,NA,NA,NA,NA,NA,NA,NA,NA,NA,NA,NA,NA,NA
"FFS7CONTROL_4698",142,142.1,142.2,142.3,142.4,142.5,142.8,143.1,143.4,143.7,144,144.24,144.48,144.72,144.96,145.2,NA,NA,NA,NA,NA,NA,NA,NA,NA,NA,NA,NA,NA,NA,NA,NA
"FFS7CONTROL_4700",62.7,62.76,62.82,62.88,62.94,63,63.22,63.44,63.66,63.88,64.1,64.32,64.54,64.76,64.98,65.2,NA,NA,NA,NA,NA,NA,NA,NA,NA,NA,NA,NA,NA,NA,NA,NA
"FFS7CONTROL_4906",59.2,59.52,59.84,60.16,60.48,60.8,61.2,61.6,62,62.4,62.8,63.14,63.48,63.82,64.16,64.5,NA,NA,NA,NA,NA,NA,NA,NA,NA,NA,NA,NA,NA,NA,NA,NA
"FFS7CONTROL_4907",49.2,49.62,50.04,50.46,50.88,51.3,51.74,52.18,52.62,53.06,53.5,53.9,54.3,54.7,55.1,55.5,NA,NA,NA,NA,NA,NA,NA,NA,NA,NA,NA,NA,NA,NA,NA,NA
"FFS7CONTROL_4908",23.5,23.56,23.62,23.68,23.74,23.8,23.98,24.16,24.34,24.52,24.7,24.86,25.02,25.18,25.34,25.5,NA,NA,NA,NA,NA,NA,NA,NA,NA,NA,NA,NA,NA,NA,NA,NA
"FFS7CONTROL_4915",100.5,100.86,101.22,101.58,101.94,102.3,102.82,103.34,103.86,104.38,104.9,105.14,105.38,105.62,105.86,106.1,NA,NA,NA,NA,NA,NA,NA,NA,NA,NA,NA,NA,NA,NA,NA,NA
"FFS7CONTROL_4916",19.1,19.14,19.18,19.22,19.26,19.3,19.4,19.5,19.6,19.7,19.8,19.86,19.92,19.98,20.04,20.1,NA,NA,NA,NA,NA,NA,NA,NA,NA,NA,NA,NA,NA,NA,NA,NA
"FFS7CONTROL_4918",62.4,63.16,63.92,64.68,65.44,66.2,66.92,67.64,68.36,69.08,69.8,70.48,71.16,71.84,72.52,73.2,NA,NA,NA,NA,NA,NA,NA,NA,NA,NA,NA,NA,NA,NA,NA,NA
"FFS7CONTROL_4929",67.4,67.92,68.44,68.96,69.48,70,70.6,71.2,71.8,72.4,73,73.78,74.56,75.34,76.12,76.9,NA,NA,NA,NA,NA,NA,NA,NA,NA,NA,NA,NA,NA,NA,NA,NA
"FFS7CONTROL_4930",43.8,44.08,44.36,44.64,44.92,45.2,45.4,45.6,45.8,46,46.2,46.56,46.92,47.28,47.64,48,NA,NA,NA,NA,NA,NA,NA,NA,NA,NA,NA,NA,NA,NA,NA,NA
"FFS7CONTROL_4931",48.1,48.4,48.7,49,49.3,49.6,49.82,50.04,50.26,50.48,50.7,50.96,51.22,51.48,51.74,52,NA,NA,NA,NA,NA,NA,NA,NA,NA,NA,NA,NA,NA,NA,NA,NA
"FFS7CONTROL_4937",43.3,43.46,43.62,43.78,43.94,44.1,44.6,45.1,45.6,46.1,46.6,46.96,47.32,47.68,48.04,48.4,NA,NA,NA,NA,NA,NA,NA,NA,NA,NA,NA,NA,NA,NA,NA,NA
"FFS7CONTROL_4938",70.1,70.28,70.46,70.64,70.82,71,71.18,71.36,71.54,71.72,71.9,72.16,72.42,72.68,72.94,73.2,NA,NA,NA,NA,NA,NA,NA,NA,NA,NA,NA,NA,NA,NA,NA,NA
"FFS7CONTROL_4940",32.7,32.66,32.62,32.58,32.54,32.5,32.58,32.66,32.74,32.82,32.9,32.96,33.02,33.08,33.14,33.2,NA,NA,NA,NA,NA,NA,NA,NA,NA,NA,NA,NA,NA,NA,NA,NA
"FFS7CONTROL_4941",39.6,40.18,40.76,41.34,41.92,42.5,43.1,43.7,44.3,44.9,45.5,45.94,46.38,46.82,47.26,47.7,NA,NA,NA,NA,NA,NA,NA,NA,NA,NA,NA,NA,NA,NA,NA,NA
"FFS7CONTROL_4943",28.6,29.24,29.88,30.52,31.16,31.8,32.54,33.28,34.02,34.76,35.5,36.1,36.7,37.3,37.9,38.5,NA,NA,NA,NA,NA,NA,NA,NA,NA,NA,NA,NA,NA,NA,NA,NA
"FFS7CONTROL_4944",NA,NA,NA,NA,NA,25.2,25.74,26.28,26.82,27.36,27.9,28.56,29.22,29.88,30.54,31.2,NA,NA,NA,NA,NA,NA,NA,NA,NA,NA,NA,NA,NA,NA,NA,NA
"FFS7CONTROL_4955",23.2,23.88,24.56,25.24,25.92,26.6,27.24,27.88,28.52,29.16,29.8,30.42,31.04,31.66,32.28,32.9,NA,NA,NA,NA,NA,NA,NA,NA,NA,NA,NA,NA,NA,NA,NA,NA
"FFS7CONTROL_4958",71.1,71.46,71.82,72.18,72.54,72.9,73.36,73.82,74.28,74.74,75.2,75.66,76.12,76.58,77.04,77.5,NA,NA,NA,NA,NA,NA,NA,NA,NA,NA,NA,NA,NA,NA,NA,NA
"FFS7CONTROL_4959",27.6,27.68,27.76,27.84,27.92,28,28.08,28.16,28.24,28.32,28.4,28.44,28.48,28.52,28.56,28.6,NA,NA,NA,NA,NA,NA,NA,NA,NA,NA,NA,NA,NA,NA,NA,NA
"FFS7CONTROL_4960",66.2,66.54,66.88,67.22,67.56,67.9,68.28,68.66,69.04,69.42,69.8,70.22,70.64,71.06,71.48,71.9,NA,NA,NA,NA,NA,NA,NA,NA,NA,NA,NA,NA,NA,NA,NA,NA
"FFS7CONTROL_4961",36.9,36.92,36.94,36.96,36.98,37,37.04,37.08,37.12,37.16,37.2,37.26,37.32,37.38,37.44,37.5,NA,NA,NA,NA,NA,NA,NA,NA,NA,NA,NA,NA,NA,NA,NA,NA
"FFS7CONTROL_4963",41.6,42.08,42.56,43.04,43.52,44,44.64,45.28,45.92,46.56,47.2,47.3,47.4,47.5,47.6,47.7,NA,NA,NA,NA,NA,NA,NA,NA,NA,NA,NA,NA,NA,NA,NA,NA
"FFS7CONTROL_4965",89.7,90.1,90.5,90.9,91.3,91.7,92.24,92.78,93.32,93.86,94.4,94.54,94.68,94.82,94.96,95.1,NA,NA,NA,NA,NA,NA,NA,NA,NA,NA,NA,NA,NA,NA,NA,NA
"FFS7CONTROL_4966",36,36.16,36.32,36.48,36.64,36.8,37.2,37.6,38,38.4,38.8,38.76,38.72,38.68,38.64,38.6,NA,NA,NA,NA,NA,NA,NA,NA,NA,NA,NA,NA,NA,NA,NA,NA
"FFS7CONTROL_4967",23.3,23.36,23.42,23.48,23.54,23.6,23.68,23.76,23.84,23.92,24,24.06,24.12,24.18,24.24,24.3,NA,NA,NA,NA,NA,NA,NA,NA,NA,NA,NA,NA,NA,NA,NA,NA
"FFS7CONTROL_4969",94.4,95.1,95.8,96.5,97.2,97.9,98.58,99.26,99.94,100.62,101.3,102.16,103.02,103.88,104.74,105.6,NA,NA,NA,NA,NA,NA,NA,NA,NA,NA,NA,NA,NA,NA,NA,NA
"FFS7CONTROL_4974",34.4,34.28,34.16,34.04,33.92,33.8,33.86,33.92,33.98,34.04,34.1,34.18,34.26,34.34,34.42,34.5,NA,NA,NA,NA,NA,NA,NA,NA,NA,NA,NA,NA,NA,NA,NA,NA
"FFS7CONTROL_4976",19.1,19.06,19.02,18.98,18.94,18.9,18.94,18.98,19.02,19.06,19.1,19.1,19.1,19.1,19.1,19.1,NA,NA,NA,NA,NA,NA,NA,NA,NA,NA,NA,NA,NA,NA,NA,NA
"FFS7CONTROL_4978",110.2,110.08,109.96,109.84,109.72,109.6,110,110.4,110.8,111.2,111.6,111.166666666667,110.733333333333,110.3,NA,NA,NA,NA,NA,NA,NA,NA,NA,NA,NA,NA,NA,NA,NA,NA,NA,NA
"FFS7CONTROL_4981",35.4,35.52,35.64,35.76,35.88,36,36.28,36.56,36.84,37.12,37.4,37.68,37.96,38.24,38.52,38.8,NA,NA,NA,NA,NA,NA,NA,NA,NA,NA,NA,NA,NA,NA,NA,NA
"FFS7CONTROL_4982",24.8,24.9,25,25.1,25.2,25.3,25.44,25.58,25.72,25.86,26,26,26,26,26,26,NA,NA,NA,NA,NA,NA,NA,NA,NA,NA,NA,NA,NA,NA,NA,NA
"FFS7CONTROL_4983",76.5,76.5,76.5,76.5,76.5,76.5,76.74,76.98,77.22,77.46,77.7,77.76,77.82,77.88,77.94,78,NA,NA,NA,NA,NA,NA,NA,NA,NA,NA,NA,NA,NA,NA,NA,NA
"FFS7CONTROL_4984",30.4,30.54,30.68,30.82,30.96,31.1,31.3,31.5,31.7,31.9,32.1,32.36,32.62,32.88,33.14,33.4,NA,NA,NA,NA,NA,NA,NA,NA,NA,NA,NA,NA,NA,NA,NA,NA
"FFS7CONTROL_4986",19.4,19.42,19.44,19.46,19.48,19.5,19.6,19.7,19.8,19.9,20,20.2,20.4,NA,NA,NA,NA,NA,NA,NA,NA,NA,NA,NA,NA,NA,NA,NA,NA,NA,NA,NA
"FFS7CONTROL_4987",22.6,22.8,23,23.2,23.4,23.6,23.82,24.04,24.26,24.48,24.7,25.04,25.38,25.72,26.06,26.4,NA,NA,NA,NA,NA,NA,NA,NA,NA,NA,NA,NA,NA,NA,NA,NA
"FFS7CONTROL_4988",28.5,28.62,28.74,28.86,28.98,29.1,29.3,29.5,29.7,29.9,30.1,30.24,30.38,30.52,30.66,30.8,NA,NA,NA,NA,NA,NA,NA,NA,NA,NA,NA,NA,NA,NA,NA,NA
"FFS7CONTROL_4991",34.7,35.06,35.42,35.78,36.14,36.5,36.96,37.42,37.88,38.34,38.8,38.94,39.08,39.22,39.36,39.5,NA,NA,NA,NA,NA,NA,NA,NA,NA,NA,NA,NA,NA,NA,NA,NA
"FFS7CONTROL_4992",19.3,19.42,19.54,19.66,19.78,19.9,19.96,20.02,20.08,20.14,20.2,20.48,20.76,21.04,21.32,21.6,NA,NA,NA,NA,NA,NA,NA,NA,NA,NA,NA,NA,NA,NA,NA,NA
"FFS7CONTROL_5001",17.6,17.58,17.56,17.54,17.52,17.5,17.52,17.54,17.56,17.58,17.6,NA,NA,NA,NA,NA,NA,NA,NA,NA,NA,NA,NA,NA,NA,NA,NA,NA,NA,NA,NA,NA
"FFS7CONTROL_5002",74.6,75.22,75.84,76.46,77.08,77.7,78.38,79.06,79.74,80.42,81.1,81.8,82.5,83.2,83.9,84.6,NA,NA,NA,NA,NA,NA,NA,NA,NA,NA,NA,NA,NA,NA,NA,NA
"FFS7CONTROL_5003",67.6,68.2,68.8,69.4,70,70.6,71.1,71.6,72.1,72.6,73.1,73.42,73.74,74.06,74.38,74.7,NA,NA,NA,NA,NA,NA,NA,NA,NA,NA,NA,NA,NA,NA,NA,NA
"FFS7CONTROL_5004",19.7,19.66,19.62,19.58,19.54,19.5,19.52,19.54,19.56,19.58,19.6,19.64,19.68,19.72,19.76,19.8,NA,NA,NA,NA,NA,NA,NA,NA,NA,NA,NA,NA,NA,NA,NA,NA
"FFS7CONTROL_5006",30.2,30.36,30.52,30.68,30.84,31,31.24,31.48,31.72,31.96,32.2,32.3,32.4,32.5,32.6,32.7,NA,NA,NA,NA,NA,NA,NA,NA,NA,NA,NA,NA,NA,NA,NA,NA
"FFS7CONTROL_5007",22.6,22.64,22.68,22.72,22.76,22.8,22.88,22.96,23.04,23.12,23.2,23.24,23.28,23.32,23.36,23.4,NA,NA,NA,NA,NA,NA,NA,NA,NA,NA,NA,NA,NA,NA,NA,NA
"FFS7CONTROL_5008",43.2,43.7,44.2,44.7,45.2,45.7,46.5,47.3,48.1,48.9,49.7,50.24,50.78,51.32,51.86,52.4,NA,NA,NA,NA,NA,NA,NA,NA,NA,NA,NA,NA,NA,NA,NA,NA
"FFS7CONTROL_5009",39.1,39.04,38.98,38.92,38.86,38.8,38.82,38.84,38.86,38.88,38.9,38.98,39.06,39.14,39.22,39.3,NA,NA,NA,NA,NA,NA,NA,NA,NA,NA,NA,NA,NA,NA,NA,NA
"FFS7CONTROL_5010",58.6,58.74,58.88,59.02,59.16,59.3,59.44,59.58,59.72,59.86,60,60.06,60.12,60.18,60.24,60.3,NA,NA,NA,NA,NA,NA,NA,NA,NA,NA,NA,NA,NA,NA,NA,NA
"FFS7CONTROL_5012",71,71.48,71.96,72.44,72.92,73.4,74,74.6,75.2,75.8,76.4,76.82,77.24,77.66,78.08,78.5,NA,NA,NA,NA,NA,NA,NA,NA,NA,NA,NA,NA,NA,NA,NA,NA
"FFS7CONTROL_5014",24.4,24.42,24.44,24.46,24.48,24.5,24.66,24.82,24.98,25.14,25.3,25.36,25.42,25.48,25.54,25.6,NA,NA,NA,NA,NA,NA,NA,NA,NA,NA,NA,NA,NA,NA,NA,NA
"FFS7CONTROL_5016",57.2,57.46,57.72,57.98,58.24,58.5,59,59.5,60,60.5,61,61.24,61.48,61.72,61.96,62.2,NA,NA,NA,NA,NA,NA,NA,NA,NA,NA,NA,NA,NA,NA,NA,NA
"FFS7CONTROL_5019",28.8,28.94,29.08,29.22,29.36,29.5,29.66,29.82,29.98,30.14,30.3,30.42,30.54,30.66,30.78,30.9,NA,NA,NA,NA,NA,NA,NA,NA,NA,NA,NA,NA,NA,NA,NA,NA
"FFS7CONTROL_5021",25.7,25.96,26.22,26.48,26.74,27,27.18,27.36,27.54,27.72,27.9,28.08,28.26,28.44,28.62,28.8,NA,NA,NA,NA,NA,NA,NA,NA,NA,NA,NA,NA,NA,NA,NA,NA
"FFS7CONTROL_5022",19,19.4,19.8,20.2,20.6,21,21.48,21.96,22.44,22.92,23.4,23.74,24.08,24.42,24.76,25.1,NA,NA,NA,NA,NA,NA,NA,NA,NA,NA,NA,NA,NA,NA,NA,NA
"FFS7CONTROL_5023",43.2,43.4666666666667,43.7333333333333,44,44.2666666666667,44.5333333333333,44.8,NA,NA,NA,NA,NA,NA,NA,NA,NA,NA,NA,NA,NA,NA,NA,NA,NA,NA,NA,NA,NA,NA,NA,NA,NA
"FFS7CONTROL_5039",74.2,75,75.8,76.6,77.4,78.2,79.02,79.84,80.66,81.48,82.3,83.02,83.74,84.46,85.18,85.9,NA,NA,NA,NA,NA,NA,NA,NA,NA,NA,NA,NA,NA,NA,NA,NA
"FFS7CONTROL_5040",66.8,67.22,67.64,68.06,68.48,68.9,69.6,70.3,71,71.7,72.4,72.68,72.96,73.24,73.52,73.8,NA,NA,NA,NA,NA,NA,NA,NA,NA,NA,NA,NA,NA,NA,NA,NA
"FFS7CONTROL_5041",39,39.24,39.48,39.72,39.96,40.2,40.52,40.84,41.16,41.48,41.8,41.94,42.08,42.22,42.36,42.5,NA,NA,NA,NA,NA,NA,NA,NA,NA,NA,NA,NA,NA,NA,NA,NA
"FFS7CONTROL_5042",31.9,32.02,32.14,32.26,32.38,32.5,32.64,32.78,32.92,33.06,33.2,33,NA,NA,NA,NA,NA,NA,NA,NA,NA,NA,NA,NA,NA,NA,NA,NA,NA,NA,NA,NA
"FFS7CONTROL_5043",79.8,79.92,80.04,80.16,80.28,80.4,80.74,81.08,81.42,81.76,82.1,82.3,82.5,82.7,82.9,83.1,NA,NA,NA,NA,NA,NA,NA,NA,NA,NA,NA,NA,NA,NA,NA,NA
"FFS7CONTROL_5047",89.4,89.98,90.56,91.14,91.72,92.3,93,93.7,94.4,95.1,95.8,96.24,96.68,97.12,97.56,98,NA,NA,NA,NA,NA,NA,NA,NA,NA,NA,NA,NA,NA,NA,NA,NA
"FFS7CONTROL_5049",NA,NA,NA,NA,NA,NA,NA,NA,NA,NA,15.6,15.86,16.12,16.38,16.64,16.9,NA,NA,NA,NA,NA,NA,NA,NA,NA,NA,NA,NA,NA,NA,NA,NA
"FFS7CONTROL_5053",15.7,15.98,16.26,16.54,16.82,17.1,17.4,17.7,18,18.3,18.6,18.98,19.36,19.74,20.12,20.5,NA,NA,NA,NA,NA,NA,NA,NA,NA,NA,NA,NA,NA,NA,NA,NA
"FFS7CONTROL_5057",37.6,38.18,38.76,39.34,39.92,40.5,40.88,41.26,41.64,42.02,42.4,42.56,42.72,42.88,43.04,43.2,NA,NA,NA,NA,NA,NA,NA,NA,NA,NA,NA,NA,NA,NA,NA,NA
"FFS7CONTROL_5058",23.3,23.6,23.9,24.2,24.5,24.8,25.06,25.32,25.58,25.84,26.1,26.1,26.1,26.1,NA,NA,NA,NA,NA,NA,NA,NA,NA,NA,NA,NA,NA,NA,NA,NA,NA,NA
"FFS7CONTROL_5060",99.7,100.44,101.18,101.92,102.66,103.4,104.02,104.64,105.26,105.88,106.5,106.8,107.1,107.4,107.7,108,NA,NA,NA,NA,NA,NA,NA,NA,NA,NA,NA,NA,NA,NA,NA,NA
"FFS7CONTROL_5061",28.8,29.12,29.44,29.76,30.08,30.4,30.72,31.04,31.36,31.68,32,32.16,32.32,32.48,32.64,32.8,NA,NA,NA,NA,NA,NA,NA,NA,NA,NA,NA,NA,NA,NA,NA,NA
"FFS7CONTROL_5062",23.6,23.8,24,24.2,24.4,24.6,24.94,25.28,25.62,25.96,26.3,26.28,26.26,26.24,26.22,26.2,NA,NA,NA,NA,NA,NA,NA,NA,NA,NA,NA,NA,NA,NA,NA,NA
"FFS7CONTROL_5064",88.2,88.38,88.56,88.74,88.92,89.1,89.42,89.74,90.06,90.38,90.7,90.5,NA,NA,NA,NA,NA,NA,NA,NA,NA,NA,NA,NA,NA,NA,NA,NA,NA,NA,NA,NA
"FFS7CONTROL_5065",22.3,22.44,22.58,22.72,22.86,23,23.08,23.16,23.24,23.32,23.4,23.5,23.6,NA,NA,NA,NA,NA,NA,NA,NA,NA,NA,NA,NA,NA,NA,NA,NA,NA,NA,NA
"FFS7CONTROL_5068",18.6,18.74,18.88,19.02,19.16,19.3,19.36,19.42,19.48,19.54,19.6,19.8,20,20.2,20.4,20.6,NA,NA,NA,NA,NA,NA,NA,NA,NA,NA,NA,NA,NA,NA,NA,NA
"FFS7CONTROL_5070",15,15.0833333333333,15.1666666666667,15.25,15.3333333333333,15.4166666666667,15.5,15.4,15.3,15.2,NA,NA,NA,NA,NA,NA,NA,NA,NA,NA,NA,NA,NA,NA,NA,NA,NA,NA,NA,NA,NA,NA
"FFS7CONTROL_5073",69.9,70.44,70.98,71.52,72.06,72.6,73.2,73.8,74.4,75,75.6,75.98,76.36,76.74,77.12,77.5,NA,NA,NA,NA,NA,NA,NA,NA,NA,NA,NA,NA,NA,NA,NA,NA
"FFS7CONTROL_5076",33,33.16,33.32,33.48,33.64,33.8,33.86,33.92,33.98,34.04,34.1,34.24,34.38,34.52,34.66,34.8,NA,NA,NA,NA,NA,NA,NA,NA,NA,NA,NA,NA,NA,NA,NA,NA
"FFS7CONTROL_5078",176.5,176.62,176.74,176.86,176.98,177.1,177.12,177.14,177.16,177.18,177.2,177.76,178.32,178.88,179.44,180,NA,NA,NA,NA,NA,NA,NA,NA,NA,NA,NA,NA,NA,NA,NA,NA
"FFS7CONTROL_5080",45.8,46,46.2,46.4,46.6,46.8,47.04,47.28,47.52,47.76,48,48.2,48.4,48.6,48.8,49,NA,NA,NA,NA,NA,NA,NA,NA,NA,NA,NA,NA,NA,NA,NA,NA
"FFS7CONTROL_5081",159.4,159.56,159.72,159.88,160.04,160.2,160.62,161.04,161.46,161.88,162.3,NA,NA,NA,NA,NA,NA,NA,NA,NA,NA,NA,NA,NA,NA,NA,NA,NA,NA,NA,NA,NA
"FFS7CONTROL_5083",142.6,142.94,143.28,143.62,143.96,144.3,144.42,144.54,144.66,144.78,144.9,144.88,144.86,144.84,144.82,144.8,NA,NA,NA,NA,NA,NA,NA,NA,NA,NA,NA,NA,NA,NA,NA,NA
"FFS7CONTROL_5084",68.8,69,69.2,69.4,69.6,69.8,70.04,70.28,70.52,70.76,71,71.2,NA,NA,NA,NA,NA,NA,NA,NA,NA,NA,NA,NA,NA,NA,NA,NA,NA,NA,NA,NA
"FFS7CONTROL_5086",NA,NA,NA,NA,NA,15.7,15.96,16.22,16.48,16.74,17,17.32,17.64,17.96,18.28,18.6,NA,NA,NA,NA,NA,NA,NA,NA,NA,NA,NA,NA,NA,NA,NA,NA
"FFS7CONTROL_5088",50.3,50.7,51.1,51.5,51.9,52.3,52.76,53.22,53.68,54.14,54.6,55.08,55.56,56.04,56.52,57,NA,NA,NA,NA,NA,NA,NA,NA,NA,NA,NA,NA,NA,NA,NA,NA
"FFS7CONTROL_5089",21,21.02,21.04,21.06,21.08,21.1,21.16,21.22,21.28,21.34,21.4,NA,NA,NA,NA,NA,NA,NA,NA,NA,NA,NA,NA,NA,NA,NA,NA,NA,NA,NA,NA,NA
"FFS7CONTROL_5095",25.6,26.06,26.52,26.98,27.44,27.9,28.2,28.5,28.8,29.1,29.4,29.45,29.5,NA,NA,NA,NA,NA,NA,NA,NA,NA,NA,NA,NA,NA,NA,NA,NA,NA,NA,NA
"FFS7CONTROL_5099",123.8,123.88,123.96,124.04,124.12,124.2,124,123.8,123.6,123.4,123.2,123.32,123.44,123.56,123.68,123.8,NA,NA,NA,NA,NA,NA,NA,NA,NA,NA,NA,NA,NA,NA,NA,NA
"FFS7CONTROL_5402",20,20.26,20.52,20.78,21.04,21.3,21.52,21.74,21.96,22.18,22.4,22.6,22.8,23,23.2,23.4,NA,NA,NA,NA,NA,NA,NA,NA,NA,NA,NA,NA,NA,NA,NA,NA
"FFS7CONTROL_5404",22.6,23.04,23.48,23.92,24.36,24.8,24.9,25,25.1,NA,NA,NA,NA,NA,NA,NA,NA,NA,NA,NA,NA,NA,NA,NA,NA,NA,NA,NA,NA,NA,NA,NA
"FFS7CONTROL_5406",16.5,16.46,16.42,16.38,16.34,16.3,16.2666666666667,16.2333333333333,16.2,NA,NA,NA,NA,NA,NA,NA,NA,NA,NA,NA,NA,NA,NA,NA,NA,NA,NA,NA,NA,NA,NA,NA
"FFS7CONTROL_5409",25,25.26,25.52,25.78,26.04,26.3,26.8,27.3,27.8,28.3,28.8,29.3,29.8,30.3,30.8,31.3,NA,NA,NA,NA,NA,NA,NA,NA,NA,NA,NA,NA,NA,NA,NA,NA
"FFS7CONTROL_5414",NA,NA,NA,NA,NA,NA,NA,NA,NA,NA,15.4,15.4,15.4,15.4,NA,NA,NA,NA,NA,NA,NA,NA,NA,NA,NA,NA,NA,NA,NA,NA,NA,NA
"FFS7CONTROL_5416",21.1,21.48,21.86,22.24,22.62,23,23.42,23.84,24.26,24.68,25.1,25.42,25.74,26.06,26.38,26.7,NA,NA,NA,NA,NA,NA,NA,NA,NA,NA,NA,NA,NA,NA,NA,NA
"FFS7CONTROL_5417",NA,NA,NA,NA,NA,NA,NA,NA,NA,NA,15.7,16.04,16.38,16.72,17.06,17.4,NA,NA,NA,NA,NA,NA,NA,NA,NA,NA,NA,NA,NA,NA,NA,NA
"FFS7CONTROL_5423",43,43.54,44.08,44.62,45.16,45.7,46.04,46.38,46.72,47.06,47.4,47.62,47.84,48.06,48.28,48.5,NA,NA,NA,NA,NA,NA,NA,NA,NA,NA,NA,NA,NA,NA,NA,NA
"FFS7CONTROL_5424",25.3,25.58,25.86,26.14,26.42,26.7,27,27.3,27.6,27.9,28.2,28.06,27.92,27.78,27.64,27.5,NA,NA,NA,NA,NA,NA,NA,NA,NA,NA,NA,NA,NA,NA,NA,NA
"FFS7CONTROL_5432",22,22.1,22.2,22.3,22.4,NA,NA,NA,NA,NA,NA,NA,NA,NA,NA,NA,NA,NA,NA,NA,NA,NA,NA,NA,NA,NA,NA,NA,NA,NA,NA,NA
"FFS7CONTROL_5436",20.8,20.98,21.16,21.34,21.52,21.7,21.78,21.86,21.94,22.02,22.1,22.74,23.38,24.02,24.66,25.3,NA,NA,NA,NA,NA,NA,NA,NA,NA,NA,NA,NA,NA,NA,NA,NA
"FFS7CONTROL_5440",46.9,47.18,47.46,47.74,48.02,48.3,48.7,49.1,49.5,49.9,50.3,50.82,51.34,51.86,52.38,52.9,NA,NA,NA,NA,NA,NA,NA,NA,NA,NA,NA,NA,NA,NA,NA,NA
"FFS7CONTROL_5443",70,70.7,71.4,72.1,72.8,73.5,74.22,74.94,75.66,76.38,77.1,77.7,78.3,78.9,79.5,80.1,NA,NA,NA,NA,NA,NA,NA,NA,NA,NA,NA,NA,NA,NA,NA,NA
"FFS7CONTROL_5448",17.8,17.94,18.08,18.22,18.36,18.5,18.78,19.06,19.34,19.62,19.9,20.28,20.66,21.04,21.42,21.8,NA,NA,NA,NA,NA,NA,NA,NA,NA,NA,NA,NA,NA,NA,NA,NA
"FFS7CONTROL_5450",75,75.48,75.96,76.44,76.92,77.4,77.88,78.36,78.84,79.32,79.8,80.24,80.68,81.12,81.56,82,NA,NA,NA,NA,NA,NA,NA,NA,NA,NA,NA,NA,NA,NA,NA,NA
"FFS7CONTROL_5451",37.6,38.14,38.68,39.22,39.76,40.3,40.68,41.06,41.44,41.82,42.2,42.56,42.92,43.28,43.64,44,NA,NA,NA,NA,NA,NA,NA,NA,NA,NA,NA,NA,NA,NA,NA,NA
"FFS7CONTROL_5452",17.2,17.58,17.96,18.34,18.72,19.1,19.32,19.54,19.76,19.98,20.2,20.32,20.44,20.56,20.68,20.8,NA,NA,NA,NA,NA,NA,NA,NA,NA,NA,NA,NA,NA,NA,NA,NA
"FFS7CONTROL_5455",34.4,34.98,35.56,36.14,36.72,37.3,37.94,38.58,39.22,39.86,40.5,41.18,41.86,42.54,43.22,43.9,NA,NA,NA,NA,NA,NA,NA,NA,NA,NA,NA,NA,NA,NA,NA,NA
"FFS7CONTROL_5458",22.5,22.8,23.1,23.4,23.7,24,24.36,24.72,25.08,25.44,25.8,25.8,25.8,25.8,NA,NA,NA,NA,NA,NA,NA,NA,NA,NA,NA,NA,NA,NA,NA,NA,NA,NA
"FFS7CONTROL_5459",108.2,108.38,108.56,108.74,108.92,109.1,109.72,110.34,110.96,111.58,112.2,112.6,113,113.4,113.8,114.2,NA,NA,NA,NA,NA,NA,NA,NA,NA,NA,NA,NA,NA,NA,NA,NA
"FFS7CONTROL_5505",119.1,119.66,120.22,120.78,121.34,121.9,122.14,122.38,122.62,122.86,123.1,123.5,123.9,124.3,124.7,125.1,NA,NA,NA,NA,NA,NA,NA,NA,NA,NA,NA,NA,NA,NA,NA,NA
"FFS7CONTROL_5511",60.5,60.36,60.22,60.08,59.94,59.8,60.06,60.32,60.58,60.84,61.1,61.22,61.34,61.46,61.58,61.7,NA,NA,NA,NA,NA,NA,NA,NA,NA,NA,NA,NA,NA,NA,NA,NA
"FFS7CONTROL_5515",36.4,36.72,37.04,37.36,37.68,38,38.32,38.64,38.96,39.28,39.6,40.1,40.6,41.1,41.6,42.1,NA,NA,NA,NA,NA,NA,NA,NA,NA,NA,NA,NA,NA,NA,NA,NA
"FFS7CONTROL_5516",NA,NA,NA,NA,NA,16.5,16.78,17.06,17.34,17.62,17.9,18.18,18.46,18.74,19.02,19.3,NA,NA,NA,NA,NA,NA,NA,NA,NA,NA,NA,NA,NA,NA,NA,NA
"FFS7CONTROL_5519",66.3,66.9,67.5,68.1,68.7,69.3,69.88,70.46,71.04,71.62,72.2,72.84,73.48,74.12,74.76,75.4,NA,NA,NA,NA,NA,NA,NA,NA,NA,NA,NA,NA,NA,NA,NA,NA
"FFS7CONTROL_5533",32,32.24,32.48,32.72,32.96,33.2,33.58,33.96,34.34,34.72,35.1,35.34,35.58,35.82,36.06,36.3,NA,NA,NA,NA,NA,NA,NA,NA,NA,NA,NA,NA,NA,NA,NA,NA
"FFS7CONTROL_5535",17.6,17.82,18.04,18.26,18.48,18.7,18.8,18.9,19,19.1,19.2,19.34,19.48,19.62,19.76,19.9,NA,NA,NA,NA,NA,NA,NA,NA,NA,NA,NA,NA,NA,NA,NA,NA
"FFS7CONTROL_5536",56,56.62,57.24,57.86,58.48,59.1,59.74,60.38,61.02,61.66,62.3,62.78,63.26,63.74,64.22,64.7,NA,NA,NA,NA,NA,NA,NA,NA,NA,NA,NA,NA,NA,NA,NA,NA
"FFS7CONTROL_5538",30.3,30.58,30.86,31.14,31.42,31.7,31.94,32.18,32.42,32.66,32.9,33.1,33.3,33.5,33.7,33.9,NA,NA,NA,NA,NA,NA,NA,NA,NA,NA,NA,NA,NA,NA,NA,NA
"FFS7CONTROL_5539",16.1,16.14,16.18,16.22,16.26,16.3,NA,NA,NA,NA,NA,NA,NA,NA,NA,NA,NA,NA,NA,NA,NA,NA,NA,NA,NA,NA,NA,NA,NA,NA,NA,NA
"FFS7CONTROL_5541",28.3,28.3,28.3,28.3,28.3,28.3,28.54,28.78,29.02,29.26,29.5,29.5,29.5,29.5,29.5,29.5,NA,NA,NA,NA,NA,NA,NA,NA,NA,NA,NA,NA,NA,NA,NA,NA
"FFS7CONTROL_5546",74,74.58,75.16,75.74,76.32,76.9,77.4,77.9,78.4,78.9,79.4,79.88,80.36,80.84,81.32,81.8,NA,NA,NA,NA,NA,NA,NA,NA,NA,NA,NA,NA,NA,NA,NA,NA
"FFS7CONTROL_5548",79.4,79.34,79.28,79.22,79.16,79.1,79.2,79.3,79.4,79.5,79.6,79.54,79.48,79.42,79.36,79.3,NA,NA,NA,NA,NA,NA,NA,NA,NA,NA,NA,NA,NA,NA,NA,NA
"FFS7CONTROL_5549",69.5,69.8,70.1,70.4,70.7,71,71.24,71.48,71.72,71.96,72.2,72.5,72.8,73.1,73.4,73.7,NA,NA,NA,NA,NA,NA,NA,NA,NA,NA,NA,NA,NA,NA,NA,NA
"FFS7CONTROL_5554",29,28.65,28.3,NA,NA,NA,NA,NA,NA,NA,NA,NA,NA,NA,NA,NA,NA,NA,NA,NA,NA,NA,NA,NA,NA,NA,NA,NA,NA,NA,NA,NA
"FFS7CONTROL_5557",17.9,18.12,18.34,18.56,18.78,19,19.3,19.6,19.9,20.2,20.5,20.84,21.18,21.52,21.86,22.2,NA,NA,NA,NA,NA,NA,NA,NA,NA,NA,NA,NA,NA,NA,NA,NA
"FFS7CONTROL_5562",21.6,21.96,22.32,22.68,23.04,23.4,23.84,24.28,24.72,25.16,25.6,25.84,26.08,26.32,26.56,26.8,NA,NA,NA,NA,NA,NA,NA,NA,NA,NA,NA,NA,NA,NA,NA,NA
"FFS7CONTROL_5566",95.5,95.7,95.9,96.1,96.3,96.5,96.54,96.58,96.62,96.66,96.7,96.82,96.94,97.06,97.18,97.3,NA,NA,NA,NA,NA,NA,NA,NA,NA,NA,NA,NA,NA,NA,NA,NA
"FFS7CONTROL_5567",49,49.3,NA,NA,NA,NA,NA,NA,NA,NA,NA,NA,NA,NA,NA,NA,NA,NA,NA,NA,NA,NA,NA,NA,NA,NA,NA,NA,NA,NA,NA,NA
"FFS7CONTROL_5568",27.2,27.42,27.64,27.86,28.08,28.3,28.64,28.98,29.32,29.66,30,30.12,30.24,30.36,30.48,30.6,NA,NA,NA,NA,NA,NA,NA,NA,NA,NA,NA,NA,NA,NA,NA,NA
"FFS7CONTROL_5577",111.7,111.84,111.98,112.12,112.26,112.4,112.44,112.48,112.52,112.56,112.6,NA,NA,NA,NA,NA,NA,NA,NA,NA,NA,NA,NA,NA,NA,NA,NA,NA,NA,NA,NA,NA
"FFS7CONTROL_5578",NA,NA,NA,NA,NA,NA,NA,NA,NA,NA,16.5,17.2,17.9,18.6,19.3,20,NA,NA,NA,NA,NA,NA,NA,NA,NA,NA,NA,NA,NA,NA,NA,NA
"FFS7CONTROL_5584",72,72.52,73.04,73.56,74.08,74.6,75.18,75.76,76.34,76.92,77.5,78.02,78.54,79.06,79.58,80.1,NA,NA,NA,NA,NA,NA,NA,NA,NA,NA,NA,NA,NA,NA,NA,NA
"FFS7CONTROL_5585",21.4,21.46,21.52,21.58,21.64,21.7,21.9,22.1,22.3,22.5,22.7,22.78,22.86,22.94,23.02,23.1,NA,NA,NA,NA,NA,NA,NA,NA,NA,NA,NA,NA,NA,NA,NA,NA
"FFS7CONTROL_5586",35.8,35.72,35.64,35.56,35.48,35.4,35.38,35.36,35.34,35.32,35.3,35.42,35.54,35.66,35.78,35.9,NA,NA,NA,NA,NA,NA,NA,NA,NA,NA,NA,NA,NA,NA,NA,NA
"FFS7CONTROL_5589",18.2,17.97,17.74,17.51,17.28,17.05,16.82,16.59,16.36,16.13,15.9,15.94,15.98,16.02,16.06,16.1,NA,NA,NA,NA,NA,NA,NA,NA,NA,NA,NA,NA,NA,NA,NA,NA
"FFS7CONTROL_5594",120.1,120.86,121.62,122.38,123.14,123.9,124.54,125.18,125.82,126.46,127.1,127.78,128.46,129.14,129.82,130.5,NA,NA,NA,NA,NA,NA,NA,NA,NA,NA,NA,NA,NA,NA,NA,NA
"FFS7CONTROL_5598",36.9,37.46,38.02,38.58,39.14,39.7,40.46,41.22,41.98,42.74,43.5,43.8,44.1,44.4,44.7,45,NA,NA,NA,NA,NA,NA,NA,NA,NA,NA,NA,NA,NA,NA,NA,NA
"FFS7CONTROL_5701",32.7,32.86,33.02,33.18,33.34,33.5,33.6,33.7,33.8,NA,NA,NA,NA,NA,NA,NA,NA,NA,NA,NA,NA,NA,NA,NA,NA,NA,NA,NA,NA,NA,NA,NA
"FFS7CONTROL_5703",15.2,15.28,15.36,15.44,15.52,15.6,15.7666666666667,15.9333333333333,16.1,NA,NA,NA,NA,NA,NA,NA,NA,NA,NA,NA,NA,NA,NA,NA,NA,NA,NA,NA,NA,NA,NA,NA
"FFS7CONTROL_5707",25.3,25.2,NA,NA,NA,NA,NA,NA,NA,NA,NA,NA,NA,NA,NA,NA,NA,NA,NA,NA,NA,NA,NA,NA,NA,NA,NA,NA,NA,NA,NA,NA
"FFS7CONTROL_5709",25,25.04,25.08,25.12,25.16,25.2,25.34,25.48,25.62,25.76,25.9,25.96,26.02,26.08,26.14,26.2,NA,NA,NA,NA,NA,NA,NA,NA,NA,NA,NA,NA,NA,NA,NA,NA
"FFS7CONTROL_5710",29,29.7,30.4,31.1,31.8,32.5,33.18,33.86,34.54,35.22,35.9,36.46,37.02,37.58,38.14,38.7,NA,NA,NA,NA,NA,NA,NA,NA,NA,NA,NA,NA,NA,NA,NA,NA
"FFS7CONTROL_5711",24.3,24.32,24.34,24.36,24.38,24.4,24.52,24.64,24.76,24.88,25,25.08,25.16,25.24,25.32,25.4,NA,NA,NA,NA,NA,NA,NA,NA,NA,NA,NA,NA,NA,NA,NA,NA
"FFS7CONTROL_5712",15.9,16.26,16.62,16.98,17.34,17.7,18.12,18.54,18.96,19.38,19.8,20.34,20.88,21.42,21.96,22.5,NA,NA,NA,NA,NA,NA,NA,NA,NA,NA,NA,NA,NA,NA,NA,NA
"FFS7CONTROL_5714",69,69.64,70.28,70.92,71.56,72.2,72.92,73.64,74.36,75.08,75.8,76.28,76.76,77.24,77.72,78.2,NA,NA,NA,NA,NA,NA,NA,NA,NA,NA,NA,NA,NA,NA,NA,NA
"FFS7CONTROL_5720",65.1,65.72,66.34,66.96,67.58,68.2,68.82,69.44,70.06,70.68,71.3,71.72,72.14,72.56,72.98,73.4,NA,NA,NA,NA,NA,NA,NA,NA,NA,NA,NA,NA,NA,NA,NA,NA
"FFS7CONTROL_5723",110.2,110.15,110.1,110.05,110,NA,NA,NA,NA,NA,NA,NA,NA,NA,NA,NA,NA,NA,NA,NA,NA,NA,NA,NA,NA,NA,NA,NA,NA,NA,NA,NA
"FFS7CONTROL_5724",22.8,23.2,23.6,24,24.4,24.8,25.2,25.6,26,26.4,26.8,27.38,27.96,28.54,29.12,29.7,NA,NA,NA,NA,NA,NA,NA,NA,NA,NA,NA,NA,NA,NA,NA,NA
"FFS7CONTROL_5725",21.4,21.62,21.84,22.06,22.28,22.5,22.475,22.45,22.425,22.4,NA,NA,NA,NA,NA,NA,NA,NA,NA,NA,NA,NA,NA,NA,NA,NA,NA,NA,NA,NA,NA,NA
"FFS7CONTROL_5727",32.2,32.6,33,33.4,33.8,34.2,34.8,35.4,36,36.6,37.2,37.66,38.12,38.58,39.04,39.5,NA,NA,NA,NA,NA,NA,NA,NA,NA,NA,NA,NA,NA,NA,NA,NA
"FFS7CONTROL_5734",49.2,49.76,50.32,50.88,51.44,52,52.62,53.24,53.86,54.48,55.1,55.82,56.54,57.26,57.98,58.7,NA,NA,NA,NA,NA,NA,NA,NA,NA,NA,NA,NA,NA,NA,NA,NA
"FFS7CONTROL_5735",15,15.3,15.6,15.9,16.2,16.5,16.66,16.82,16.98,17.14,17.3,17.34,17.38,17.42,17.46,17.5,NA,NA,NA,NA,NA,NA,NA,NA,NA,NA,NA,NA,NA,NA,NA,NA
"FFS7CONTROL_5736",41.3,41.62,41.94,42.26,42.58,42.9,43.14,43.38,43.62,43.86,44.1,44.36,44.62,44.88,45.14,45.4,NA,NA,NA,NA,NA,NA,NA,NA,NA,NA,NA,NA,NA,NA,NA,NA
"FFS7CONTROL_5747",18.2,18.46,18.72,18.98,19.24,19.5,19.72,19.94,20.16,20.38,20.6,20.84,21.08,21.32,21.56,21.8,NA,NA,NA,NA,NA,NA,NA,NA,NA,NA,NA,NA,NA,NA,NA,NA
"FFS7CONTROL_5749",19,19.54,20.08,20.62,21.16,21.7,22.1,22.5,22.9,23.3,23.7,24.18,24.66,25.14,25.62,26.1,NA,NA,NA,NA,NA,NA,NA,NA,NA,NA,NA,NA,NA,NA,NA,NA
"FFS7CONTROL_5756",21,21.26,21.52,21.78,22.04,22.3,NA,NA,NA,NA,NA,NA,NA,NA,NA,NA,NA,NA,NA,NA,NA,NA,NA,NA,NA,NA,NA,NA,NA,NA,NA,NA
"FFS7CONTROL_5760",27.2,27.42,27.64,27.86,28.08,28.3,28.54,28.78,29.02,29.26,29.5,29.7,29.9,30.1,30.3,30.5,NA,NA,NA,NA,NA,NA,NA,NA,NA,NA,NA,NA,NA,NA,NA,NA
"FFS7CONTROL_5766",18.5,18.72,18.94,19.16,19.38,19.6,19.86,20.12,20.38,20.64,20.9,21,21.1,21.2,21.3,21.4,NA,NA,NA,NA,NA,NA,NA,NA,NA,NA,NA,NA,NA,NA,NA,NA
"FFS7CONTROL_5768",15,15.22,15.44,15.66,15.88,16.1,16.1,16.1,16.1,16.1,16.1,16.24,16.38,16.52,16.66,16.8,NA,NA,NA,NA,NA,NA,NA,NA,NA,NA,NA,NA,NA,NA,NA,NA
"FFS7CONTROL_5769",22.4,22.76,23.12,23.48,23.84,24.2,24.54,24.88,25.22,25.56,25.9,26.26,26.62,26.98,27.34,27.7,NA,NA,NA,NA,NA,NA,NA,NA,NA,NA,NA,NA,NA,NA,NA,NA
"FFS7CONTROL_5770",32.2,32.46,32.72,32.98,33.24,33.5,33.76,34.02,34.28,34.54,34.8,34.96,35.12,35.28,35.44,35.6,NA,NA,NA,NA,NA,NA,NA,NA,NA,NA,NA,NA,NA,NA,NA,NA
"FFS7CONTROL_5771",18.3,18.54,18.78,19.02,19.26,19.5,19.68,19.86,20.04,20.22,20.4,20.62,20.84,21.06,21.28,21.5,NA,NA,NA,NA,NA,NA,NA,NA,NA,NA,NA,NA,NA,NA,NA,NA
"FFS7CONTROL_5772",28.6,28.86,29.12,29.38,29.64,29.9,30.12,30.34,30.56,30.78,31,31.22,31.44,31.66,31.88,32.1,NA,NA,NA,NA,NA,NA,NA,NA,NA,NA,NA,NA,NA,NA,NA,NA
"FFS7CONTROL_5773",23.9,23.98,24.06,24.14,24.22,24.3,24.44,24.58,24.72,24.86,25,25.02,25.04,25.06,25.08,25.1,NA,NA,NA,NA,NA,NA,NA,NA,NA,NA,NA,NA,NA,NA,NA,NA
"FFS7CONTROL_5775",40.9,41.32,41.74,42.16,42.58,43,43.44,43.88,44.32,44.76,45.2,45.54,45.88,46.22,46.56,46.9,NA,NA,NA,NA,NA,NA,NA,NA,NA,NA,NA,NA,NA,NA,NA,NA
"FFS7CONTROL_5779",131,131.76,132.52,133.28,134.04,134.8,135.4,136,136.6,137.2,137.8,138.46,139.12,139.78,140.44,141.1,NA,NA,NA,NA,NA,NA,NA,NA,NA,NA,NA,NA,NA,NA,NA,NA
"FFS7CONTROL_5786",64.6,64.88,65.16,65.44,65.72,66,66.18,66.36,66.54,66.72,66.9,66.8,66.7,NA,NA,NA,NA,NA,NA,NA,NA,NA,NA,NA,NA,NA,NA,NA,NA,NA,NA,NA
"FFS7CONTROL_5787",31.6,31.8,32,32.2,32.4,32.6,32.9,33.2,33.5,33.8,34.1,34.24,34.38,34.52,34.66,34.8,NA,NA,NA,NA,NA,NA,NA,NA,NA,NA,NA,NA,NA,NA,NA,NA
"FFS7CONTROL_5789",NA,NA,NA,NA,NA,NA,NA,NA,NA,NA,16,16.34,16.68,17.02,17.36,17.7,NA,NA,NA,NA,NA,NA,NA,NA,NA,NA,NA,NA,NA,NA,NA,NA
"FFS7CONTROL_5790",18.2,18.12,18.04,17.96,17.88,17.8,17.6,NA,NA,NA,NA,NA,NA,NA,NA,NA,NA,NA,NA,NA,NA,NA,NA,NA,NA,NA,NA,NA,NA,NA,NA,NA
"FFS7CONTROL_5792",18.5,18.58,18.66,18.74,18.82,18.9,19.08,19.26,19.44,19.62,19.8,20.02,20.24,20.46,20.68,20.9,NA,NA,NA,NA,NA,NA,NA,NA,NA,NA,NA,NA,NA,NA,NA,NA
"FFS7CONTROL_5795",NA,NA,NA,NA,NA,15.6,15.62,15.64,15.66,15.68,15.7,15.78,15.86,15.94,16.02,16.1,NA,NA,NA,NA,NA,NA,NA,NA,NA,NA,NA,NA,NA,NA,NA,NA
"FFS7CONTROL_5798",93.2,94.02,94.84,95.66,96.48,97.3,97.26,97.22,97.18,97.14,97.1,97.42,97.74,98.06,98.38,98.7,NA,NA,NA,NA,NA,NA,NA,NA,NA,NA,NA,NA,NA,NA,NA,NA
"FFS7CONTROL_5801",15.6,15.78,15.96,16.14,16.32,16.5,16.7,16.9,17.1,17.3,17.5,17.62,17.74,17.86,17.98,18.1,NA,NA,NA,NA,NA,NA,NA,NA,NA,NA,NA,NA,NA,NA,NA,NA
"FFS7CONTROL_5802",52.5,52.6,52.7,52.8,52.9,53,53.48,53.96,54.44,54.92,55.4,55.6,55.8,56,56.2,56.4,NA,NA,NA,NA,NA,NA,NA,NA,NA,NA,NA,NA,NA,NA,NA,NA
"FFS7CONTROL_5806",21.6,21.92,22.24,22.56,22.88,23.2,23.48,23.76,24.04,24.32,24.6,24.94,25.28,25.62,25.96,26.3,NA,NA,NA,NA,NA,NA,NA,NA,NA,NA,NA,NA,NA,NA,NA,NA
"FFS7CONTROL_5809",NA,NA,NA,NA,NA,NA,NA,NA,NA,NA,15,15.06,15.12,15.18,15.24,15.3,NA,NA,NA,NA,NA,NA,NA,NA,NA,NA,NA,NA,NA,NA,NA,NA
"FFS7CONTROL_5812",25.6,25.78,25.96,26.14,26.32,26.5,26.64,26.78,26.92,27.06,27.2,26.75,26.3,NA,NA,NA,NA,NA,NA,NA,NA,NA,NA,NA,NA,NA,NA,NA,NA,NA,NA,NA
"FFS7CONTROL_5813",95.9,96.42,96.94,97.46,97.98,98.5,99.16,99.82,100.48,101.14,101.8,101.76,101.72,101.68,101.64,101.6,NA,NA,NA,NA,NA,NA,NA,NA,NA,NA,NA,NA,NA,NA,NA,NA
"FFS7CONTROL_5814",17,17.42,17.84,18.26,18.68,19.1,19.5,19.9,20.3,20.7,21.1,21.1,21.1,21.1,NA,NA,NA,NA,NA,NA,NA,NA,NA,NA,NA,NA,NA,NA,NA,NA,NA,NA
"FFS7CONTROL_5816",30.8,31.36,31.92,32.48,33.04,33.6,34.18,34.76,35.34,35.92,36.5,37.18,37.86,38.54,39.22,39.9,NA,NA,NA,NA,NA,NA,NA,NA,NA,NA,NA,NA,NA,NA,NA,NA
"FFS7CONTROL_5817",97.5,97.66,97.82,97.98,98.14,98.3,98.52,98.74,98.96,99.18,99.4,99.38,99.36,99.34,99.32,99.3,NA,NA,NA,NA,NA,NA,NA,NA,NA,NA,NA,NA,NA,NA,NA,NA
"FFS7CONTROL_5824",31.6,31.78,31.96,32.14,32.32,32.5,32.88,33.26,33.64,34.02,34.4,34.2,34,NA,NA,NA,NA,NA,NA,NA,NA,NA,NA,NA,NA,NA,NA,NA,NA,NA,NA,NA
"FFS7CONTROL_5830",88.6,89.4,90.2,91,91.8,92.6,93.34,94.08,94.82,95.56,96.3,96.5,NA,NA,NA,NA,NA,NA,NA,NA,NA,NA,NA,NA,NA,NA,NA,NA,NA,NA,NA,NA
"FFS7CONTROL_5833",15.8,16.02,16.24,16.46,16.68,16.9,17.16,17.42,17.68,17.94,18.2,18.72,19.24,19.76,20.28,20.8,NA,NA,NA,NA,NA,NA,NA,NA,NA,NA,NA,NA,NA,NA,NA,NA
"FFS7CONTROL_5842",45.8,45.68,45.56,45.44,45.32,45.2,45.2,45.2,NA,NA,NA,NA,NA,NA,NA,NA,NA,NA,NA,NA,NA,NA,NA,NA,NA,NA,NA,NA,NA,NA,NA,NA
"FFS7CONTROL_5844",28.3,28.42,28.54,28.66,28.78,28.9,29.14,29.38,29.62,29.86,30.1,30.12,30.14,30.16,30.18,30.2,NA,NA,NA,NA,NA,NA,NA,NA,NA,NA,NA,NA,NA,NA,NA,NA
"FFS7CONTROL_5845",21.3,21.36,21.42,21.48,21.54,21.6,21.7,21.8,21.9,22,22.1,22.14,22.18,22.22,22.26,22.3,NA,NA,NA,NA,NA,NA,NA,NA,NA,NA,NA,NA,NA,NA,NA,NA
"FFS7CONTROL_5846",122.2,122.44,122.68,122.92,123.16,123.4,123.84,124.28,124.72,125.16,125.6,125.72,125.84,125.96,126.08,126.2,NA,NA,NA,NA,NA,NA,NA,NA,NA,NA,NA,NA,NA,NA,NA,NA
"FFS7CONTROL_5847",21.4,21.42,21.44,21.46,21.48,21.5,21.475,21.45,21.425,21.4,NA,NA,NA,NA,NA,NA,NA,NA,NA,NA,NA,NA,NA,NA,NA,NA,NA,NA,NA,NA,NA,NA
"FFS7CONTROL_5849",38.2,38.26,38.32,38.38,38.44,38.5,38.74,38.98,39.22,39.46,39.7,40.16,40.62,41.08,41.54,42,NA,NA,NA,NA,NA,NA,NA,NA,NA,NA,NA,NA,NA,NA,NA,NA
"FFS7CONTROL_5850",128.1,128.12,128.14,128.16,128.18,128.2,128.7,129.2,129.7,130.2,130.7,130.6,130.5,130.4,130.3,130.2,NA,NA,NA,NA,NA,NA,NA,NA,NA,NA,NA,NA,NA,NA,NA,NA
"FFS7CONTROL_5853",25.7,25.88,26.06,26.24,26.42,26.6,26.7,26.8,26.9,27,27.1,27.22,27.34,27.46,27.58,27.7,NA,NA,NA,NA,NA,NA,NA,NA,NA,NA,NA,NA,NA,NA,NA,NA
"FFS7CONTROL_5856",19.6,19.72,19.84,19.96,20.08,20.2,20.34,20.48,20.62,20.76,20.9,20.7,NA,NA,NA,NA,NA,NA,NA,NA,NA,NA,NA,NA,NA,NA,NA,NA,NA,NA,NA,NA
"FFS7CONTROL_5862",56.7,56.94,57.18,57.42,57.66,57.9,58.12,58.34,58.56,58.78,59,59.24,59.48,59.72,59.96,60.2,NA,NA,NA,NA,NA,NA,NA,NA,NA,NA,NA,NA,NA,NA,NA,NA
"FFS7CONTROL_5866",168.9,169.1,169.3,169.5,169.7,169.9,170.26,170.62,170.98,171.34,171.7,172.04,172.38,172.72,173.06,173.4,NA,NA,NA,NA,NA,NA,NA,NA,NA,NA,NA,NA,NA,NA,NA,NA
"FFS7CONTROL_5868",112.5,112.76,113.02,113.28,113.54,113.8,114.14,114.48,114.82,115.16,115.5,115.72,115.94,116.16,116.38,116.6,NA,NA,NA,NA,NA,NA,NA,NA,NA,NA,NA,NA,NA,NA,NA,NA
"FFS7CONTROL_5872",71.3,71.42,71.54,71.66,71.78,71.9,72.12,72.34,72.56,72.78,73,73.2,73.4,73.6,73.8,74,NA,NA,NA,NA,NA,NA,NA,NA,NA,NA,NA,NA,NA,NA,NA,NA
"FFS7CONTROL_5876",53.5,54.18,54.86,55.54,56.22,56.9,57.72,58.54,59.36,60.18,61,61.56,62.12,62.68,63.24,63.8,NA,NA,NA,NA,NA,NA,NA,NA,NA,NA,NA,NA,NA,NA,NA,NA
"FFS7CONTROL_5877",19.7,19.74,19.78,19.82,19.86,19.9,19.94,19.98,20.02,20.06,20.1,20.16,20.22,20.28,20.34,20.4,NA,NA,NA,NA,NA,NA,NA,NA,NA,NA,NA,NA,NA,NA,NA,NA
"FFS7CONTROL_5878",47,47.24,47.48,47.72,47.96,48.2,48.46,48.72,48.98,49.24,49.5,49.3,NA,NA,NA,NA,NA,NA,NA,NA,NA,NA,NA,NA,NA,NA,NA,NA,NA,NA,NA,NA
"FFS7CONTROL_5881",28.4,28.6,28.8,29,29.2,29.4,29.66,29.92,30.18,30.44,30.7,30.74,30.78,30.82,30.86,30.9,NA,NA,NA,NA,NA,NA,NA,NA,NA,NA,NA,NA,NA,NA,NA,NA
"FFS7CONTROL_5883",16.1,16.32,16.54,16.76,16.98,17.2,17.38,17.56,17.74,17.92,18.1,18.1,18.1,NA,NA,NA,NA,NA,NA,NA,NA,NA,NA,NA,NA,NA,NA,NA,NA,NA,NA,NA
"FFS7CONTROL_5886",22.5,22.6,22.7,22.8,22.9,23,23.14,23.28,23.42,23.56,23.7,23.62,23.54,23.46,23.38,23.3,NA,NA,NA,NA,NA,NA,NA,NA,NA,NA,NA,NA,NA,NA,NA,NA
"FFS7CONTROL_5887",19.7,19.74,19.78,19.82,19.86,19.9,20,20.1,20.2,20.3,20.4,20.3,NA,NA,NA,NA,NA,NA,NA,NA,NA,NA,NA,NA,NA,NA,NA,NA,NA,NA,NA,NA
"FFS7CONTROL_5888",41.4,41.68,41.96,42.24,42.52,42.8,43.16,43.52,43.88,44.24,44.6,44.86,45.12,45.38,45.64,45.9,NA,NA,NA,NA,NA,NA,NA,NA,NA,NA,NA,NA,NA,NA,NA,NA
"FFS7CONTROL_5890",42.3,42.46,42.62,42.78,42.94,43.1,43.36,43.62,43.88,44.14,44.4,44.38,44.36,44.34,44.32,44.3,NA,NA,NA,NA,NA,NA,NA,NA,NA,NA,NA,NA,NA,NA,NA,NA
"FFS7CONTROL_5891",81.3,81.54,81.78,82.02,82.26,82.5,82.9,83.3,83.7,84.1,84.5,84.2,83.9,NA,NA,NA,NA,NA,NA,NA,NA,NA,NA,NA,NA,NA,NA,NA,NA,NA,NA,NA
"FFS7CONTROL_5892",23.1,23.1,23.1,23.1,23.1,23.1,23.24,23.38,23.52,23.66,23.8,23.5,NA,NA,NA,NA,NA,NA,NA,NA,NA,NA,NA,NA,NA,NA,NA,NA,NA,NA,NA,NA
"FFS7CONTROL_5898",17.9,18.18,18.46,18.74,19.02,19.3,19.62,19.94,20.26,20.58,20.9,21.16,21.42,21.68,21.94,22.2,NA,NA,NA,NA,NA,NA,NA,NA,NA,NA,NA,NA,NA,NA,NA,NA
"FFS7CONTROL_5905",23.7,23.86,24.02,24.18,24.34,24.5,24.86,25.22,25.58,25.94,26.3,26.15,26,NA,NA,NA,NA,NA,NA,NA,NA,NA,NA,NA,NA,NA,NA,NA,NA,NA,NA,NA
"FFS7CONTROL_5906",24.7,24.94,25.18,25.42,25.66,25.9,26.1,26.3,26.5,26.7,26.9,27.02,27.14,27.26,27.38,27.5,NA,NA,NA,NA,NA,NA,NA,NA,NA,NA,NA,NA,NA,NA,NA,NA
"FFS7CONTROL_5909",NA,NA,NA,NA,NA,NA,NA,NA,NA,NA,16.4,16.68,16.96,17.24,17.52,17.8,NA,NA,NA,NA,NA,NA,NA,NA,NA,NA,NA,NA,NA,NA,NA,NA
"FFS7CONTROL_5910",146,146.14,146.28,146.42,146.56,146.7,147.1,147.5,147.9,148.3,148.7,149.06,149.42,149.78,150.14,150.5,NA,NA,NA,NA,NA,NA,NA,NA,NA,NA,NA,NA,NA,NA,NA,NA
"FFS7CONTROL_5913",105.5,105.56,105.62,105.68,105.74,105.8,105.86,105.92,105.98,106.04,106.1,106.08,106.06,106.04,106.02,106,NA,NA,NA,NA,NA,NA,NA,NA,NA,NA,NA,NA,NA,NA,NA,NA
"FFS7CONTROL_5916",16.1,16.12,16.14,16.16,16.18,16.2,16.32,16.44,16.56,16.68,16.8,16.8,16.8,16.8,16.8,16.8,NA,NA,NA,NA,NA,NA,NA,NA,NA,NA,NA,NA,NA,NA,NA,NA
"FFS7CONTROL_5918",130.7,131.16,131.62,132.08,132.54,133,133.3,133.6,133.9,134.2,134.5,134.92,135.34,135.76,136.18,136.6,NA,NA,NA,NA,NA,NA,NA,NA,NA,NA,NA,NA,NA,NA,NA,NA
"FFS7CONTROL_5928",122.4,122.44,122.48,122.52,122.56,122.6,122.78,122.96,123.14,123.32,123.5,123.62,123.74,123.86,123.98,124.1,NA,NA,NA,NA,NA,NA,NA,NA,NA,NA,NA,NA,NA,NA,NA,NA
"FFS7CONTROL_5929",NA,NA,NA,NA,NA,NA,NA,NA,NA,NA,15.5,15.9,16.3,16.7,17.1,17.5,NA,NA,NA,NA,NA,NA,NA,NA,NA,NA,NA,NA,NA,NA,NA,NA
"FFS7CONTROL_5931",21.7,21.68,21.66,21.64,21.62,21.6,21.68,21.76,21.84,21.92,22,22.02,22.04,22.06,22.08,22.1,NA,NA,NA,NA,NA,NA,NA,NA,NA,NA,NA,NA,NA,NA,NA,NA
"FFS7CONTROL_5932",34,34.18,34.36,34.54,34.72,34.9,35.28,35.66,36.04,36.42,36.8,37.06,37.32,37.58,37.84,38.1,NA,NA,NA,NA,NA,NA,NA,NA,NA,NA,NA,NA,NA,NA,NA,NA
"FFS7CONTROL_5934",39.8,40.1,40.4,40.7,41,41.3,41.86,42.42,42.98,43.54,44.1,44.48,44.86,45.24,45.62,46,NA,NA,NA,NA,NA,NA,NA,NA,NA,NA,NA,NA,NA,NA,NA,NA
"FFS7CONTROL_5944",17.4,17.38,17.36,17.34,17.32,17.3,17.36,17.42,17.48,17.54,17.6,17.58,17.56,17.54,17.52,17.5,NA,NA,NA,NA,NA,NA,NA,NA,NA,NA,NA,NA,NA,NA,NA,NA
"FFS7CONTROL_5946",32,32.02,32.04,32.06,32.08,32.1,32.16,32.22,32.28,32.34,32.4,32.52,32.64,32.76,32.88,33,NA,NA,NA,NA,NA,NA,NA,NA,NA,NA,NA,NA,NA,NA,NA,NA
"FFS7CONTROL_5948",30.7,30.72,30.74,30.76,30.78,30.8,30.96,31.12,31.28,31.44,31.6,31.7,31.8,31.9,32,32.1,NA,NA,NA,NA,NA,NA,NA,NA,NA,NA,NA,NA,NA,NA,NA,NA
"FFS7CONTROL_5949",65.4,65.7,66,66.3,66.6,66.9,67.26,67.62,67.98,68.34,68.7,68.98,69.26,69.54,69.82,70.1,NA,NA,NA,NA,NA,NA,NA,NA,NA,NA,NA,NA,NA,NA,NA,NA
"FFS7CONTROL_5952",18,18.1,18.2,18.3,18.4,18.5,18.58,18.66,18.74,18.82,18.9,18.98,19.06,19.14,19.22,19.3,NA,NA,NA,NA,NA,NA,NA,NA,NA,NA,NA,NA,NA,NA,NA,NA
"FFS7CONTROL_5954",30.9,31.14,31.38,31.62,31.86,32.1,32.4,32.7,33,33.3,33.6,33.78,33.96,34.14,34.32,34.5,NA,NA,NA,NA,NA,NA,NA,NA,NA,NA,NA,NA,NA,NA,NA,NA
"FFS7CONTROL_5957",NA,NA,NA,NA,NA,15,15.44,15.88,16.32,16.76,17.2,17.7,18.2,18.7,19.2,19.7,NA,NA,NA,NA,NA,NA,NA,NA,NA,NA,NA,NA,NA,NA,NA,NA
"FFS7CONTROL_5979",29.8,30.34,30.88,31.42,31.96,32.5,32.86,33.22,33.58,33.94,34.3,34.86,35.42,35.98,36.54,37.1,NA,NA,NA,NA,NA,NA,NA,NA,NA,NA,NA,NA,NA,NA,NA,NA
"FFS7CONTROL_5986",148.3,149.04,149.78,150.52,151.26,152,151.92,151.84,151.76,151.68,151.6,151.64,151.68,151.72,151.76,151.8,NA,NA,NA,NA,NA,NA,NA,NA,NA,NA,NA,NA,NA,NA,NA,NA
"FFS7CONTROL_5987",NA,NA,NA,NA,NA,15,15.26,15.52,15.78,16.04,16.3,16.66,17.02,17.38,17.74,18.1,NA,NA,NA,NA,NA,NA,NA,NA,NA,NA,NA,NA,NA,NA,NA,NA
"FFS7CONTROL_5989",89.6,90.2,90.8,91.4,92,92.6,93.26,93.92,94.58,95.24,95.9,96.4,96.9,97.4,97.9,98.4,NA,NA,NA,NA,NA,NA,NA,NA,NA,NA,NA,NA,NA,NA,NA,NA
"FFS7CONTROL_5995",19.9,20,20.1,20.2,20.3,20.4,20.56,20.72,20.88,21.04,21.2,21.4,21.6,21.8,22,22.2,NA,NA,NA,NA,NA,NA,NA,NA,NA,NA,NA,NA,NA,NA,NA,NA
"FFS7CONTROL_5997",101,101.32,101.64,101.96,102.28,102.6,104.12,105.64,107.16,108.68,110.2,110.62,111.04,111.46,111.88,112.3,NA,NA,NA,NA,NA,NA,NA,NA,NA,NA,NA,NA,NA,NA,NA,NA
"FFS7CONTROL_5998",15.8,15.88,15.96,16.04,16.12,16.2,NA,NA,NA,NA,NA,NA,NA,NA,NA,NA,NA,NA,NA,NA,NA,NA,NA,NA,NA,NA,NA,NA,NA,NA,NA,NA
"FFS7CONTROL_880",NA,NA,NA,NA,NA,124,124.3,124.6,124.9,125.2,125.5,125.7,125.9,126.1,126.3,126.5,NA,NA,NA,NA,NA,NA,NA,NA,NA,NA,NA,NA,NA,NA,NA,NA
"FFS7CONTROL_888",22.4,22.7,23,23.3,23.6,23.9,24.42,24.94,25.46,25.98,26.5,26.34,26.18,26.02,25.86,25.7,NA,NA,NA,NA,NA,NA,NA,NA,NA,NA,NA,NA,NA,NA,NA,NA
"FFS7CONTROL_889",32.6,32.88,33.16,33.44,33.72,34,34.7,35.4,36.1,36.8,37.5,37.86,38.22,38.58,38.94,39.3,NA,NA,NA,NA,NA,NA,NA,NA,NA,NA,NA,NA,NA,NA,NA,NA
"FFS7CONTROL_890",29.9,30.08,30.26,30.44,30.62,30.8,30.76,30.72,30.68,30.64,30.6,30.52,30.44,30.36,30.28,30.2,NA,NA,NA,NA,NA,NA,NA,NA,NA,NA,NA,NA,NA,NA,NA,NA
"FFS7CONTROL_891",95.9,95.88,95.86,95.84,95.82,95.8,96.2,96.6,97,97.4,97.8,97.8,97.8,97.8,97.8,97.8,NA,NA,NA,NA,NA,NA,NA,NA,NA,NA,NA,NA,NA,NA,NA,NA
"FFS7CONTROL_894",28.4,28.46,28.52,28.58,28.64,28.7,28.5,NA,NA,NA,NA,NA,NA,NA,NA,NA,NA,NA,NA,NA,NA,NA,NA,NA,NA,NA,NA,NA,NA,NA,NA,NA
